{"type":"FeatureCollection","features":[{"type":"Feature","id":1,"properties":{"OBJECTID":1,"WADMKD":"Gunung Sahari Selatan","WADMKC":"Kemayoran","WADMKK":"Kota Adm. Jakarta Pusat","KDEPUM":"31.71.03.1005","KDCPUM":"31.71.03","KDPKAB":"31.71","LUASWH":163.89000000000001,"SRS_ID":"32748"},"geometry":{"type":"Polygon","coordinates":[[[106.84462104406765,-6.153048970644709],[106.84127910364684,-6.150739893434647],[106.84107049739676,-6.152920759823795],[106.84009953373011,-6.153055669861974],[106.83966304069702,-6.153552302986978],[106.83958301695125,-6.154752730261487],[106.84038669733495,-6.158073664778111],[106.83735944494565,-6.15911623969637],[106.84057659409815,-6.171835320585343],[106.84286364424511,-6.1716036590279915],[106.84292865819181,-6.17131073636718],[106.84276449432599,-6.168776270051537],[106.84060353140667,-6.163094852064343],[106.84892744170313,-6.160644962588377],[106.85045478540682,-6.161315558912734],[106.85190608444775,-6.160972307566795],[106.85043589919601,-6.15292675434696],[106.8456920000493,-6.153492341241788],[106.84462104406765,-6.153048970644709]]]}},{"type":"Feature","id":2,"properties":{"OBJECTID":2,"WADMKD":"Cempaka Baru","WADMKC":"Kemayoran","WADMKK":"Kota Adm. Jakarta Pusat","KDEPUM":"31.71.03.1006","KDCPUM":"31.71.03","KDPKAB":"31.71","LUASWH":96.48,"SRS_ID":"32748"},"geometry":{"type":"Polygon","coordinates":[[[106.86432256381367,-6.164797238118196],[106.8618916604242,-6.163302081590327],[106.85860951861234,-6.161892101264224],[106.85854391535352,-6.162345683241744],[106.85910765526886,-6.162705244417464],[106.85731044125114,-6.165467643218898],[106.85836529316583,-6.166218347341823],[106.85897326540358,-6.166442693587668],[106.85925439037334,-6.166191907237521],[106.85979325161122,-6.166652423679367],[106.85904263062163,-6.171461304332765],[106.85688777524719,-6.171512723124077],[106.85764074197989,-6.173993701774836],[106.86041006737588,-6.173264478443679],[106.87116618895935,-6.168269722222931],[106.87070402657835,-6.167597088592241],[106.86744099092672,-6.1664783748696275],[106.86540164011065,-6.165049102728251],[106.86432256381367,-6.164797238118196]]]}},{"type":"Feature","id":3,"properties":{"OBJECTID":3,"WADMKD":"Sumur Batu","WADMKC":"Kemayoran","WADMKK":"Kota Adm. Jakarta Pusat","KDEPUM":"31.71.03.1007","KDCPUM":"31.71.03","KDPKAB":"31.71","LUASWH":113.5,"SRS_ID":"32748"},"geometry":{"type":"Polygon","coordinates":[[[106.87705764493042,-6.163533431316325],[106.86691363791323,-6.157548521916102],[106.86320228043073,-6.164180945731493],[106.86530750407346,-6.164995237196293],[106.86762939044637,-6.166560589195343],[106.8708406029947,-6.167669689735032],[106.87116618895935,-6.168269722222931],[106.87652514104548,-6.166400680754642],[106.87890340401533,-6.166419499835577],[106.88140254164104,-6.162519530751778],[106.87705764493042,-6.163533431316325]]]}},{"type":"Feature","id":4,"properties":{"OBJECTID":4,"WADMKD":"Gambir","WADMKC":"Gambir","WADMKK":"Kota Adm. Jakarta Pusat","KDEPUM":"31.71.01.1001","KDCPUM":"31.71.01","KDPKAB":"31.71","LUASWH":252.01000000000002,"SRS_ID":"32748"},"geometry":{"type":"Polygon","coordinates":[[[106.82542915388545,-6.167192166768089],[106.82095002567289,-6.167378765995173],[106.82164388805035,-6.172866609398063],[106.82062716381225,-6.175411316329008],[106.81681583492268,-6.181881906660492],[106.82237598937692,-6.183311258669053],[106.83413391212247,-6.182585795550712],[106.83657355841167,-6.181654714620808],[106.83522496800285,-6.180985285675634],[106.83508868565703,-6.1805115173274565],[106.83649806190533,-6.17915838010158],[106.83691583709593,-6.177894988257302],[106.83515679387018,-6.178411854127644],[106.83464036755068,-6.178045767313504],[106.83507069839729,-6.1765383124319495],[106.83426197931588,-6.174679133876077],[106.83300860740081,-6.175798967089815],[106.83223039359525,-6.175526197626232],[106.83313409193667,-6.172468219778578],[106.83194884831728,-6.172202633188845],[106.82989800984656,-6.171089972909808],[106.83049089325782,-6.16811306088532],[106.82542915388545,-6.167192166768089]]]}},{"type":"Feature","id":5,"properties":{"OBJECTID":5,"WADMKD":"Cideng","WADMKC":"Gambir","WADMKK":"Kota Adm. Jakarta Pusat","KDEPUM":"31.71.01.1002","KDCPUM":"31.71.01","KDPKAB":"31.71","LUASWH":126.54,"SRS_ID":"32748"},"geometry":{"type":"Polygon","coordinates":[[[106.81052661213411,-6.166009559790532],[106.8104995027822,-6.165697888005919],[106.8099684432644,-6.165692775221795],[106.80040168411543,-6.166002837140215],[106.80970906877701,-6.179623110782516],[106.81033640941666,-6.185152626564236],[106.81436829002637,-6.181857195899301],[106.81335086162466,-6.181064851145581],[106.81129369395333,-6.1727849814521205],[106.81052661213411,-6.166009559790532]]]}},{"type":"Feature","id":6,"properties":{"OBJECTID":6,"WADMKD":"Petojo Utara","WADMKC":"Gambir","WADMKK":"Kota Adm. Jakarta Pusat","KDEPUM":"31.71.01.1003","KDCPUM":"31.71.01","KDPKAB":"31.71","LUASWH":112.92,"SRS_ID":"32748"},"geometry":{"type":"Polygon","coordinates":[[[106.81914558370437,-6.1600769903525014],[106.81907103344828,-6.159759178197648],[106.81077432780123,-6.160815388397586],[106.81049152474975,-6.165382849131134],[106.81099299990359,-6.171021592104934],[106.81891282460835,-6.169549584585431],[106.82053387457584,-6.167999287736081],[106.8209452187223,-6.167385695766431],[106.81914558370437,-6.1600769903525014]]]}},{"type":"Feature","id":7,"properties":{"OBJECTID":7,"WADMKD":"Petojo Selatan","WADMKC":"Gambir","WADMKK":"Kota Adm. Jakarta Pusat","KDEPUM":"31.71.01.1004","KDCPUM":"31.71.01","KDPKAB":"31.71","LUASWH":113.87,"SRS_ID":"32748"},"geometry":{"type":"Polygon","coordinates":[[[106.81716992614578,-6.18125800811438],[106.82062716381225,-6.175411316329008],[106.8216117020588,-6.172965390559019],[106.82095898955261,-6.167540279271153],[106.81899011782505,-6.169520328091405],[106.81099299990359,-6.171021592104934],[106.81344427668353,-6.1812476515996835],[106.81445395635818,-6.18180585614398],[106.8153632947571,-6.181524703861585],[106.81668158629923,-6.1818219040417866],[106.81716992614578,-6.18125800811438]]]}},{"type":"Feature","id":8,"properties":{"OBJECTID":8,"WADMKD":"Kebon Kelapa","WADMKC":"Gambir","WADMKK":"Kota Adm. Jakarta Pusat","KDEPUM":"31.71.01.1005","KDCPUM":"31.71.01","KDPKAB":"31.71","LUASWH":78.59,"SRS_ID":"32748"},"geometry":{"type":"Polygon","coordinates":[[[106.83049229367087,-6.1670126302209285],[106.83005118615202,-6.1648950242849425],[106.82829988408135,-6.16228263269894],[106.82075067680609,-6.159577828313948],[106.8190670674206,-6.159745365028865],[106.82092257387492,-6.16737705961953],[106.82534129268386,-6.167192167652108],[106.83049092113342,-6.16811170633915],[106.83049229367087,-6.1670126302209285]]]}},{"type":"Feature","id":9,"properties":{"OBJECTID":9,"WADMKD":"Duri Pulo","WADMKC":"Gambir","WADMKK":"Kota Adm. Jakarta Pusat","KDEPUM":"31.71.01.1006","KDCPUM":"31.71.01","KDPKAB":"31.71","LUASWH":68,"SRS_ID":"32748"},"geometry":{"type":"Polygon","coordinates":[[[106.80161764113687,-6.159839263256634],[106.80156746069885,-6.1590373773223765],[106.8012783122959,-6.15903429042943],[106.80042330384367,-6.160374964123862],[106.79825650703832,-6.1615415206897515],[106.80028698508588,-6.1658840618471835],[106.80540286396537,-6.166016001929785],[106.81049616364345,-6.1656595131914615],[106.81076314296179,-6.1608184255515175],[106.80427365785162,-6.1617841184159206],[106.80289420443039,-6.161272629169905],[106.80161764113687,-6.159839263256634]]]}},{"type":"Feature","id":10,"properties":{"OBJECTID":10,"WADMKD":"Pasar Baru","WADMKC":"Sawah Besar","WADMKK":"Kota Adm. Jakarta Pusat","KDEPUM":"31.71.02.1001","KDCPUM":"31.71.02","KDPKAB":"31.71","LUASWH":177.85,"SRS_ID":"32748"},"geometry":{"type":"Polygon","coordinates":[[[106.83678539344285,-6.157890444862312],[106.83654037871466,-6.156912103226635],[106.83462410834599,-6.1574592856375165],[106.83410431310966,-6.1579206674266],[106.82753200959826,-6.15981836194879],[106.82801759890222,-6.161709066008228],[106.82979713258489,-6.164380019914966],[106.8303900832134,-6.166018431366482],[106.83046593690277,-6.168670904439246],[106.82988498525654,-6.171021808699055],[106.83179822858237,-6.172148794566078],[106.83313409193667,-6.172468219778578],[106.83218556443475,-6.17519958356434],[106.83253522441845,-6.175752312560329],[106.83286131169136,-6.174485519613294],[106.83431701943223,-6.172763682437597],[106.8363277606639,-6.175730911684834],[106.83897557015538,-6.173671511570262],[106.84057659409815,-6.171835320585343],[106.83735944494565,-6.15911623969637],[106.83711775226058,-6.159221435057214],[106.83678539344285,-6.157890444862312]]]}},{"type":"Feature","id":11,"properties":{"OBJECTID":11,"WADMKD":"Karang Anyar","WADMKC":"Sawah Besar","WADMKK":"Kota Adm. Jakarta Pusat","KDEPUM":"31.71.02.1002","KDCPUM":"31.71.02","KDPKAB":"31.71","LUASWH":49.76,"SRS_ID":"32748"},"geometry":{"type":"Polygon","coordinates":[[[106.83040029165034,-6.151317087036389],[106.82992588276751,-6.148108537650597],[106.82683326722942,-6.148493009933251],[106.82730999580023,-6.152081401350645],[106.8276618485625,-6.159782065611457],[106.83161518093813,-6.158517157097557],[106.83127356002085,-6.15303826994289],[106.83083035891654,-6.151343512924386],[106.83040029165034,-6.151317087036389]]]}},{"type":"Feature","id":12,"properties":{"OBJECTID":12,"WADMKD":"Kartini","WADMKC":"Sawah Besar","WADMKK":"Kota Adm. Jakarta Pusat","KDEPUM":"31.71.02.1003","KDCPUM":"31.71.02","KDPKAB":"31.71","LUASWH":51.95,"SRS_ID":"32748"},"geometry":{"type":"Polygon","coordinates":[[[106.83186127143742,-6.148401093915229],[106.83066443059244,-6.147872834259554],[106.82993280492052,-6.1481490878197125],[106.83040249092495,-6.151333316638017],[106.83080762924365,-6.1512716024127645],[106.83127174383112,-6.153020484769001],[106.83144387357251,-6.15770351369011],[106.83179952210534,-6.158444731941275],[106.83416396295034,-6.157898075077526],[106.83469649425659,-6.157426967594959],[106.83650024467292,-6.156810168727473],[106.83453767457931,-6.149264438026338],[106.83186127143742,-6.148401093915229]]]}},{"type":"Feature","id":13,"properties":{"OBJECTID":13,"WADMKD":"Gunung Sahari Utara","WADMKC":"Sawah Besar","WADMKK":"Kota Adm. Jakarta Pusat","KDEPUM":"31.71.02.1004","KDCPUM":"31.71.02","KDPKAB":"31.71","LUASWH":207.75,"SRS_ID":"32748"},"geometry":{"type":"Polygon","coordinates":[[[106.83712050543147,-6.146017700435859],[106.83663060036194,-6.144466202404622],[106.83571221106253,-6.143106597800394],[106.83449620329439,-6.142134713335307],[106.83312473219296,-6.141574295578873],[106.83394418615248,-6.145537771450655],[106.83396468870792,-6.147345763645789],[106.83711599043507,-6.159215598382434],[106.84032109524297,-6.15819115443151],[106.83953350202479,-6.1545502731571124],[106.83984814815744,-6.154363168752452],[106.83990163142313,-6.153194686926999],[106.84101488592766,-6.153001648550867],[106.84118847018965,-6.152714307676353],[106.84125551325202,-6.150759749811261],[106.84535669519309,-6.153481543676515],[106.85032594334201,-6.152779582340158],[106.84833602361203,-6.141737041863162],[106.84531067044927,-6.142327856651217],[106.8439699504351,-6.144893678129666],[106.83840989189497,-6.141781085887924],[106.83730694957086,-6.144542545826679],[106.83712050543147,-6.146017700435859]]]}},{"type":"Feature","id":14,"properties":{"OBJECTID":14,"WADMKD":"Mangga Dua Selatan","WADMKC":"Sawah Besar","WADMKK":"Kota Adm. Jakarta Pusat","KDEPUM":"31.71.02.1005","KDCPUM":"31.71.02","KDPKAB":"31.71","LUASWH":130.09,"SRS_ID":"32748"},"geometry":{"type":"Polygon","coordinates":[[[106.83408182382621,-6.147825604100975],[106.83394648406082,-6.1455500847112585],[106.83307899913531,-6.141574879078915],[106.83164113401732,-6.140861703551828],[106.83076100243633,-6.139493599193204],[106.83070121589735,-6.135179227955995],[106.82132250687219,-6.136863626615943],[106.82283696344741,-6.140861614680057],[106.82591929605256,-6.146034780695108],[106.82675827083972,-6.148463934916503],[106.83069171081758,-6.147876742667162],[106.83449293062957,-6.149186375452536],[106.83408182382621,-6.147825604100975]]]}},{"type":"Feature","id":15,"properties":{"OBJECTID":15,"WADMKD":"Kemayoran","WADMKC":"Kemayoran","WADMKK":"Kota Adm. Jakarta Pusat","KDEPUM":"31.71.03.1001","KDCPUM":"31.71.03","KDPKAB":"31.71","LUASWH":59.17,"SRS_ID":"32748"},"geometry":{"type":"Polygon","coordinates":[[[106.84778555212543,-6.168179470874345],[106.84857060490732,-6.16814246898459],[106.84833254786066,-6.16520940985413],[106.84797174857641,-6.1643970638317835],[106.8503519418826,-6.161763840772577],[106.85012136158774,-6.161334701561647],[106.84880132444773,-6.160682722822484],[106.84073958744628,-6.163021613939946],[106.84268391698922,-6.168529889551554],[106.84778555212543,-6.168179470874345]]]}},{"type":"Feature","id":16,"properties":{"OBJECTID":16,"WADMKD":"Kebon Kosong","WADMKC":"Kemayoran","WADMKK":"Kota Adm. Jakarta Pusat","KDEPUM":"31.71.03.1002","KDCPUM":"31.71.03","KDPKAB":"31.71","LUASWH":96.07000000000001,"SRS_ID":"32748"},"geometry":{"type":"Polygon","coordinates":[[[106.85258318589138,-6.164499221139587],[106.85710579782751,-6.157034639780013],[106.86014296540178,-6.153885137028739],[106.85668035241443,-6.1518348181221185],[106.85041786169556,-6.152761311631032],[106.85190608444775,-6.160972307566795],[106.85018658223473,-6.1613789917087205],[106.8503519418826,-6.161763840772577],[106.8480726983403,-6.164267307134595],[106.8485710443441,-6.168135538854752],[106.85258318589138,-6.164499221139587]]]}},{"type":"Feature","id":17,"properties":{"OBJECTID":17,"WADMKD":"Harapan Mulia","WADMKC":"Kemayoran","WADMKK":"Kota Adm. Jakarta Pusat","KDEPUM":"31.71.03.1003","KDCPUM":"31.71.03","KDPKAB":"31.71","LUASWH":52.7,"SRS_ID":"32748"},"geometry":{"type":"Polygon","coordinates":[[[106.85871590827628,-6.166366558137182],[106.85742592589422,-6.165577500155131],[106.85669043599131,-6.16642323923801],[106.8556354861567,-6.166460994330756],[106.85597753554906,-6.169064508091512],[106.85247424167311,-6.1690555921558845],[106.85204291417057,-6.174627879846358],[106.85764074197989,-6.173993701774836],[106.85688886642447,-6.171538363984925],[106.85902712557214,-6.171507220996502],[106.85949562718436,-6.16889703843408],[106.859810534861,-6.16655944303921],[106.85938702841905,-6.166266512980714],[106.85871590827628,-6.166366558137182]]]}},{"type":"Feature","id":18,"properties":{"OBJECTID":18,"WADMKD":"Serdang","WADMKC":"Kemayoran","WADMKK":"Kota Adm. Jakarta Pusat","KDEPUM":"31.71.03.1004","KDCPUM":"31.71.03","KDPKAB":"31.71","LUASWH":81.43,"SRS_ID":"32748"},"geometry":{"type":"Polygon","coordinates":[[[106.86447782733757,-6.161806501303362],[106.8668730585822,-6.157650075698249],[106.86028860244903,-6.153812293273987],[106.85717855305903,-6.156933783430269],[106.8553172789554,-6.159987262866524],[106.85825722834113,-6.162168384322965],[106.85857296230131,-6.161907285656324],[106.8604289350138,-6.162595599716104],[106.86319160807223,-6.1641706955524596],[106.86447782733757,-6.161806501303362]]]}},{"type":"Feature","id":19,"properties":{"OBJECTID":19,"WADMKD":"Galur","WADMKC":"Johar Baru","WADMKK":"Kota Adm. Jakarta Pusat","KDEPUM":"31.71.08.1003","KDCPUM":"31.71.08","KDPKAB":"31.71","LUASWH":26.68,"SRS_ID":"32748"},"geometry":{"type":"Polygon","coordinates":[[[106.85855300242069,-6.176990508756024],[106.85768338158923,-6.173987281671872],[106.85204291417057,-6.174627879846358],[106.8519547042777,-6.177417329014013],[106.85291506144819,-6.177160845088145],[106.85466408945027,-6.177379531110137],[106.85473166187072,-6.177840084374843],[106.85547508582505,-6.178387199317377],[106.85885580020341,-6.177931675449099],[106.85855300242069,-6.176990508756024]]]}},{"type":"Feature","id":20,"properties":{"OBJECTID":20,"WADMKD":"Tanah Tinggi","WADMKC":"Johar Baru","WADMKK":"Kota Adm. Jakarta Pusat","KDEPUM":"31.71.08.1004","KDCPUM":"31.71.08","KDPKAB":"31.71","LUASWH":62.82,"SRS_ID":"32748"},"geometry":{"type":"Polygon","coordinates":[[[106.85204284315718,-6.174630842126726],[106.84570664055144,-6.175083269376308],[106.84505754658502,-6.175474509780559],[106.84675635142092,-6.1806380133638665],[106.85172132691217,-6.187264855950555],[106.8514823625884,-6.185641472580463],[106.85204284315718,-6.174630842126726]]]}},{"type":"Feature","id":21,"properties":{"OBJECTID":21,"WADMKD":"Penjaringan","WADMKC":"Penjaringan","WADMKK":"Kota Adm. Jakarta Utara","KDEPUM":"31.72.01.1001","KDCPUM":"31.72.01","KDPKAB":"31.72","LUASWH":455,"SRS_ID":"32748"},"geometry":{"type":"Polygon","coordinates":[[[106.79896564299587,-6.0968071301471625],[106.7984494115545,-6.094290542216078],[106.80055708798783,-6.092442560137453],[106.79820584024844,-6.094145678945473],[106.79997392189394,-6.103946560623441],[106.79946235705296,-6.104022175408585],[106.79978506695832,-6.1067953900684575],[106.79907150795846,-6.1077177947787895],[106.79762647570739,-6.108105651728649],[106.79752485069199,-6.108791488978254],[106.79683960810935,-6.108830887203341],[106.79740142410972,-6.110671261557285],[106.79730267154983,-6.112262831420106],[106.80011731024307,-6.112367967247761],[106.80188502436908,-6.114130339681043],[106.80226149735654,-6.114941512437849],[106.80296045302396,-6.121003656920452],[106.80290890243994,-6.122532053405525],[106.80165267217961,-6.123653092866599],[106.80208531359051,-6.124994775340096],[106.79744321116209,-6.125257478264154],[106.79435639770011,-6.124602743325219],[106.79419048989479,-6.124126644673947],[106.79198037884188,-6.12545201384724],[106.79196020910427,-6.1268184655602305],[106.78395079563408,-6.125472924436049],[106.78515963879147,-6.131416672605418],[106.79246834213407,-6.132365590954515],[106.79320117913979,-6.137243679929803],[106.80010508092177,-6.136597336367915],[106.8006391049648,-6.134369911038083],[106.80180102824296,-6.1331781688341875],[106.81048250392337,-6.130838111355103],[106.80950702492412,-6.127951837001884],[106.80965505859442,-6.126846912704177],[106.80922879932615,-6.124534626932288],[106.80877535923379,-6.123723939974785],[106.80818282516556,-6.11837355627026],[106.80764579456887,-6.116083901449606],[106.80728531139547,-6.116094167292761],[106.80706730316652,-6.115314849060003],[106.80599410056126,-6.108430894630752],[106.80618821387338,-6.107908752342205],[106.80381106359648,-6.094433384168767],[106.80303206491328,-6.094575620022318],[106.80446291000105,-6.1019616828036165],[106.80244244721186,-6.102270645050056],[106.80198230075352,-6.09986272118955],[106.80087404201474,-6.099996334406877],[106.7997849343711,-6.094778341450202],[106.80011641971707,-6.09660637197572],[106.79896564299587,-6.0968071301471625]]]}},{"type":"Feature","id":22,"properties":{"OBJECTID":22,"WADMKD":"Kamal Muara","WADMKC":"Penjaringan","WADMKK":"Kota Adm. Jakarta Utara","KDEPUM":"31.72.01.1002","KDCPUM":"31.72.01","KDPKAB":"31.72","LUASWH":1563.06,"SRS_ID":"32748"},"geometry":{"type":"MultiPolygon","coordinates":[[[[106.7256273690149,-6.089087464250393],[106.72368907005276,-6.090399352181585],[106.72233966997793,-6.091919125697117],[106.72094780927807,-6.091458041856878],[106.7193867819129,-6.092591307550857],[106.7186072675546,-6.091634174000977],[106.71655027506698,-6.09191346339735],[106.71386599976393,-6.094636000136183],[106.71462800008916,-6.095489000137287],[106.714418138177,-6.0957852734210425],[106.71225574785288,-6.095732804074682],[106.71060852315117,-6.096578106187079],[106.710758968105,-6.096804464193678],[106.71142337737773,-6.096441140633981],[106.71248832931974,-6.097411108626752],[106.7130541086968,-6.097483446840942],[106.71436018155107,-6.098940048301509],[106.71752886026326,-6.105039612721183],[106.72729244058704,-6.117413207871813],[106.7314882940996,-6.121430386410034],[106.7333971370976,-6.123172620825926],[106.73875144694593,-6.126910764665689],[106.74408292472367,-6.129550262597967],[106.75018844243561,-6.1340261986207185],[106.75265025641124,-6.135013153600821],[106.7533371825629,-6.132842048909759],[106.75346171371973,-6.131159412785012],[106.75099584062932,-6.10636271914613],[106.75095130089153,-6.100928371012398],[106.75031819042991,-6.100342090424335],[106.75024819802302,-6.099538019130543],[106.7485992472189,-6.100218964865124],[106.74689285094524,-6.099897821322065],[106.7464248058633,-6.101269998708819],[106.7457127348354,-6.100661609895314],[106.74498872301494,-6.10178517913817],[106.74408624115749,-6.101888155254437],[106.74180590364344,-6.101245777576343],[106.74154292271953,-6.101992048998524],[106.74063500895643,-6.101858452158152],[106.74057578300182,-6.100791121139704],[106.73824023330462,-6.099451106601679],[106.737731941425,-6.099673630585559],[106.73742071922172,-6.100274050042058],[106.73637280458385,-6.099578771015418],[106.73641604895843,-6.098572690387094],[106.7339178991716,-6.096038565262363],[106.73328111074579,-6.095804362576966],[106.73169441884384,-6.097688548286148],[106.7312798873232,-6.0976016556867325],[106.73113206957737,-6.096993187439764],[106.730011173655,-6.096202483957198],[106.72911613782045,-6.094826149177109],[106.72855182318011,-6.09474716698089],[106.72727256339591,-6.093612067550267],[106.72757021601902,-6.092985401284833],[106.72718978140112,-6.092786714283393],[106.72677644723245,-6.091727999323446],[106.7267007055879,-6.092194862575172],[106.72615254673121,-6.09232048213005],[106.72589873514423,-6.091684909091128],[106.72698905242542,-6.090067915054455],[106.72630426843376,-6.089845079974088],[106.7256273690149,-6.089087464250393]]],[[[106.73444466993935,-6.081767175580569],[106.73332891133816,-6.0823822268956915],[106.72942085441915,-6.085809775446376],[106.72873460158993,-6.087141780047041],[106.72872151901832,-6.088087173702368],[106.72894026624773,-6.088829594707531],[106.7357068872584,-6.095208476571036],[106.73654113591436,-6.095377002187234],[106.7375225857787,-6.094783260266532],[106.73838912930108,-6.093217868299786],[106.74064568738933,-6.087353533425607],[106.74009240432918,-6.087519099067026],[106.7379353950123,-6.085827777951671],[106.73593131783933,-6.08337990197018],[106.73463572241802,-6.082452326225216],[106.73428973398707,-6.082011453973529],[106.73444466993935,-6.081767175580569]]],[[[106.75216313836334,-6.074102949549632],[106.75118729923017,-6.074556341275403],[106.74957459443613,-6.078368157623677],[106.74724839535762,-6.081973109126512],[106.74278613577914,-6.08639382343874],[106.74138981779903,-6.0883541716139815],[106.73791906158854,-6.095834823413925],[106.73787328589465,-6.096772171905581],[106.73849955240979,-6.097591255673598],[106.74176693486835,-6.099152742315175],[106.74328824645177,-6.099375745167922],[106.74710693472146,-6.0981816916754665],[106.75053471937598,-6.098045456752896],[106.75141390467883,-6.097159718062798],[106.75786811645088,-6.077796631764256],[106.75773689001596,-6.077159015033849],[106.75691580122653,-6.076302601957754],[106.75216313836334,-6.074102949549632]]]]}},{"type":"Feature","id":23,"properties":{"OBJECTID":23,"WADMKD":"Kapuk Muara","WADMKC":"Penjaringan","WADMKK":"Kota Adm. Jakarta Utara","KDEPUM":"31.72.01.1003","KDCPUM":"31.72.01","KDPKAB":"31.72","LUASWH":915.84,"SRS_ID":"32748"},"geometry":{"type":"Polygon","coordinates":[[[106.76605142400471,-6.099948201665051],[106.76471103465545,-6.098990354642846],[106.76439967095173,-6.099147934557328],[106.76352500122738,-6.10027522077437],[106.76357647420419,-6.100484386090246],[106.76463839661794,-6.099976157095499],[106.76498232642761,-6.100123326118367],[106.76407151441092,-6.102766545937477],[106.76308830842704,-6.103444212917339],[106.76065732466462,-6.1040278436423225],[106.76078771955176,-6.10383552591148],[106.76038036174788,-6.1036836223595605],[106.75999975457262,-6.104121108135004],[106.7593291856776,-6.104034947878385],[106.75934509905407,-6.103820959993397],[106.75875143959641,-6.104076871150125],[106.75605218495812,-6.103699835061088],[106.75430300528707,-6.102747634447648],[106.75236433790548,-6.101011046648856],[106.75095334615722,-6.10088053058239],[106.75099584062932,-6.10636271914613],[106.7534665466518,-6.131242306789003],[106.75276654575461,-6.134904490950891],[106.75628548338996,-6.136591249049013],[106.76821151595098,-6.140654184177937],[106.77275728615624,-6.141465998112003],[106.7747149994187,-6.1413352059646025],[106.77550274512174,-6.141732774577057],[106.77582134636961,-6.140922487742714],[106.77583481012026,-6.139117571147302],[106.77643971106188,-6.1378602284157795],[106.77607150040407,-6.1352576933872305],[106.77625522570987,-6.134782495578616],[106.7771266085809,-6.134525381444066],[106.77733809968447,-6.134151470300899],[106.77514085031603,-6.126897401869243],[106.77464094070798,-6.12419613124119],[106.77314241560016,-6.121217995714266],[106.77334013157578,-6.120350668569029],[106.77439847476232,-6.119203060377607],[106.77450610004634,-6.118094200809106],[106.77313381581186,-6.116338255763047],[106.7718785550206,-6.115787155684118],[106.77002975788878,-6.115517658295861],[106.76950079956998,-6.115090823843505],[106.76945994065542,-6.114411863345569],[106.77023110728074,-6.1123217664331495],[106.76863987497302,-6.109565432395004],[106.76737185943153,-6.108241936077385],[106.76781541592895,-6.1054464090560066],[106.7667950724476,-6.100929429450242],[106.76605142400471,-6.099948201665051]]]}},{"type":"Feature","id":24,"properties":{"OBJECTID":24,"WADMKD":"Pejagalan","WADMKC":"Penjaringan","WADMKK":"Kota Adm. Jakarta Utara","KDEPUM":"31.72.01.1004","KDCPUM":"31.72.01","KDPKAB":"31.72","LUASWH":370.18,"SRS_ID":"32748"},"geometry":{"type":"Polygon","coordinates":[[[106.78395203437553,-6.125370694563405],[106.77730885994187,-6.1241515268305315],[106.77495728243098,-6.12202355275093],[106.77323589232779,-6.1213880393859545],[106.77464094070798,-6.12419613124119],[106.77514085031603,-6.126897401869243],[106.77732179304554,-6.1340651489527],[106.77718799715471,-6.1344805771683895],[106.77631404560569,-6.134727728377683],[106.77608891941044,-6.135146054606498],[106.77643971106188,-6.1378602284157795],[106.77583481012026,-6.139117571147302],[106.77542609308146,-6.143729813102819],[106.77494886764883,-6.145305693402933],[106.77726339368151,-6.1440635238569525],[106.78778032104461,-6.1431852691710525],[106.78938819530616,-6.142429437070472],[106.7904932359769,-6.142285952317199],[106.79231882460157,-6.142784748346855],[106.80056297855427,-6.141883564283466],[106.80024883940447,-6.136584125582336],[106.79303154057281,-6.137261237974314],[106.7926063657761,-6.132487908443591],[106.78524424963919,-6.131434163551137],[106.78404477282605,-6.126788849761146],[106.78395203437553,-6.125370694563405]]]}},{"type":"Feature","id":25,"properties":{"OBJECTID":25,"WADMKD":"Pluit","WADMKC":"Penjaringan","WADMKK":"Kota Adm. Jakarta Utara","KDEPUM":"31.72.01.1005","KDCPUM":"31.72.01","KDPKAB":"31.72","LUASWH":748.39,"SRS_ID":"32748"},"geometry":{"type":"MultiPolygon","coordinates":[[[[106.79701414259573,-6.094723083311735],[106.79617585202031,-6.093989549384544],[106.79523332991067,-6.094515057421194],[106.7955816033502,-6.095050107424904],[106.79616164688815,-6.0948304713875725],[106.79649949512087,-6.095087717993038],[106.7964447467819,-6.096549242893674],[106.79619153306517,-6.097173068726634],[106.7943496237864,-6.097998383320218],[106.7939233753045,-6.101388372100823],[106.79431667015797,-6.102940946553729],[106.79395686178606,-6.105222344583564],[106.79041984088956,-6.106831262231989],[106.7901351334151,-6.107987295217884],[106.79041436192864,-6.107996190655564],[106.78726351171846,-6.108112403343195],[106.78709321436921,-6.109059879947976],[106.78690369583917,-6.10824269105062],[106.78638686327726,-6.108061910655231],[106.78566402061773,-6.108087140414289],[106.78515259242941,-6.10853682338847],[106.78291489439346,-6.108593603749861],[106.78145813704462,-6.108184412917015],[106.77781200296862,-6.106658779038945],[106.77808650306295,-6.105721785134749],[106.77772376122383,-6.106534514390858],[106.77657585763654,-6.106042319222489],[106.77732020385209,-6.106561164625161],[106.776958525717,-6.107566249029316],[106.77655899678676,-6.1075785269067735],[106.77642333316363,-6.107947754190193],[106.77593334234412,-6.107779230787699],[106.77469482442211,-6.109961871570741],[106.77431627580219,-6.110036289026347],[106.77499092574556,-6.10780932784671],[106.77471129408657,-6.107696997616909],[106.77491592966656,-6.106993557034034],[106.77554995683836,-6.106685298338627],[106.77716680440265,-6.102597133010379],[106.77661239242545,-6.103720108898948],[106.77491332814586,-6.1038583688484485],[106.77449944502638,-6.104908460409263],[106.77222606641162,-6.104567416344832],[106.77142938455786,-6.104216673411569],[106.77215587645107,-6.102279327821371],[106.77135665666388,-6.103753640643628],[106.7703781005666,-6.103461986246617],[106.76927299811074,-6.102962744419574],[106.76726574278577,-6.100667032341242],[106.76654542099168,-6.100458293940383],[106.76784481728083,-6.105630470057966],[106.76735455300278,-6.108199502548634],[106.76861192324975,-6.109526834338156],[106.77022510698438,-6.112297246112495],[106.76946309101284,-6.115007682634707],[106.76994266742788,-6.115488737689366],[106.77297559625282,-6.1162432003155285],[106.77372713006928,-6.116779584250792],[106.77446829330965,-6.117959423434422],[106.77445105065873,-6.119073589417051],[106.77330757092842,-6.120404170172286],[106.77315279117575,-6.121286046027422],[106.77523322633911,-6.122217277261154],[106.77730885994187,-6.1241515268305315],[106.79186764758809,-6.126801492171016],[106.79189849595777,-6.125547624628062],[106.79415876110869,-6.124101756232564],[106.79435639770011,-6.124602743325219],[106.79744321116209,-6.125257478264154],[106.80208531359051,-6.124994775340096],[106.80165345969523,-6.1236559935694235],[106.80287431593258,-6.122643904591026],[106.80296045302396,-6.121003656920452],[106.80229018193327,-6.115009705901473],[106.80188502436908,-6.114130339681043],[106.80006352358852,-6.112342840059723],[106.79730267154983,-6.112262831420106],[106.79741003004133,-6.110721013893467],[106.796843032045,-6.1088781016483376],[106.7961659200979,-6.108869849950605],[106.79580060369952,-6.105408204310474],[106.7962437489888,-6.104051686820007],[106.79664210893922,-6.103915238281535],[106.79654704734273,-6.1005618717434755],[106.79701414259573,-6.094723083311735]]],[[[106.79326510878235,-6.100265440079515],[106.7911850507047,-6.100408599172646],[106.79140674958141,-6.103828156821128],[106.79189602344032,-6.103846049434228],[106.7918967868519,-6.103612588682683],[106.79270784102552,-6.1038368309790565],[106.79283668621291,-6.103583827211615],[106.79332462159688,-6.103827120186075],[106.79326510878235,-6.100265440079515]]],[[[106.7921753717554,-6.096576814308612],[106.79154464156741,-6.0970747130493255],[106.79130317337153,-6.099412649077727],[106.7932366921318,-6.099744736819589],[106.79354087591798,-6.097151233223108],[106.7921753717554,-6.096576814308612]]],[[[106.79352827810445,-6.092845303559681],[106.79168767767533,-6.093183777431573],[106.79087717281449,-6.0943205308560096],[106.79028978733962,-6.100365759245506],[106.78996571825256,-6.100507449719164],[106.78991586956023,-6.101326471987449],[106.79040149120318,-6.106659071637891],[106.79125026200227,-6.106266931746952],[106.79088866018678,-6.104820770958534],[106.79125464407495,-6.104814796642301],[106.79128260141442,-6.105512122587251],[106.79164480910862,-6.105752448270589],[106.79201557382193,-6.105528534098539],[106.79191685680789,-6.104862491408902],[106.79219622798689,-6.104801828131493],[106.79258055708503,-6.105350765590516],[106.79334629630307,-6.104705456658221],[106.79311024140712,-6.10420455470634],[106.79098877997646,-6.104256248813977],[106.7908856748482,-6.1003542411308445],[106.7915452230871,-6.095695157360212],[106.79313929781334,-6.096527099931253],[106.79376799000643,-6.096453214310438],[106.79429531718166,-6.095855873224319],[106.79485402198716,-6.093315905168403],[106.79352827810445,-6.092845303559681]]],[[[106.7810630147301,-6.0908672964203285],[106.77894075682839,-6.091036968728443],[106.77846295459331,-6.091427912314577],[106.77867991608815,-6.091687375774203],[106.77882245506842,-6.091283605205397],[106.7792358571767,-6.091177767381491],[106.78002107742348,-6.094651080591916],[106.77975562287118,-6.095037657125282],[106.78017874526473,-6.095012951166499],[106.77995228755917,-6.094305965985488],[106.78095936642508,-6.094697124966247],[106.78125501125346,-6.097090119960912],[106.78126680941507,-6.095679068856375],[106.78159799088397,-6.095307473191405],[106.7813735766431,-6.09539107583431],[106.7813161546421,-6.095012472373408],[106.78210652615985,-6.092627604837616],[106.78296159087381,-6.0936852980203655],[106.78300082132854,-6.094621112627714],[106.78333575466269,-6.0943875406466885],[106.78307638512769,-6.093568421439854],[106.7810630147301,-6.0908672964203285]]]]}},{"type":"Feature","id":26,"properties":{"OBJECTID":26,"WADMKD":"Tanjung Priok","WADMKC":"Tanjung Priok","WADMKK":"Kota Adm. Jakarta Utara","KDEPUM":"31.72.02.1001","KDCPUM":"31.72.02","KDPKAB":"31.72","LUASWH":388.74,"SRS_ID":"32748"},"geometry":{"type":"MultiPolygon","coordinates":[[[[106.87964119608706,-6.09430273957424],[106.8795122348246,-6.095246405872529],[106.87915794409857,-6.094980233603956],[106.87906470544914,-6.095213490430588],[106.87875594558957,-6.101464620004865],[106.87911471442862,-6.101943105305509],[106.88023632780698,-6.102129158698495],[106.88022481028396,-6.102461115811441],[106.87879293105638,-6.102366631198984],[106.87865671593467,-6.105979714707344],[106.87890575480392,-6.105968584645351],[106.87863440872889,-6.106710861292665],[106.87857030963653,-6.109879773289942],[106.8775856377069,-6.1104193056989535],[106.877236408415,-6.110188964222378],[106.87796832929698,-6.107508255578614],[106.877949972423,-6.1069978634486475],[106.87762070481563,-6.107296891750355],[106.87771095155762,-6.106855586273579],[106.87742146044553,-6.106771957449139],[106.87646727125723,-6.110436897774959],[106.87604934075648,-6.1104201839448455],[106.87665868281533,-6.106658907863484],[106.87687212134993,-6.106738433677426],[106.87744770817582,-6.105252865432434],[106.87756097210544,-6.101875602651277],[106.87668545721196,-6.101775714424282],[106.87467718990199,-6.103677309698793],[106.87266058428449,-6.113693693746945],[106.87281925641751,-6.11435626900151],[106.87178707585987,-6.115343922421892],[106.87120943578489,-6.115030886312962],[106.87054950033654,-6.115335613445116],[106.87024095089326,-6.1147735074176],[106.87097435265919,-6.114348631450135],[106.871706548433,-6.111550365192357],[106.87146888533843,-6.111142934875504],[106.87185745673179,-6.11054433691624],[106.87138557928976,-6.110421856745875],[106.86541584223359,-6.113556208429037],[106.86504550858615,-6.114133865089432],[106.86536094422446,-6.1195724326451995],[106.8663436900524,-6.120157110363811],[106.86550586363629,-6.120915388772938],[106.86388493274622,-6.121631994983382],[106.86386921865174,-6.1225105142003775],[106.86510165764606,-6.1229130547194695],[106.86751145410226,-6.122271369589122],[106.86894742497853,-6.121424474132523],[106.87155821096312,-6.120890204580046],[106.88421735283141,-6.1111714676035795],[106.8929986258761,-6.1114097064175255],[106.8931772953895,-6.107533807930675],[106.89164000211039,-6.107438933276695],[106.89155562406307,-6.106875039068353],[106.89070932968558,-6.106783825427674],[106.89100736287759,-6.0973673679954095],[106.88833973094965,-6.097212062768172],[106.88796378173419,-6.106554156602708],[106.88670053490088,-6.106548028570446],[106.8870094338608,-6.0974094999486015],[106.8861232416872,-6.096338865222571],[106.88645561628682,-6.096357012334739],[106.88645879165551,-6.096105355558981],[106.88428838467685,-6.096030274955039],[106.88378108128313,-6.106417192975246],[106.8822822953712,-6.106380977272675],[106.88268668125419,-6.094812232929055],[106.88218747658718,-6.094791172211386],[106.88200741843151,-6.096091885569837],[106.88174604776643,-6.096035145400934],[106.8817811937869,-6.095394704433773],[106.88116839978484,-6.095356403243079],[106.88108755224964,-6.096655603397023],[106.88076742094249,-6.096998708305732],[106.88043770974365,-6.096989382888781],[106.8804020417104,-6.0954595290314435],[106.8802304221927,-6.097742974581948],[106.87993780411642,-6.09852471291511],[106.87961657587174,-6.098564532568681],[106.87964119608706,-6.09430273957424]]],[[[106.87745340559093,-6.0948207791836],[106.87731677564386,-6.093776750778789],[106.8765879865904,-6.097588056644714],[106.87458888073392,-6.097233243207534],[106.87384923087926,-6.100652113575269],[106.87506553205291,-6.098331467442756],[106.8757908260282,-6.097972051568731],[106.87643489588748,-6.09803343882149],[106.87605369669181,-6.100424929574394],[106.87657034644504,-6.099471501691508],[106.87702686942993,-6.099513007007162],[106.87694676940227,-6.100321564817923],[106.87777512632408,-6.099837119581135],[106.87818295263898,-6.099108452789651],[106.87834668600479,-6.095045610088487],[106.87778664658018,-6.094657559045913],[106.87745340559093,-6.0948207791836]]]]}},{"type":"Feature","id":27,"properties":{"OBJECTID":27,"WADMKD":"Utan Panjang","WADMKC":"Kemayoran","WADMKK":"Kota Adm. Jakarta Pusat","KDEPUM":"31.71.03.1008","KDCPUM":"31.71.03","KDPKAB":"31.71","LUASWH":54.050000000000004,"SRS_ID":"32748"},"geometry":{"type":"Polygon","coordinates":[[[106.85786606814213,-6.164621783271815],[106.8589331060189,-6.162588302588758],[106.85524226390679,-6.160109518571219],[106.85259261899063,-6.164474687377615],[106.84876120794304,-6.168164828321086],[106.8492158961516,-6.168707249552634],[106.85101415599512,-6.16900043931559],[106.85613397517407,-6.169001967335909],[106.85552415185008,-6.166567593783634],[106.8566047806201,-6.166437748417926],[106.85786606814213,-6.164621783271815]]]}},{"type":"Feature","id":28,"properties":{"OBJECTID":28,"WADMKD":"Senen","WADMKC":"Senen","WADMKK":"Kota Adm. Jakarta Pusat","KDEPUM":"31.71.04.1001","KDCPUM":"31.71.04","KDPKAB":"31.71","LUASWH":83.75,"SRS_ID":"32748"},"geometry":{"type":"Polygon","coordinates":[[[106.84491822026082,-6.175626566301035],[106.84521454760966,-6.175292244372209],[106.84381894640765,-6.171590947662065],[106.84348230545092,-6.168571587171108],[106.84271246259618,-6.168601942359566],[106.84294635999103,-6.171531933591859],[106.8405788527825,-6.171835097583528],[106.83897557015538,-6.173671511570262],[106.8363277606639,-6.175730911684834],[106.83431701943223,-6.172763682437597],[106.83286131169136,-6.174485519613294],[106.83265204211786,-6.1757818680389525],[106.83338336626124,-6.1755872027673036],[106.8343552219284,-6.17472579130277],[106.83507069839729,-6.1765383124319495],[106.83464036755068,-6.178045767313504],[106.83538272640278,-6.178401083269892],[106.83691583709593,-6.177894988257302],[106.83649806190533,-6.17915838010158],[106.83507724701185,-6.180582488938787],[106.83531821207637,-6.181053478083958],[106.83657355841167,-6.181654714620808],[106.83926489355666,-6.180742778716163],[106.8434084751033,-6.177553994970517],[106.84491822026082,-6.175626566301035]]]}},{"type":"Feature","id":29,"properties":{"OBJECTID":29,"WADMKD":"Kenari","WADMKC":"Senen","WADMKK":"Kota Adm. Jakarta Pusat","KDEPUM":"31.71.04.1002","KDCPUM":"31.71.04","KDPKAB":"31.71","LUASWH":89.66,"SRS_ID":"32748"},"geometry":{"type":"Polygon","coordinates":[[[106.84684495018462,-6.189720435235782],[106.8442346426313,-6.184956338894592],[106.84080666342129,-6.187100527760986],[106.84184608580199,-6.187948796360329],[106.84111061101761,-6.188880300641997],[106.84111369606656,-6.189332377743243],[106.84259442396788,-6.190715298949919],[106.84474762886899,-6.1916725814234175],[106.84531591115707,-6.192277852191583],[106.84377685344069,-6.193559075567374],[106.84360665341512,-6.194351880361273],[106.84396684563022,-6.19560009923024],[106.84586731755901,-6.1959853140929795],[106.84499560588172,-6.198091137634894],[106.84511757182483,-6.198880664257065],[106.8460412493069,-6.199418296085303],[106.84744466166663,-6.198440678153041],[106.84876766316465,-6.198414750599176],[106.85103532831243,-6.201524910688644],[106.85149852837567,-6.201378516958885],[106.85386498489684,-6.199181169449031],[106.85019597023049,-6.195793167046707],[106.84684495018462,-6.189720435235782]]]}},{"type":"Feature","id":30,"properties":{"OBJECTID":30,"WADMKD":"Paseban","WADMKC":"Senen","WADMKK":"Kota Adm. Jakarta Pusat","KDEPUM":"31.71.04.1003","KDCPUM":"31.71.04","KDPKAB":"31.71","LUASWH":81.99,"SRS_ID":"32748"},"geometry":{"type":"Polygon","coordinates":[[[106.85538591798881,-6.192123479430449],[106.85176139130957,-6.187318164824264],[106.8511354372378,-6.187986144860532],[106.84956944503067,-6.18850159525849],[106.84711020218373,-6.1899016180133355],[106.85019597023049,-6.195793167046707],[106.85387934188942,-6.199407284872422],[106.85836543258497,-6.196172837068075],[106.85538591798881,-6.192123479430449]]]}},{"type":"Feature","id":31,"properties":{"OBJECTID":31,"WADMKD":"Kramat","WADMKC":"Senen","WADMKK":"Kota Adm. Jakarta Pusat","KDEPUM":"31.71.04.1004","KDCPUM":"31.71.04","KDPKAB":"31.71","LUASWH":72.16,"SRS_ID":"32748"},"geometry":{"type":"Polygon","coordinates":[[[106.84707136344203,-6.189925937738948],[106.84956088669499,-6.188505488560518],[106.8511354372378,-6.187986144860532],[106.85154699964745,-6.187359000247979],[106.84665359258769,-6.180452627037532],[106.84500197942977,-6.175524798662866],[106.84362722970117,-6.177335048838326],[106.84214132863306,-6.178558450672953],[106.84316656658031,-6.183188990716295],[106.84707136344203,-6.189925937738948]]]}},{"type":"Feature","id":32,"properties":{"OBJECTID":32,"WADMKD":"Kwitang","WADMKC":"Senen","WADMKK":"Kota Adm. Jakarta Pusat","KDEPUM":"31.71.04.1005","KDCPUM":"31.71.04","KDPKAB":"31.71","LUASWH":44.300000000000004,"SRS_ID":"32748"},"geometry":{"type":"Polygon","coordinates":[[[106.8433543589931,-6.185340785906137],[106.84413804782784,-6.184814336952436],[106.84308049015928,-6.182973643052608],[106.84213261863512,-6.178570198844038],[106.83880765101597,-6.181051457699425],[106.83680473356384,-6.181636529449887],[106.83620205911312,-6.184532050139088],[106.83776787729722,-6.186004358570085],[106.83946356942069,-6.18550354340438],[106.84064447056892,-6.1855178594315445],[106.8408332076674,-6.186072549113013],[106.84046558312802,-6.186918687664793],[106.84077390367682,-6.18724804401988],[106.8433543589931,-6.185340785906137]]]}},{"type":"Feature","id":33,"properties":{"OBJECTID":33,"WADMKD":"Bungur","WADMKC":"Senen","WADMKK":"Kota Adm. Jakarta Pusat","KDEPUM":"31.71.04.1006","KDCPUM":"31.71.04","KDPKAB":"31.71","LUASWH":63.11,"SRS_ID":"32748"},"geometry":{"type":"Polygon","coordinates":[[[106.84868783787684,-6.168150076591318],[106.84361990273788,-6.168566160563646],[106.8438017180142,-6.171531843250082],[106.8451587603684,-6.175156333909179],[106.85204291417057,-6.174627879846358],[106.8522990851756,-6.169069433827324],[106.84921767056707,-6.168709368174739],[106.84868783787684,-6.168150076591318]]]}},{"type":"Feature","id":34,"properties":{"OBJECTID":34,"WADMKD":"Cempaka Putih Timur","WADMKC":"Cempaka Putih","WADMKK":"Kota Adm. Jakarta Pusat","KDEPUM":"31.71.05.1001","KDCPUM":"31.71.05","KDPKAB":"31.71","LUASWH":217.73000000000002,"SRS_ID":"32748"},"geometry":{"type":"Polygon","coordinates":[[[106.87558613456285,-6.185404746447039],[106.87617111702421,-6.175541988017948],[106.87795381342545,-6.168722561816208],[106.87890340401533,-6.166419499835577],[106.87663569155978,-6.166398000238697],[106.87257804966663,-6.1676114935689474],[106.86533781414137,-6.170983663650857],[106.86621112757575,-6.173163960638504],[106.86461491241113,-6.174206068382134],[106.86426393176244,-6.174840238610268],[106.86435700034879,-6.1768848305769675],[106.8689083460392,-6.18223953180346],[106.86999150560459,-6.186089676447209],[106.87019826919976,-6.185658009632531],[106.87196452170427,-6.185700935238556],[106.87544163187262,-6.1880515363812405],[106.87558613456285,-6.185404746447039]]]}},{"type":"Feature","id":35,"properties":{"OBJECTID":35,"WADMKD":"Cempaka Putih Barat","WADMKC":"Cempaka Putih","WADMKK":"Kota Adm. Jakarta Pusat","KDEPUM":"31.71.05.1002","KDCPUM":"31.71.05","KDPKAB":"31.71","LUASWH":125.17,"SRS_ID":"32748"},"geometry":{"type":"Polygon","coordinates":[[[106.86788796298374,-6.181051595346572],[106.8643067843598,-6.176719733337603],[106.86445934757725,-6.17436645459363],[106.86623981115702,-6.173070639923685],[106.86534149139163,-6.1709897140294565],[106.86041006737588,-6.173264478443679],[106.85773337659512,-6.1739792463756835],[106.8598897432465,-6.181055825670915],[106.86140761761094,-6.181168107672492],[106.86170860401806,-6.181494188155672],[106.8624263079228,-6.185455101317158],[106.86373863517463,-6.18803025203103],[106.86650639140821,-6.186842604638622],[106.8696860862132,-6.187283855718937],[106.86999169027163,-6.186090551920401],[106.86961498301558,-6.184059182754034],[106.8689083460392,-6.18223953180346],[106.86788796298374,-6.181051595346572]]]}},{"type":"Feature","id":36,"properties":{"OBJECTID":36,"WADMKD":"Rawasari","WADMKC":"Cempaka Putih","WADMKK":"Kota Adm. Jakarta Pusat","KDEPUM":"31.71.05.1003","KDCPUM":"31.71.05","KDPKAB":"31.71","LUASWH":123.46000000000001,"SRS_ID":"32748"},"geometry":{"type":"Polygon","coordinates":[[[106.87437823520202,-6.187287140415829],[106.87181747830346,-6.1856399314127835],[106.87016240657402,-6.185672369072069],[106.86952896129698,-6.187406181093431],[106.86633437143578,-6.186879153883451],[106.86264974633053,-6.188622580144728],[106.85998654394885,-6.189195259042261],[106.85540488563628,-6.192110734076628],[106.85837537962935,-6.196165874549855],[106.86235841319446,-6.193572633053836],[106.86489917556693,-6.192651709648345],[106.87226277132517,-6.191972932630112],[106.8751092426536,-6.1922967190457925],[106.87544930766047,-6.18819582234572],[106.87437823520202,-6.187287140415829]]]}},{"type":"Feature","id":37,"properties":{"OBJECTID":37,"WADMKD":"Menteng","WADMKC":"Menteng","WADMKK":"Kota Adm. Jakarta Pusat","KDEPUM":"31.71.06.1001","KDCPUM":"31.71.06","KDPKAB":"31.71","LUASWH":241.97,"SRS_ID":"32748"},"geometry":{"type":"Polygon","coordinates":[[[106.82073598673527,-6.194112973916272],[106.82096115059353,-6.195566127441408],[106.82312666759229,-6.197922457012936],[106.82312841333275,-6.200752384583118],[106.82275340306795,-6.202641279921548],[106.83081543988334,-6.204468525814141],[106.83737712242848,-6.205436398613735],[106.84626258020911,-6.208581795738737],[106.84725229532175,-6.208582833808559],[106.84816815955801,-6.208042097925623],[106.84004987276249,-6.197001010812447],[106.82073598673527,-6.194112973916272]]]}},{"type":"Feature","id":38,"properties":{"OBJECTID":38,"WADMKD":"Pegangsaan","WADMKC":"Menteng","WADMKK":"Kota Adm. Jakarta Pusat","KDEPUM":"31.71.06.1002","KDCPUM":"31.71.06","KDPKAB":"31.71","LUASWH":97.10000000000001,"SRS_ID":"32748"},"geometry":{"type":"Polygon","coordinates":[[[106.84442939808798,-6.195798473764301],[106.84371955435115,-6.195237784893691],[106.84213531941273,-6.196934235894865],[106.84004987276249,-6.197001010812447],[106.8481671997686,-6.207818133906516],[106.84904419657707,-6.207582752649815],[106.849408037084,-6.206160771003613],[106.85016167329299,-6.205547017671139],[106.85131668332191,-6.2059565959360405],[106.85269795425515,-6.20595515009097],[106.85375124287168,-6.20658337126288],[106.85504946887765,-6.20582550802577],[106.85574901644756,-6.204261495636999],[106.85530860665159,-6.202580212597977],[106.852823345586,-6.201887682737572],[106.85152663562252,-6.20247689021282],[106.85049874622418,-6.2004962924128195],[106.84861826742413,-6.198368753393908],[106.84734123614594,-6.198483810059799],[106.84614180240041,-6.199386665372401],[106.84572522075425,-6.19936080155923],[106.84511757182483,-6.198880664257065],[106.84498140814917,-6.198179062784487],[106.84586731755901,-6.1959853140929795],[106.84442939808798,-6.195798473764301]]]}},{"type":"Feature","id":39,"properties":{"OBJECTID":39,"WADMKD":"Cikini","WADMKC":"Menteng","WADMKK":"Kota Adm. Jakarta Pusat","KDEPUM":"31.71.06.1003","KDCPUM":"31.71.06","KDPKAB":"31.71","LUASWH":79.37,"SRS_ID":"32748"},"geometry":{"type":"Polygon","coordinates":[[[106.8362631816812,-6.186746114586976],[106.83298185107853,-6.1870670279847495],[106.8341458285957,-6.189134780717916],[106.8399622963637,-6.196879484591127],[106.84211292106758,-6.196946038940643],[106.84368388559717,-6.195104979450429],[106.84377685344069,-6.193559075567374],[106.845218055135,-6.192459880744131],[106.84520511273213,-6.192026536240784],[106.8427026958021,-6.190812364961556],[106.84111369606656,-6.189332377743243],[106.84111061101761,-6.188880300641997],[106.8418399400133,-6.188133317320255],[106.84151179225668,-6.187509946062722],[106.84077390367682,-6.18724804401988],[106.83992953526017,-6.187967467806089],[106.83931909937407,-6.18725946419068],[106.83662522144688,-6.187063815384758],[106.8362631816812,-6.186746114586976]]]}},{"type":"Feature","id":40,"properties":{"OBJECTID":40,"WADMKD":"Gondangdia","WADMKC":"Menteng","WADMKK":"Kota Adm. Jakarta Pusat","KDEPUM":"31.71.06.1004","KDCPUM":"31.71.06","KDPKAB":"31.71","LUASWH":146.5,"SRS_ID":"32748"},"geometry":{"type":"Polygon","coordinates":[[[106.83062250866058,-6.18734832074871],[106.82256047504481,-6.186966196346448],[106.8224389985522,-6.1889753827953236],[106.82120471195145,-6.191337925038595],[106.82073569283982,-6.193967114977666],[106.84004987276249,-6.197001010812447],[106.8341458285957,-6.189134780717916],[106.83298185107853,-6.1870670279847495],[106.83062250866058,-6.18734832074871]]]}},{"type":"Feature","id":41,"properties":{"OBJECTID":41,"WADMKD":"Kebon Sirih","WADMKC":"Menteng","WADMKK":"Kota Adm. Jakarta Pusat","KDEPUM":"31.71.06.1005","KDCPUM":"31.71.06","KDPKAB":"31.71","LUASWH":82.15,"SRS_ID":"32748"},"geometry":{"type":"Polygon","coordinates":[[[106.83782608900545,-6.186055608835004],[106.83620205911312,-6.184532050139088],[106.8368512213371,-6.182364741028234],[106.83665977740301,-6.181714735595359],[106.83413391212247,-6.182585795550712],[106.82174130305494,-6.183488654569838],[106.82219233118317,-6.183813986589282],[106.82247413114852,-6.184621821686797],[106.82256519566847,-6.186869455934911],[106.82304708232357,-6.186988391730469],[106.83082828372075,-6.1873956815791376],[106.83614276195334,-6.18676231956745],[106.83662522144688,-6.187063815384758],[106.83940573719647,-6.18729758938874],[106.84002651955579,-6.188026492989848],[106.84070812415291,-6.187394863710531],[106.84046980512814,-6.186958690556815],[106.84072449455547,-6.185566852873033],[106.83946356942069,-6.18550354340438],[106.83782608900545,-6.186055608835004]]]}},{"type":"Feature","id":42,"properties":{"OBJECTID":42,"WADMKD":"Gelora","WADMKC":"Tanah Abang","WADMKK":"Kota Adm. Jakarta Pusat","KDEPUM":"31.71.07.1001","KDCPUM":"31.71.07","KDPKAB":"31.71","LUASWH":333.88,"SRS_ID":"32748"},"geometry":{"type":"Polygon","coordinates":[[[106.80351441606575,-6.207781007883578],[106.80164061364262,-6.205469498266131],[106.79953186470793,-6.201348902054226],[106.79927605681227,-6.201960165658146],[106.79826662703846,-6.20259924939103],[106.79728842992311,-6.203837445565393],[106.79599237600436,-6.207594656751822],[106.79239697392349,-6.207784871257262],[106.79187530806743,-6.208718956270899],[106.79264773328077,-6.20947488589801],[106.79273749064349,-6.210282798128918],[106.79367110442038,-6.21090886541869],[106.79377383132204,-6.211354402635393],[106.79343601925534,-6.211664715704939],[106.79581457626222,-6.212365896411023],[106.7954634094034,-6.212860865895227],[106.79540946763989,-6.213873007562236],[106.79626001407566,-6.2156023186148275],[106.79611965634582,-6.21646723623726],[106.79704855924396,-6.217995651146589],[106.79606133276916,-6.223585328342969],[106.79642573758643,-6.2263474943457195],[106.79566944510997,-6.228345276156582],[106.79585693399589,-6.229264402039264],[106.79746320272146,-6.229293833441339],[106.79852609478542,-6.2287954749180665],[106.79946505144063,-6.229224927562054],[106.81229314524055,-6.2195017855699115],[106.80884364241048,-6.214155575433999],[106.80351441606575,-6.207781007883578]]]}},{"type":"Feature","id":43,"properties":{"OBJECTID":43,"WADMKD":"Bendungan Hilir","WADMKC":"Tanah Abang","WADMKK":"Kota Adm. Jakarta Pusat","KDEPUM":"31.71.07.1002","KDCPUM":"31.71.07","KDPKAB":"31.71","LUASWH":158.4,"SRS_ID":"32748"},"geometry":{"type":"Polygon","coordinates":[[[106.81239273632626,-6.219420867930338],[106.81674254404307,-6.215794260002167],[106.81489149900281,-6.213483983274517],[106.81288220364263,-6.211945840249463],[106.81259526958604,-6.211249849147056],[106.8127898665949,-6.210305824282766],[106.81256728658262,-6.208980822023423],[106.80992687988609,-6.2050938701312175],[106.81102501017655,-6.2042194813511875],[106.81150064121904,-6.202702103120994],[106.81111806964233,-6.20211142503456],[106.81125160041732,-6.199388042858191],[106.8099784742268,-6.198164097713757],[106.80712180802216,-6.201121463648471],[106.80093248528414,-6.2040258374075],[106.80196874964375,-6.205932515333572],[106.80561597058676,-6.210196605026611],[106.80681736170419,-6.212030715415726],[106.80855673609442,-6.213782291572739],[106.81239273632626,-6.219420867930338]]]}},{"type":"Feature","id":44,"properties":{"OBJECTID":44,"WADMKD":"Karet Tengsin","WADMKC":"Tanah Abang","WADMKK":"Kota Adm. Jakarta Pusat","KDEPUM":"31.71.07.1003","KDCPUM":"31.71.07","KDPKAB":"31.71","LUASWH":152.73,"SRS_ID":"32748"},"geometry":{"type":"Polygon","coordinates":[[[106.81837585037731,-6.214631647329831],[106.8198621528771,-6.212767817135705],[106.82157216175769,-6.209386642559158],[106.82273666461127,-6.202715799065153],[106.81280853095501,-6.200417594615468],[106.81139044638002,-6.199536511338563],[106.81111806964233,-6.20211142503456],[106.8115077335947,-6.2027978858627355],[106.81143243473234,-6.203431186583879],[106.81085637338292,-6.204489283359461],[106.81012933007072,-6.2047802626014015],[106.80994412742224,-6.205180131573959],[106.81256728658262,-6.208980822023423],[106.81281614133668,-6.210130229314925],[106.81263520838117,-6.211512450718068],[106.81489149900281,-6.213483983274517],[106.81674254404307,-6.215794260002167],[106.81837585037731,-6.214631647329831]]]}},{"type":"Feature","id":45,"properties":{"OBJECTID":45,"WADMKD":"Petamburan","WADMKC":"Tanah Abang","WADMKK":"Kota Adm. Jakarta Pusat","KDEPUM":"31.71.07.1004","KDCPUM":"31.71.07","KDPKAB":"31.71","LUASWH":88.03,"SRS_ID":"32748"},"geometry":{"type":"Polygon","coordinates":[[[106.81029277758167,-6.188866874989863],[106.8094307375986,-6.188695541814219],[106.80676906788058,-6.189125611156441],[106.80552118572618,-6.192837682580436],[106.80504748576375,-6.195813165392173],[106.80429515326878,-6.197368150876509],[106.80272168633822,-6.199067674564164],[106.80023445763666,-6.200281112433747],[106.79954685517345,-6.201326981575496],[106.80084851157639,-6.204024712431263],[106.80695683192177,-6.201207596386995],[106.80996412884069,-6.1981712743602655],[106.80952809729006,-6.196486157191039],[106.80941718014508,-6.1928274175914915],[106.80958025040813,-6.191600033733618],[106.81062474585951,-6.1890168695830345],[106.81029277758167,-6.188866874989863]]]}},{"type":"Feature","id":46,"properties":{"OBJECTID":46,"WADMKD":"Kebon Melati","WADMKC":"Tanah Abang","WADMKK":"Kota Adm. Jakarta Pusat","KDEPUM":"31.71.07.1005","KDCPUM":"31.71.07","KDPKAB":"31.71","LUASWH":126.4,"SRS_ID":"32748"},"geometry":{"type":"Polygon","coordinates":[[[106.81103432784329,-6.191171124103942],[106.809867534919,-6.1909065681303606],[106.80941843531457,-6.193692642347676],[106.80980296665963,-6.1978822965765605],[106.81127238367547,-6.1995901964324],[106.81280853095501,-6.200417594615468],[106.82261600359413,-6.2026363412156025],[106.82312841333275,-6.200752384583118],[106.82312670409418,-6.197923615135857],[106.82096115059353,-6.195566127441408],[106.8207000945777,-6.194411623657991],[106.81584227142913,-6.193555421421471],[106.81474326141044,-6.192913005877833],[106.81276593677967,-6.190980902739732],[106.81103432784329,-6.191171124103942]]]}},{"type":"Feature","id":47,"properties":{"OBJECTID":47,"WADMKD":"Kebon Kacang","WADMKC":"Tanah Abang","WADMKK":"Kota Adm. Jakarta Pusat","KDEPUM":"31.71.07.1006","KDCPUM":"31.71.07","KDPKAB":"31.71","LUASWH":72.43,"SRS_ID":"32748"},"geometry":{"type":"Polygon","coordinates":[[[106.82255698807427,-6.187021406440521],[106.81561284473021,-6.1871462094428376],[106.8153659384296,-6.188187403268142],[106.81140572435638,-6.1885815934156225],[106.81129567656895,-6.189068900367135],[106.81065352743477,-6.188939375275679],[106.80990933404841,-6.190804470022966],[106.8116650462322,-6.191277801217025],[106.812759936672,-6.190981113113198],[106.81470934042264,-6.192892034633785],[106.81595218544682,-6.1935862700802655],[106.8206197585905,-6.194364035930855],[106.821273350587,-6.191111130907017],[106.82243892082928,-6.188975638943911],[106.82255698807427,-6.187021406440521]]]}},{"type":"Feature","id":48,"properties":{"OBJECTID":48,"WADMKD":"Kampung Bali","WADMKC":"Tanah Abang","WADMKK":"Kota Adm. Jakarta Pusat","KDEPUM":"31.71.07.1007","KDCPUM":"31.71.07","KDPKAB":"31.71","LUASWH":72.61,"SRS_ID":"32748"},"geometry":{"type":"Polygon","coordinates":[[[106.82256519566847,-6.186869455934911],[106.82249209274266,-6.184724713154403],[106.82187032392528,-6.183325609637886],[106.8158081004301,-6.181550315190889],[106.8149886516616,-6.181534824439416],[106.81383178373969,-6.182196455552332],[106.81036447598977,-6.185201938119995],[106.81065670060605,-6.188904415120072],[106.81129567656895,-6.189068900367135],[106.81140572435638,-6.1885815934156225],[106.81523364940763,-6.188215515333607],[106.81565298425525,-6.18713661177085],[106.82256519566847,-6.186869455934911]]]}},{"type":"Feature","id":49,"properties":{"OBJECTID":49,"WADMKD":"Johar Baru","WADMKC":"Johar Baru","WADMKK":"Kota Adm. Jakarta Pusat","KDEPUM":"31.71.08.1001","KDCPUM":"31.71.08","KDPKAB":"31.71","LUASWH":116.94,"SRS_ID":"32748"},"geometry":{"type":"Polygon","coordinates":[[[106.85434977933802,-6.181473679998238],[106.85441109994065,-6.180977358801787],[106.85381510379791,-6.180284476566388],[106.85181553808022,-6.181257167254589],[106.85148236184857,-6.185610109933808],[106.85193718423206,-6.187552060412793],[106.85536599395785,-6.1920972561485055],[106.85998654394885,-6.189195259042261],[106.86264974633053,-6.188622580144728],[106.86374559210385,-6.188050234756804],[106.86243486058298,-6.185511836048091],[106.86144706071869,-6.181192005635604],[106.85434977933802,-6.181473679998238]]]}},{"type":"Feature","id":50,"properties":{"OBJECTID":50,"WADMKD":"Kampung Rawa","WADMKC":"Johar Baru","WADMKK":"Kota Adm. Jakarta Pusat","KDEPUM":"31.71.08.1002","KDCPUM":"31.71.08","KDPKAB":"31.71","LUASWH":30.32,"SRS_ID":"32748"},"geometry":{"type":"Polygon","coordinates":[[[106.85368166607381,-6.177299121549266],[106.8527148265528,-6.177162873575292],[106.85267035497085,-6.1774061104047435],[106.85200775363893,-6.177417675023447],[106.8517557067966,-6.181248400099065],[106.8538068318159,-6.180287274857022],[106.85434348431488,-6.180923582880754],[106.85434977933802,-6.181473679998238],[106.85992793072616,-6.181226395146878],[106.85885641959277,-6.177931572922477],[106.8555242593793,-6.178382585592196],[106.85476542476249,-6.17785880841049],[106.85466189783327,-6.177436382396365],[106.85368166607381,-6.177299121549266]]]}},{"type":"Feature","id":51,"properties":{"OBJECTID":51,"WADMKD":"Kalibaru","WADMKC":"Cilincing","WADMKK":"Kota Adm. Jakarta Utara","KDEPUM":"31.72.04.1004","KDCPUM":"31.72.04","KDPKAB":"31.72","LUASWH":493.72,"SRS_ID":"32748"},"geometry":{"type":"MultiPolygon","coordinates":[[[[106.93683183287347,-6.099546995665541],[106.93760883926053,-6.099091511211182],[106.93670225840471,-6.096125693397158],[106.93417876958557,-6.096238614707961],[106.92675221931724,-6.09756322757481],[106.92637542083888,-6.097716571406813],[106.92613016700217,-6.099531641215629],[106.9254466786187,-6.099149959363584],[106.9256888713598,-6.0987155169965535],[106.9238016498856,-6.099834863180296],[106.92024086618274,-6.10054776211321],[106.9197688187119,-6.10150520669021],[106.9198590923055,-6.1034189855921435],[106.92126789667654,-6.103495943368829],[106.92133013430363,-6.103767682943342],[106.91926435766528,-6.104260924627315],[106.91886034066148,-6.099115044635172],[106.9149836619443,-6.098919946803752],[106.91436003480294,-6.100035114236478],[106.91403902110899,-6.100019103141707],[106.91408689915696,-6.098655046921202],[106.9112703900778,-6.098552729745557],[106.91103647878259,-6.098955915554603],[106.90933387844365,-6.098946649314211],[106.90796806662844,-6.099957919874452],[106.90794223279,-6.101613664820084],[106.91036831923725,-6.101667181034991],[106.91044063905335,-6.103479447081014],[106.90933006764689,-6.103454599876059],[106.90933115368168,-6.103832960022029],[106.90779605610585,-6.1038088962523664],[106.90763679357305,-6.104279008164604],[106.90738617491424,-6.104031769282895],[106.90735214274694,-6.106196893770543],[106.90676738293489,-6.108688514412186],[106.92074130128177,-6.108264676847528],[106.92675240622992,-6.106940575550505],[106.92677615007509,-6.103591543307205],[106.93683183287347,-6.099546995665541]]],[[[106.92339151672722,-6.08929460843171],[106.9233671266568,-6.08216850459264],[106.89902742782444,-6.082314453413258],[106.89905859281573,-6.089884290038494],[106.89983414279122,-6.090235605395034],[106.91824926385837,-6.090220517199184],[106.91943799609614,-6.0895442237736725],[106.92339151672722,-6.08929460843171]]]]}},{"type":"Feature","id":52,"properties":{"OBJECTID":52,"WADMKD":"Semper Timur","WADMKC":"Cilincing","WADMKK":"Kota Adm. Jakarta Utara","KDEPUM":"31.72.04.1005","KDCPUM":"31.72.04","KDPKAB":"31.72","LUASWH":442.46000000000004,"SRS_ID":"32748"},"geometry":{"type":"Polygon","coordinates":[[[106.93297817491806,-6.1059045561259815],[106.93248790119294,-6.105016893557838],[106.92793500829937,-6.106668276603418],[106.92239455184557,-6.1080797627024],[106.92311627056931,-6.1097074599577175],[106.92596822100865,-6.120196218784335],[106.92737138569916,-6.124162916693687],[106.93621499841437,-6.136706999825064],[106.93665415931937,-6.136794680239161],[106.942679849373,-6.135207654686669],[106.9424779944432,-6.133201333968108],[106.94380573286332,-6.133172780170341],[106.94374862573486,-6.132530325768848],[106.94453372504908,-6.132530325973806],[106.94452535873083,-6.131166915300271],[106.94156455332171,-6.131018108346778],[106.94147300020079,-6.124039999657343],[106.93993382084297,-6.123977279790911],[106.93881520526068,-6.122343774066186],[106.93985426333178,-6.12228944728943],[106.9400913017029,-6.123160027805845],[106.94079933057411,-6.123077509283089],[106.9407949998833,-6.116155724696657],[106.9377097224328,-6.116408010255348],[106.9368226930338,-6.113438767072866],[106.9362204550297,-6.112500003549356],[106.93628126763076,-6.1114829620653675],[106.93554850000254,-6.111604561143263],[106.93297817491806,-6.1059045561259815]]]}},{"type":"Feature","id":53,"properties":{"OBJECTID":53,"WADMKD":"Rorotan","WADMKC":"Cilincing","WADMKK":"Kota Adm. Jakarta Utara","KDEPUM":"31.72.04.1006","KDCPUM":"31.72.04","KDPKAB":"31.72","LUASWH":1000.24,"SRS_ID":"32748"},"geometry":{"type":"Polygon","coordinates":[[[106.97020432741833,-6.128655001889401],[106.96908492395261,-6.128924890953944],[106.96901200057103,-6.129953000260279],[106.96811000014955,-6.130061999911081],[106.96809699994593,-6.130399000441009],[106.96461800007135,-6.130998000033892],[106.96414600028758,-6.1321890000847485],[106.96198800039915,-6.132104999858292],[106.96193399958354,-6.132392999901346],[106.96057299941144,-6.132188999775296],[106.96048700008231,-6.132578999923074],[106.9584875834357,-6.132423592991912],[106.95732658796186,-6.131898111401151],[106.95540198440389,-6.131838592230237],[106.95542627671588,-6.131381194129648],[106.95699858978614,-6.131502285804867],[106.95699502472762,-6.131058167199187],[106.95423995136402,-6.1306662616725935],[106.95424734758217,-6.131843179035148],[106.95180155190278,-6.131328252765748],[106.94811847921184,-6.133582669417736],[106.94041920463147,-6.135928029226713],[106.9363095841894,-6.1367882978583355],[106.93866245157284,-6.140528109605847],[106.9396061229997,-6.143198250370308],[106.94038407725988,-6.155225241303169],[106.94422029158255,-6.155016376418102],[106.94471297390203,-6.1582272516208425],[106.94438207208809,-6.162936177330287],[106.95169132537588,-6.163345474161896],[106.95204101926075,-6.161637062339362],[106.95269678055965,-6.161876497741567],[106.95323606507236,-6.160307659304939],[106.95263647866298,-6.160114987768818],[106.95323478720726,-6.158320955881993],[106.95423738441237,-6.157672042648884],[106.95474291107962,-6.157673493299531],[106.95715871058029,-6.158449407080202],[106.95851471370436,-6.159470584316363],[106.95862521791797,-6.158883804562623],[106.96099945467112,-6.158333630928079],[106.96097667669304,-6.155874289263812],[106.9632316213721,-6.156336445392428],[106.96771349735538,-6.155211872603858],[106.9680113792033,-6.155820159836255],[106.96910364724127,-6.155600206697301],[106.969191373415,-6.157315463373952],[106.97085449374364,-6.157323948754514],[106.97066295015166,-6.1544009665484065],[106.97152229184393,-6.154254276265941],[106.9713560001483,-6.152639000007696],[106.97220400008571,-6.151479000057193],[106.97189900165377,-6.1500419995921],[106.97068899959022,-6.150513000282325],[106.97082200026522,-6.149493000311252],[106.97127900017401,-6.149007999985262],[106.97133384841479,-6.147778319426237],[106.97101262090324,-6.1477366781127705],[106.97097300034974,-6.146542999900151],[106.97138700039525,-6.146430999968339],[106.97125700169127,-6.1460130002260245],[106.97177800057797,-6.145883999890183],[106.97258100029963,-6.146178000322959],[106.97182299958082,-6.14462599974174],[106.97168243856319,-6.142962487797458],[106.97026322590564,-6.140204601714542],[106.97073500017004,-6.140066000281684],[106.97063200084736,-6.137156000207548],[106.9703880002508,-6.137141999824591],[106.96959400026938,-6.132711999616252],[106.97031700010037,-6.132165999879077],[106.97020432741833,-6.128655001889401]]]}},{"type":"Feature","id":54,"properties":{"OBJECTID":54,"WADMKD":"Semper Barat","WADMKC":"Cilincing","WADMKK":"Kota Adm. Jakarta Utara","KDEPUM":"31.72.04.1007","KDCPUM":"31.72.04","KDPKAB":"31.72","LUASWH":333.88,"SRS_ID":"32748"},"geometry":{"type":"Polygon","coordinates":[[[106.92244822172442,-6.108233231830627],[106.9174008075537,-6.108320887107825],[106.91694949807565,-6.119544267341249],[106.91875909026638,-6.119583994560182],[106.92065305379596,-6.119068853145257],[106.9215487501781,-6.125161451142983],[106.92207354591105,-6.125908815268755],[106.92141022041635,-6.126558410437281],[106.91983797533696,-6.126767613335831],[106.91859139586082,-6.128357297628768],[106.91848417458846,-6.1310520272370175],[106.91918830499249,-6.131583543420522],[106.91948933633226,-6.132362381405866],[106.91904779713536,-6.133742273954192],[106.91717446433496,-6.136928058196344],[106.92287799555298,-6.136657515363084],[106.9231057518097,-6.137167503219524],[106.92544144080418,-6.137263777616266],[106.92700504529473,-6.137773660448334],[106.93138864129398,-6.137881438951173],[106.93613858804062,-6.136811293350418],[106.92737138569916,-6.124162916693687],[106.92596822100865,-6.120196218784335],[106.92303500929148,-6.109428870799453],[106.92244822172442,-6.108233231830627]]]}},{"type":"Feature","id":55,"properties":{"OBJECTID":55,"WADMKD":"Pademangan Timur","WADMKC":"Pademangan","WADMKK":"Kota Adm. Jakarta Utara","KDEPUM":"31.72.05.1001","KDCPUM":"31.72.05","KDPKAB":"31.72","LUASWH":266.71,"SRS_ID":"32748"},"geometry":{"type":"Polygon","coordinates":[[[106.85323257332418,-6.141657460059581],[106.85241164855253,-6.139079185979843],[106.85224781598339,-6.136500536330098],[106.84991641874883,-6.133987598659514],[106.84944723614701,-6.131191477738615],[106.84850171958138,-6.130245260275599],[106.84788341096412,-6.128896536007885],[106.84772363704467,-6.127327199435926],[106.84467176959686,-6.1276873088053],[106.84304245711364,-6.130121018316277],[106.83841784113392,-6.141760426325172],[106.84395668840853,-6.144920290997237],[106.84531067044927,-6.142327856651217],[106.84833602361203,-6.141737041863162],[106.8504056926312,-6.152764040977454],[106.85668035241443,-6.1518348181221185],[106.86028680062864,-6.153813193765197],[106.86113486891719,-6.1518172899363615],[106.860992721779,-6.150463744923002],[106.86019841680901,-6.149864854276708],[106.8560001992685,-6.150590809360613],[106.8558710290054,-6.149215523970258],[106.85323257332418,-6.141657460059581]]]}},{"type":"Feature","id":56,"properties":{"OBJECTID":56,"WADMKD":"Pademangan Barat","WADMKC":"Pademangan","WADMKK":"Kota Adm. Jakarta Utara","KDEPUM":"31.72.05.1002","KDCPUM":"31.72.05","KDPKAB":"31.72","LUASWH":151.66,"SRS_ID":"32748"},"geometry":{"type":"Polygon","coordinates":[[[106.83717060660553,-6.146041079145164],[106.83729660859562,-6.144578349417867],[106.84301691040388,-6.130186270428205],[106.84462377389255,-6.127798776875287],[106.83060824156246,-6.130444515831741],[106.83306039940868,-6.141487417161386],[106.83566146843438,-6.143049886089742],[106.83661484864044,-6.144431294968415],[106.83717060660553,-6.146041079145164]]]}},{"type":"Feature","id":57,"properties":{"OBJECTID":57,"WADMKD":"Grogol","WADMKC":"Grogol Petamburan","WADMKK":"Kota Adm. Jakarta Barat","KDEPUM":"31.73.02.1001","KDCPUM":"31.73.02","KDPKAB":"31.73","LUASWH":100.02,"SRS_ID":"32748"},"geometry":{"type":"Polygon","coordinates":[[[106.788645770704,-6.166888669589353],[106.80036147440455,-6.166000742380418],[106.79481296804443,-6.1533002093552],[106.79404328795736,-6.153618644599899],[106.78878919844033,-6.16588137364798],[106.788645770704,-6.166888669589353]]]}},{"type":"Feature","id":58,"properties":{"OBJECTID":58,"WADMKD":"Tanjung Duren Utara","WADMKC":"Grogol Petamburan","WADMKK":"Kota Adm. Jakarta Barat","KDEPUM":"31.73.02.1002","KDCPUM":"31.73.02","KDPKAB":"31.73","LUASWH":133.03,"SRS_ID":"32748"},"geometry":{"type":"Polygon","coordinates":[[[106.78266407498424,-6.185395787933767],[106.78322020803455,-6.185302313566886],[106.78365555238854,-6.181687851637883],[106.78354738136747,-6.173803917560785],[106.78884070526506,-6.173721881937368],[106.78991344055979,-6.1731017739854295],[106.78851057655321,-6.1708600174346575],[106.78826308374873,-6.166879545243028],[106.78629560498166,-6.166472462650409],[106.78475342763957,-6.165639787781917],[106.78014977420247,-6.164910214344093],[106.78031440395615,-6.166034766788533],[106.77948565590013,-6.166683475899239],[106.77980492505077,-6.179978514041322],[106.78266407498424,-6.185395787933767]]]}},{"type":"Feature","id":59,"properties":{"OBJECTID":59,"WADMKD":"Tomang","WADMKC":"Grogol Petamburan","WADMKK":"Kota Adm. Jakarta Barat","KDEPUM":"31.73.02.1003","KDCPUM":"31.73.02","KDPKAB":"31.73","LUASWH":179.08,"SRS_ID":"32748"},"geometry":{"type":"Polygon","coordinates":[[[106.80093512609682,-6.166836740083121],[106.80043095306026,-6.166109575204042],[106.79917849983806,-6.16609130077911],[106.78845200113794,-6.166886424000787],[106.78825134706,-6.169310751265175],[106.7889313014042,-6.171777229394089],[106.7903970771772,-6.173602250440675],[106.79518188629906,-6.1780645775923215],[106.79612704203743,-6.179422347060105],[106.79849382583966,-6.178193946571954],[106.8054893794315,-6.1734858806213255],[106.80093512609682,-6.166836740083121]]]}},{"type":"Feature","id":60,"properties":{"OBJECTID":60,"WADMKD":"Ancol","WADMKC":"Pademangan","WADMKK":"Kota Adm. Jakarta Utara","KDEPUM":"31.72.05.1003","KDCPUM":"31.72.05","KDPKAB":"31.72","LUASWH":837.23,"SRS_ID":"32748"},"geometry":{"type":"Polygon","coordinates":[[[106.87255630782657,-6.106383452950909],[106.872963884606,-6.104362206663734],[106.87141179331313,-6.105409329573511],[106.87047152689529,-6.10661549807866],[106.86782378255268,-6.108632162941226],[106.86762835566475,-6.109084563332508],[106.8638938733079,-6.111522724735771],[106.86351178084682,-6.112182291799189],[106.86353370840366,-6.1152976489448365],[106.86332595804654,-6.115334684248442],[106.86315254640286,-6.1140895435662355],[106.86271801482364,-6.114152743737589],[106.86256917083593,-6.113258906404373],[106.86264518566092,-6.114407605333381],[106.86137485206024,-6.114655026268335],[106.86060064297288,-6.108336003073797],[106.86236752686946,-6.105985413158108],[106.86058382458776,-6.1083154012264815],[106.86079703616406,-6.110180287286169],[106.85842119898385,-6.11082616294081],[106.85794222091336,-6.110760538318651],[106.85745838008262,-6.110084566378153],[106.85646189793513,-6.110282711406532],[106.85460632583703,-6.111876815902095],[106.85428503855499,-6.112472239421172],[106.85436517031894,-6.113143806088744],[106.85513604641108,-6.113846952903181],[106.85524524955905,-6.114806782035187],[106.85190401006308,-6.116477458975975],[106.84883791084327,-6.117070012375854],[106.84730123716264,-6.116822106444585],[106.84312567230788,-6.118467020935091],[106.84731288894281,-6.116851251926004],[106.84828809285865,-6.11686990464412],[106.84944180357218,-6.117451605158036],[106.85325275200768,-6.116614102594144],[106.85474018324685,-6.115325944551252],[106.85761242616503,-6.113761660432279],[106.85846546134611,-6.114103129435101],[106.85868746728056,-6.114655412588979],[106.85783864161267,-6.115906760162628],[106.85624470017186,-6.11691021483708],[106.85509938143288,-6.117128615340287],[106.85393060089774,-6.1184038072381215],[106.85358035403561,-6.118144187416786],[106.8523342392407,-6.118820118448673],[106.85173644766783,-6.118626482728541],[106.85066577644511,-6.119362909959748],[106.84953275075706,-6.119607715159437],[106.84866493131601,-6.119334518446686],[106.84874750014174,-6.119991995925203],[106.84796166890806,-6.120372801353644],[106.84691377102176,-6.120228423581088],[106.84647666236545,-6.119233477858657],[106.84652518638019,-6.120134491348038],[106.8438714445651,-6.121062135444808],[106.84316410835257,-6.12290415842551],[106.84340312107685,-6.123351601726577],[106.84273137376728,-6.123683392866119],[106.84155751114943,-6.123558691279376],[106.84053873318321,-6.123870429735828],[106.83953975869153,-6.123308487570634],[106.83930393379988,-6.122570906180091],[106.83968136128186,-6.12224294663142],[106.84205620562572,-6.122704576394813],[106.84306334659578,-6.121866667558473],[106.8426779926953,-6.121057728280177],[106.84123898295599,-6.120929818846772],[106.84079417499602,-6.1205675642008455],[106.83843420541046,-6.121099330590501],[106.83843609930517,-6.12087571744674],[106.83723834061239,-6.121075328921921],[106.83625236295063,-6.12080198018467],[106.83504580727121,-6.12168413281744],[106.8341552534161,-6.121288998277154],[106.8341369052866,-6.120843484075921],[106.83017998003896,-6.120984672086853],[106.82991881804472,-6.120189920110876],[106.82936276134315,-6.120144663845371],[106.8289018711591,-6.116610811683116],[106.83661150256823,-6.117625717090539],[106.83716121422793,-6.118423891969024],[106.83716665072124,-6.119071359015706],[106.83561051679432,-6.120471909199343],[106.83717975260407,-6.119082977978318],[106.83722980658901,-6.11856422503839],[106.83661606844169,-6.117610764568748],[106.8289956768916,-6.1165305722067],[106.82892804497472,-6.117146190238862],[106.82814012826783,-6.117154698812528],[106.82757869366418,-6.116366279131364],[106.81721933618245,-6.1148758346632235],[106.81648903492565,-6.119865263080482],[106.81461402296249,-6.119464894271191],[106.81383611379657,-6.120751950333089],[106.81311073501467,-6.120659832970891],[106.81295733413768,-6.119889314907973],[106.81239867860184,-6.119970532735093],[106.8122710783372,-6.119239844863056],[106.81202580176613,-6.119282681201196],[106.81253286330127,-6.122550828826009],[106.81183180021469,-6.122672661029136],[106.81142961830915,-6.120475621235484],[106.8095981643561,-6.120201805204993],[106.80903716438966,-6.1169361315482185],[106.8077063118101,-6.116082176926912],[106.80879005731512,-6.122161279572665],[106.80875902728394,-6.123624302368535],[106.80967718640288,-6.1268892822226455],[106.80949028363396,-6.12775766483022],[106.81045510288294,-6.1307207523125555],[106.81357504944408,-6.130057547560967],[106.81498403134573,-6.1302237335767975],[106.81695993891806,-6.1370508596140585],[106.8198689668119,-6.136326210437798],[106.82153734291514,-6.136828006992338],[106.83069953598894,-6.135136714946664],[106.83080355707168,-6.139630738725034],[106.83155917857745,-6.140787254277167],[106.83302987102786,-6.14156273623422],[106.830593246398,-6.130368113758915],[106.8513487005672,-6.12640528757239],[106.85755975044215,-6.123752655441724],[106.85771774307273,-6.124039350056701],[106.8651749965952,-6.120630477247903],[106.86618769364419,-6.119936054083451],[106.86536189986793,-6.11948829665907],[106.86505115958143,-6.1142620919770145],[106.8653560437068,-6.113830072615122],[106.86464440806182,-6.113711988912787],[106.86492520333815,-6.112385909104133],[106.87202060743249,-6.108557822022896],[106.87255630782657,-6.106383452950909]]]}},{"type":"Feature","id":61,"properties":{"OBJECTID":61,"WADMKD":"Kelapa Gading Timur","WADMKC":"Kelapa Gading","WADMKK":"Kota Adm. Jakarta Utara","KDEPUM":"31.72.06.1001","KDCPUM":"31.72.06","KDPKAB":"31.72","LUASWH":311.91,"SRS_ID":"32748"},"geometry":{"type":"Polygon","coordinates":[[[106.90909493704946,-6.15443640436477],[106.90671601430599,-6.153193253848963],[106.89333850858827,-6.1750165443647225],[106.89632303058704,-6.177894602734406],[106.90142060316778,-6.178569783407391],[106.90659041613506,-6.180528878968708],[106.90730315744524,-6.178135749405972],[106.90712967879868,-6.175936254288075],[106.90756615838087,-6.173291653676618],[106.90764376736279,-6.173096202041914],[106.90837904690169,-6.173425279571908],[106.91134807475991,-6.1681557173918495],[106.9090282771311,-6.166732545773107],[106.9101416181356,-6.164442852686522],[106.90754032429734,-6.162887078757175],[106.91144423240641,-6.156260949444591],[106.91153059299721,-6.154755851080199],[106.90909493704946,-6.15443640436477]]]}},{"type":"Feature","id":62,"properties":{"OBJECTID":62,"WADMKD":"Pegangsaan Dua","WADMKC":"Kelapa Gading","WADMKK":"Kota Adm. Jakarta Utara","KDEPUM":"31.72.06.1002","KDCPUM":"31.72.06","KDPKAB":"31.72","LUASWH":552.39,"SRS_ID":"32748"},"geometry":{"type":"Polygon","coordinates":[[[106.90659041613506,-6.180528878968708],[106.91003807735471,-6.182304594888135],[106.91207260492105,-6.182717915980834],[106.91369593059419,-6.1824276690401625],[106.92232713201761,-6.18308225115515],[106.92241812344363,-6.18284749491595],[106.92163409811322,-6.180525917659182],[106.92193807223008,-6.179975635576756],[106.921906689551,-6.1782342501851595],[106.92117653507015,-6.175930834580434],[106.92025644611604,-6.169803692113528],[106.92110592494993,-6.167443725848118],[106.92207916707942,-6.1621523325653],[106.92198792376352,-6.161007416671421],[106.92132356162384,-6.159738338746251],[106.92142295827867,-6.158649217924782],[106.92010831492526,-6.15697920078057],[106.9187154967954,-6.153282579970905],[106.91757684686613,-6.151727784054831],[106.91743192417856,-6.150969024281689],[106.91774027184205,-6.149604658314793],[106.91719550877554,-6.147628130781464],[106.91549267593776,-6.1450869806807],[106.91685186196023,-6.139107256200608],[106.91688805600742,-6.1377383784391295],[106.91638738831813,-6.137340204284123],[106.91522956555481,-6.137622846061114],[106.91450828529555,-6.137363046999853],[106.9121144128102,-6.141269370675184],[106.9098743370752,-6.142284546226361],[106.9091839760225,-6.154318167061767],[106.91133165911397,-6.154746086417842],[106.91144423240641,-6.156260949444591],[106.90752433119174,-6.16275335856879],[106.91007824380398,-6.164328218873407],[106.90893309411456,-6.166567500173949],[106.91124494590751,-6.168002622904106],[106.91124659321504,-6.168338375282344],[106.90837904690169,-6.173425279571908],[106.90775631027367,-6.173111765605239],[106.90756615838087,-6.173291653676618],[106.90712967879868,-6.175936254288075],[106.9073241283749,-6.177987766120666],[106.90659097138634,-6.180529036104626],[106.90680414627093,-6.180609538572622],[106.90659041613506,-6.180528878968708]]]}},{"type":"Feature","id":63,"properties":{"OBJECTID":63,"WADMKD":"Kelapa Gading Barat","WADMKC":"Kelapa Gading","WADMKK":"Kota Adm. Jakarta Utara","KDEPUM":"31.72.06.1003","KDCPUM":"31.72.06","KDPKAB":"31.72","LUASWH":742.1,"SRS_ID":"32748"},"geometry":{"type":"Polygon","coordinates":[[[106.89556934243357,-6.137607584448059],[106.89272899911583,-6.136910296418432],[106.89246912755199,-6.1379063629265165],[106.89195698939474,-6.1378591456131595],[106.88983464678601,-6.147381690332425],[106.88870668155674,-6.150385278091206],[106.87890340401533,-6.166419499835577],[106.881323659178,-6.16724499989369],[106.89100384858975,-6.173132129949936],[106.89325401671428,-6.175198445301053],[106.90671601430599,-6.153193253848963],[106.9091839760225,-6.154318167061767],[106.90988861001708,-6.142437921204412],[106.9092601845716,-6.142421378105235],[106.90632375890935,-6.143609947269745],[106.9054340575836,-6.142500734643354],[106.90417566378702,-6.139715454451635],[106.89556934243357,-6.137607584448059]]]}},{"type":"Feature","id":64,"properties":{"OBJECTID":64,"WADMKD":"Cengkareng Barat","WADMKC":"Cengkareng","WADMKK":"Kota Adm. Jakarta Barat","KDEPUM":"31.73.01.1001","KDCPUM":"31.73.01","KDPKAB":"31.73","LUASWH":391.55,"SRS_ID":"32748"},"geometry":{"type":"Polygon","coordinates":[[[106.72997928478341,-6.122794809374138],[106.72860126444714,-6.1232650180053065],[106.72860189730443,-6.123719630346242],[106.72719384006464,-6.1240436406022],[106.72444418439147,-6.126276976159352],[106.72293542305255,-6.126012235742318],[106.72133030455343,-6.126969412392771],[106.720414727173,-6.126817639646656],[106.71957513876944,-6.127822286180077],[106.71983206533207,-6.128213639689489],[106.71924522717035,-6.128295221609291],[106.71952208577362,-6.12901583082951],[106.71825299891644,-6.130181593607633],[106.71855630715433,-6.1305901049340745],[106.71735676541931,-6.131599058886354],[106.71863706591041,-6.13331041292183],[106.71829070683086,-6.133785728192079],[106.71857928261714,-6.1341187578523355],[106.71766615016514,-6.134518931749717],[106.71765670534464,-6.1357446599225725],[106.71693264545046,-6.136206464877291],[106.71667802199403,-6.138433271312219],[106.71732749789855,-6.142991449435931],[106.71745883896048,-6.143376763002679],[106.71825767636224,-6.1435429463967814],[106.71794495676347,-6.145520063089804],[106.71896881293438,-6.153477086177324],[106.7218999240863,-6.153244144400158],[106.72745309465304,-6.154598720195485],[106.72771104406954,-6.149340773567948],[106.72975435159556,-6.141159623426577],[106.73018742729701,-6.137738369423354],[106.72995957223542,-6.125804300237586],[106.73059098328545,-6.12334220942101],[106.72997928478341,-6.122794809374138]]]}},{"type":"Feature","id":65,"properties":{"OBJECTID":65,"WADMKD":"Duri Kosambi","WADMKC":"Cengkareng","WADMKK":"Kota Adm. Jakarta Barat","KDEPUM":"31.73.01.1002","KDCPUM":"31.73.01","KDPKAB":"31.73","LUASWH":528.7,"SRS_ID":"32748"},"geometry":{"type":"Polygon","coordinates":[[[106.72825218509745,-6.174211801573959],[106.72725550522655,-6.165312336339746],[106.72750347440554,-6.1546101872654875],[106.7223382831616,-6.153316207804071],[106.72068841026785,-6.153236423710278],[106.71853160680207,-6.153626755211862],[106.71584393732462,-6.154989957885845],[106.71611322356634,-6.157969525556076],[106.71548025291182,-6.1580852823746595],[106.71538299076394,-6.160644229552475],[106.71644695726881,-6.160726279985118],[106.71664878732732,-6.165683924790166],[106.71370182456178,-6.167888497938167],[106.71261287630094,-6.171289464447957],[106.71115876807906,-6.172612543183913],[106.71076645464589,-6.173978550122961],[106.70873249104788,-6.174659219806018],[106.70638817505882,-6.17403732996051],[106.70520891585534,-6.174848811991059],[106.70316751712284,-6.174868040419709],[106.70070594334081,-6.176764953795169],[106.70124893144104,-6.177278453580188],[106.70760899742794,-6.179185191094107],[106.71537760382948,-6.182014270281018],[106.7154036789242,-6.182293001002572],[106.71985605318794,-6.184159063882203],[106.72222464640686,-6.184772226801198],[106.72296691114576,-6.184688088923352],[106.72292801506732,-6.18426772028057],[106.72343592536946,-6.183602027384693],[106.72396249928096,-6.183962579000147],[106.72432395925458,-6.183719618553846],[106.72398916137679,-6.182479802267078],[106.72446339641017,-6.181210994883105],[106.72604517876455,-6.178503121729218],[106.72653354281294,-6.178296467754973],[106.7268974685574,-6.177474231593541],[106.72765165293667,-6.177376079408871],[106.72774357043323,-6.176654717331628],[106.72831806493335,-6.176212286240448],[106.72825218509745,-6.174211801573959]]]}},{"type":"Feature","id":66,"properties":{"OBJECTID":66,"WADMKD":"Rawa Buaya","WADMKC":"Cengkareng","WADMKK":"Kota Adm. Jakarta Barat","KDEPUM":"31.73.01.1003","KDCPUM":"31.73.01","KDPKAB":"31.73","LUASWH":372.44,"SRS_ID":"32748"},"geometry":{"type":"Polygon","coordinates":[[[106.73100067709014,-6.155342713391712],[106.72758805032684,-6.1546294357111995],[106.72725092776133,-6.165260245364973],[106.72801494657486,-6.170751804327504],[106.72836222644423,-6.176173637390736],[106.73000166169881,-6.175588794996024],[106.73099860063192,-6.175995528354191],[106.73085957044891,-6.17507596909888],[106.73197352178164,-6.174267555841127],[106.73167678569074,-6.174004235271225],[106.73206152615982,-6.172765324093259],[106.73263324967087,-6.172623978343989],[106.73353614473278,-6.171500670179585],[106.73438961759119,-6.171697218981587],[106.73471334541439,-6.171111925883814],[106.73530902621617,-6.171256400160156],[106.73572603528348,-6.1709915217114935],[106.73543227527138,-6.170341702568633],[106.73563680530194,-6.169938610855195],[106.73637215689955,-6.170406020678346],[106.737730844173,-6.169946444913496],[106.73789610303616,-6.170595340578374],[106.73832083714335,-6.170556080912381],[106.73834823406935,-6.170061071923837],[106.73779673683065,-6.169599017684753],[106.73794322490686,-6.168733562737882],[106.73835614503811,-6.168795866587033],[106.7385058206583,-6.169639287297956],[106.73887705204524,-6.169760654434656],[106.7394232686269,-6.168301866653857],[106.73988414334148,-6.168100477099002],[106.740414362568,-6.168542639895725],[106.74044252475746,-6.1676143863690776],[106.7411366520432,-6.167687359582578],[106.74152258962222,-6.168131504575526],[106.74178074577793,-6.167266084007655],[106.74274280535899,-6.166457734987135],[106.74366391676925,-6.166572863167949],[106.74393575738422,-6.165983111885632],[106.74442415496823,-6.1667477532974235],[106.74535092655614,-6.166521985656004],[106.74574993033202,-6.165755238059822],[106.74636739892782,-6.16607079429032],[106.74677730393203,-6.165850147282453],[106.74647332189139,-6.165258198647515],[106.7467883307191,-6.165029160658856],[106.74710031317579,-6.165383805584261],[106.74882052360839,-6.165728459144074],[106.74759076794942,-6.160413748558441],[106.74780351181958,-6.1556960503679585],[106.73870691183622,-6.154964263223565],[106.73437817518437,-6.154969117025056],[106.73100067709014,-6.155342713391712]]]}},{"type":"Feature","id":67,"properties":{"OBJECTID":67,"WADMKD":"Kedaung Kali Angke","WADMKC":"Cengkareng","WADMKK":"Kota Adm. Jakarta Barat","KDEPUM":"31.73.01.1004","KDCPUM":"31.73.01","KDPKAB":"31.73","LUASWH":295.92,"SRS_ID":"32748"},"geometry":{"type":"Polygon","coordinates":[[[106.76446810382178,-6.149250845125261],[106.76014902457078,-6.148584767808928],[106.75860835634951,-6.146919338321463],[106.75334498739925,-6.144113413051593],[106.75069619255983,-6.141316283797289],[106.75034717244469,-6.142486582228484],[106.75032631170738,-6.1499164171054295],[106.74830913966284,-6.1533335273152785],[106.74774737290893,-6.158174077866105],[106.75338856421935,-6.1579272864348376],[106.75939183708394,-6.159185011196199],[106.76106903761108,-6.158229809924949],[106.7630956774047,-6.158428315424786],[106.76315147026763,-6.158799958435673],[106.76665588656249,-6.159922229928832],[106.77195525615844,-6.150371986384259],[106.76824428244632,-6.148843283734935],[106.76446810382178,-6.149250845125261]]]}},{"type":"Feature","id":68,"properties":{"OBJECTID":68,"WADMKD":"Kapuk","WADMKC":"Cengkareng","WADMKK":"Kota Adm. Jakarta Barat","KDEPUM":"31.73.01.1005","KDCPUM":"31.73.01","KDPKAB":"31.73","LUASWH":520,"SRS_ID":"32748"},"geometry":{"type":"Polygon","coordinates":[[[106.74672541254968,-6.131378177329739],[106.74420720435471,-6.129626582634447],[106.73865047493643,-6.126845270445142],[106.73699179671223,-6.12836209723767],[106.7389814429176,-6.129883852355676],[106.73904027808872,-6.13048694022971],[106.73997248794088,-6.131607087735785],[106.7404578753488,-6.131578126021572],[106.74018370556553,-6.131797323594108],[106.74113080643215,-6.133166893668457],[106.74432762314936,-6.136666991429225],[106.74335486056185,-6.136728608732476],[106.74396185983603,-6.137708464779951],[106.74336612016721,-6.139146814383851],[106.74289871587776,-6.139046358594237],[106.74246082143378,-6.139811577684954],[106.74290136770009,-6.140213665378101],[106.74222327571087,-6.1408353351570195],[106.74196061928784,-6.140730525587947],[106.74020047468593,-6.142969122823444],[106.73949185729421,-6.143212622733247],[106.73946944355409,-6.14485149083883],[106.73904872920777,-6.144829274817137],[106.73887290001383,-6.1451369099501285],[106.73947904040585,-6.146337696096984],[106.74014133673641,-6.146768884415646],[106.74117562426581,-6.146757755911728],[106.74028841704168,-6.148642657854789],[106.7382071357567,-6.150194297757352],[106.73827602767453,-6.150969240341922],[106.73777687234443,-6.15199427193516],[106.73977435230529,-6.152195974829122],[106.73989045044904,-6.151659977411643],[106.74211255176196,-6.151856831039932],[106.74262388343583,-6.151479559723571],[106.7433583192382,-6.151488357850046],[106.7485521851729,-6.152694120325542],[106.75032631170738,-6.1499164171054295],[106.75034717244469,-6.142486582228484],[106.75059110196281,-6.14129297715481],[106.75332980118446,-6.144104644083326],[106.75860835634951,-6.146919338321463],[106.76046316062292,-6.148743992724781],[106.76454959937735,-6.149253286767513],[106.76857182502012,-6.148882879705375],[106.77188639683386,-6.1503428137908],[106.77209342087048,-6.150206575443363],[106.77519193232706,-6.144832080021826],[106.77550274512174,-6.141732774577057],[106.77454317109253,-6.141316484895488],[106.77291826261933,-6.141474511125814],[106.76835239010278,-6.140696141967997],[106.75628548338996,-6.136591249049013],[106.75054056977453,-6.134236073723162],[106.74672541254968,-6.131378177329739]]]}},{"type":"Feature","id":69,"properties":{"OBJECTID":69,"WADMKD":"Cengkareng Timur","WADMKC":"Cengkareng","WADMKK":"Kota Adm. Jakarta Barat","KDEPUM":"31.73.01.1006","KDCPUM":"31.73.01","KDPKAB":"31.73","LUASWH":453.32,"SRS_ID":"32748"},"geometry":{"type":"Polygon","coordinates":[[[106.73992128277766,-6.131542312231454],[106.73904027808872,-6.13048694022971],[106.73901290210802,-6.129899235908113],[106.737006476749,-6.1283776872296105],[106.73856638997657,-6.126963120402042],[106.73827999164115,-6.126584053962786],[106.7335391414439,-6.123274166221281],[106.73165842373183,-6.121562496710581],[106.73059200010674,-6.1233389997695005],[106.72998322089362,-6.125660240115165],[106.73018742729701,-6.137738369423354],[106.72975435159556,-6.141159623426577],[106.72772966697964,-6.149198445670829],[106.72766151202319,-6.15464615573925],[106.7309241156158,-6.155334650997205],[106.7345272138658,-6.154964223751759],[106.73886575063406,-6.15496824878946],[106.74795984591402,-6.155706696352933],[106.74850344703927,-6.1528660920970655],[106.74822847317813,-6.152554708120335],[106.7433745443991,-6.1514857106915155],[106.7422300045764,-6.15152811991143],[106.7421150519438,-6.151838360606393],[106.7400054977963,-6.151612027214445],[106.73942695419103,-6.15211293841099],[106.73777359244593,-6.152025845235073],[106.73835557335971,-6.15114944518807],[106.73827482817748,-6.150144787672114],[106.74019350543088,-6.148756304227819],[106.7412502393052,-6.146885869044023],[106.73959079829922,-6.146397904074668],[106.73887153367365,-6.145139302432766],[106.73946944355409,-6.14485149083883],[106.73949185729421,-6.143212622733247],[106.74020047468593,-6.142969122823444],[106.74186879381674,-6.14080096824491],[106.7429302176302,-6.140273487441856],[106.74242271827285,-6.139936950150681],[106.74252054561019,-6.1396922057154],[106.74296052006083,-6.138993827615543],[106.74335895886213,-6.139163772768098],[106.74404072824268,-6.137506219665891],[106.74327309898965,-6.136809348381793],[106.74429364755946,-6.136729411604466],[106.74113080643215,-6.133166893668457],[106.74026593023969,-6.131976133117221],[106.7404578753488,-6.131578126021572],[106.73992128277766,-6.131542312231454]]]}},{"type":"Feature","id":70,"properties":{"OBJECTID":70,"WADMKD":"Sunter Jaya","WADMKC":"Tanjung Priok","WADMKK":"Kota Adm. Jakarta Utara","KDEPUM":"31.72.02.1002","KDCPUM":"31.72.02","KDPKAB":"31.72","LUASWH":515.22,"SRS_ID":"32748"},"geometry":{"type":"Polygon","coordinates":[[[106.87722280868468,-6.163534222137082],[106.8813668655493,-6.162529372624992],[106.88175632340557,-6.162070236585693],[106.88853400593925,-6.150761685167471],[106.88965048999012,-6.148061616281421],[106.89091042920887,-6.142506737185251],[106.87916366213473,-6.138872252548132],[106.87707879191396,-6.1423042267529055],[106.87758109120651,-6.145405044628836],[106.8583017443249,-6.14895757339984],[106.86041459665124,-6.149959151930244],[106.86108344501126,-6.1506749194419434],[106.86113486891719,-6.1518172899363615],[106.86035812773467,-6.153775756280494],[106.87722280868468,-6.163534222137082]]]}},{"type":"Feature","id":71,"properties":{"OBJECTID":71,"WADMKD":"Papanggo","WADMKC":"Tanjung Priok","WADMKK":"Kota Adm. Jakarta Utara","KDEPUM":"31.72.02.1003","KDCPUM":"31.72.02","KDPKAB":"31.72","LUASWH":299.92,"SRS_ID":"32748"},"geometry":{"type":"Polygon","coordinates":[[[106.86519973158977,-6.122938540984232],[106.86393877741162,-6.122572253423582],[106.86382599106544,-6.121686244808296],[106.86562746202323,-6.120823882261849],[106.86627861444688,-6.120062769161925],[106.85771774307273,-6.124039350056701],[106.85865564943191,-6.12674678072472],[106.86008315667361,-6.129119074600503],[106.86496815156482,-6.133373713571862],[106.87149309755226,-6.1312308880454784],[106.87216223503279,-6.134574842686644],[106.87220424140168,-6.137237179989739],[106.87406111860861,-6.1372217315826925],[106.87908715921077,-6.138744821012521],[106.88025767956269,-6.136699240941122],[106.88250226765513,-6.1309351937244925],[106.88397912161716,-6.1270751541433075],[106.88379692365199,-6.12650399921262],[106.87988300663342,-6.1265430342430065],[106.87584536630314,-6.126043242583154],[106.87334173771764,-6.126068677740751],[106.87156515555623,-6.120905480443434],[106.86883839193145,-6.121446963162047],[106.86738401457484,-6.122317243337943],[106.86558868594608,-6.1225998641293105],[106.86519973158977,-6.122938540984232]]]}},{"type":"Feature","id":72,"properties":{"OBJECTID":72,"WADMKD":"Sungai Bambu","WADMKC":"Tanjung Priok","WADMKK":"Kota Adm. Jakarta Utara","KDEPUM":"31.72.02.1004","KDCPUM":"31.72.02","KDPKAB":"31.72","LUASWH":238.12,"SRS_ID":"32748"},"geometry":{"type":"Polygon","coordinates":[[[106.88436210790542,-6.123684327814123],[106.88465741494471,-6.117034011416528],[106.88445295807762,-6.111120218251767],[106.87985695838692,-6.114602121578877],[106.88397906681611,-6.127125972810825],[106.88025767956269,-6.136699240941122],[106.87908715921077,-6.138744821012521],[106.8908678663699,-6.1424629924462835],[106.89242988685386,-6.135781893233265],[106.8923643988505,-6.1336542511795455],[106.89365374241777,-6.130097806555549],[106.89367446700795,-6.127833027236392],[106.89130561842668,-6.127922711553398],[106.8911490400233,-6.127536774441181],[106.88404348660382,-6.126188348748228],[106.88436210790542,-6.123684327814123]]]}},{"type":"Feature","id":73,"properties":{"OBJECTID":73,"WADMKD":"Kebon Bawang","WADMKC":"Tanjung Priok","WADMKK":"Kota Adm. Jakarta Utara","KDEPUM":"31.72.02.1005","KDCPUM":"31.72.02","KDPKAB":"31.72","LUASWH":172.78,"SRS_ID":"32748"},"geometry":{"type":"Polygon","coordinates":[[[106.88501645117672,-6.111047765041639],[106.88463427501065,-6.111267399707576],[106.8844901480449,-6.122370546216998],[106.88424135929064,-6.125738741898375],[106.88393453668041,-6.125987855440194],[106.8909852629941,-6.127499654829895],[106.89118522242794,-6.1279225558655535],[106.89367411444287,-6.127823984351316],[106.89321349683948,-6.111442464348857],[106.88501645117672,-6.111047765041639]]]}},{"type":"Feature","id":74,"properties":{"OBJECTID":74,"WADMKD":"Sunter Agung","WADMKC":"Tanjung Priok","WADMKK":"Kota Adm. Jakarta Utara","KDEPUM":"31.72.02.1006","KDCPUM":"31.72.02","KDPKAB":"31.72","LUASWH":527.64,"SRS_ID":"32748"},"geometry":{"type":"Polygon","coordinates":[[[106.86496815156482,-6.133373713571862],[106.85989229115792,-6.1288971267217525],[106.85865564943191,-6.12674678072472],[106.85761230165716,-6.12377302863824],[106.8519941640107,-6.126197388565653],[106.84766949236315,-6.127151205847808],[106.84778253862089,-6.128670916655395],[106.84850171958138,-6.130245260275599],[106.84944723614701,-6.131191477738615],[106.84990545366733,-6.133956626429428],[106.85227965900681,-6.136601686027754],[106.85250981160726,-6.139500158685878],[106.8558710290054,-6.149215523970258],[106.8559816210398,-6.150393842926038],[106.85626754356245,-6.150590795299676],[106.86012872523617,-6.149842002956729],[106.85860590532862,-6.149186729592119],[106.85845739499793,-6.1488315383070535],[106.87753450121374,-6.14540522725906],[106.87707521009214,-6.14235088622383],[106.87904368926729,-6.138826750313597],[106.87406111860861,-6.1372217315826925],[106.87231535074403,-6.137222323092395],[106.87201854270708,-6.1333812342211935],[106.87149309755226,-6.1312308880454784],[106.86496815156482,-6.133373713571862]]]}},{"type":"Feature","id":75,"properties":{"OBJECTID":75,"WADMKD":"Warakas","WADMKC":"Tanjung Priok","WADMKK":"Kota Adm. Jakarta Utara","KDEPUM":"31.72.02.1007","KDCPUM":"31.72.02","KDPKAB":"31.72","LUASWH":108.56,"SRS_ID":"32748"},"geometry":{"type":"Polygon","coordinates":[[[106.88305641859047,-6.124274025592084],[106.87980192159075,-6.114658157142874],[106.8716221377728,-6.121054159595612],[106.87323253118682,-6.1259591613559135],[106.87349698238457,-6.126049998958007],[106.88008234266574,-6.12654471412254],[106.88379692365199,-6.12650399921262],[106.88305641859047,-6.124274025592084]]]}},{"type":"Feature","id":76,"properties":{"OBJECTID":76,"WADMKD":"Koja","WADMKC":"Koja","WADMKK":"Kota Adm. Jakarta Utara","KDEPUM":"31.72.03.1001","KDCPUM":"31.72.03","KDPKAB":"31.72","LUASWH":257.01,"SRS_ID":"32748"},"geometry":{"type":"Polygon","coordinates":[[[106.90529657916366,-6.104849005282493],[106.90549863826212,-6.098570369981119],[106.90514194162076,-6.09793186826715],[106.89276994156792,-6.097366504135616],[106.89240835812255,-6.106872704068813],[106.8916520038162,-6.106558566345963],[106.89153228072963,-6.107429660416412],[106.89299179227847,-6.1075029687025735],[106.89316325923815,-6.107940000038337],[106.89312424242536,-6.113876901359966],[106.90308057367481,-6.114400560151686],[106.9030800751816,-6.11203683841801],[106.90656444678086,-6.1119164297459605],[106.90676412183493,-6.108531486656276],[106.90639113187983,-6.107819916118832],[106.90593674259053,-6.107775161693864],[106.90524571326917,-6.107087712573687],[106.90529657916366,-6.104849005282493]]]}},{"type":"Feature","id":77,"properties":{"OBJECTID":77,"WADMKD":"Tugu Utara","WADMKC":"Koja","WADMKK":"Kota Adm. Jakarta Utara","KDEPUM":"31.72.03.1002","KDCPUM":"31.72.03","KDPKAB":"31.72","LUASWH":231.84,"SRS_ID":"32748"},"geometry":{"type":"Polygon","coordinates":[[[106.91335743974872,-6.118492750387189],[106.91020632364776,-6.118280019633349],[106.91017226167915,-6.119095015626195],[106.90975294670547,-6.119153130741271],[106.90333496659309,-6.11894752766215],[106.90371803228169,-6.1298584362302035],[106.90902912558597,-6.129247585867344],[106.91068888315814,-6.129952483280907],[106.91255526064808,-6.131271132715067],[106.9139207727799,-6.13136844396098],[106.91637867009547,-6.130180043757812],[106.91767707403696,-6.129075467416571],[106.9183104172689,-6.129252490550529],[106.91863135385493,-6.1282183057163975],[106.91981435711699,-6.126818792912902],[106.92136492490631,-6.126584840376019],[106.92212098814053,-6.1260261925891815],[106.92156470432111,-6.125242285357966],[106.92067223455611,-6.119132419766784],[106.91895683228016,-6.119606163928432],[106.91694949807565,-6.119544267341249],[106.91694894818026,-6.118662429673977],[106.91335743974872,-6.118492750387189]]]}},{"type":"Feature","id":78,"properties":{"OBJECTID":78,"WADMKD":"Lagoa","WADMKC":"Koja","WADMKK":"Kota Adm. Jakarta Utara","KDEPUM":"31.72.03.1003","KDCPUM":"31.72.03","KDPKAB":"31.72","LUASWH":159.1,"SRS_ID":"32748"},"geometry":{"type":"Polygon","coordinates":[[[106.9173931345784,-6.1086719845834985],[106.91708592491707,-6.1082720357945774],[106.91057422518524,-6.108766073040763],[106.90680834225076,-6.108691599641009],[106.90656444678086,-6.1119164297459605],[106.90321997788811,-6.111964439649536],[106.90308903292048,-6.11221593802287],[106.90331976241643,-6.118759454142821],[106.91011209308628,-6.119166719570681],[106.91020629034202,-6.118280815389393],[106.916909730052,-6.118660171959233],[106.9173931345784,-6.1086719845834985]]]}},{"type":"Feature","id":79,"properties":{"OBJECTID":79,"WADMKD":"Rawa Badak Utara","WADMKC":"Koja","WADMKK":"Kota Adm. Jakarta Utara","KDEPUM":"31.72.03.1004","KDCPUM":"31.72.03","KDPKAB":"31.72","LUASWH":125.46000000000001,"SRS_ID":"32748"},"geometry":{"type":"Polygon","coordinates":[[[106.89644280318505,-6.114089308819718],[106.89324145410383,-6.114037157158729],[106.89313269582297,-6.114384993329351],[106.89371767013039,-6.127710857063526],[106.89353805088868,-6.130599923668939],[106.89418389592223,-6.130749497801103],[106.89590994919091,-6.123490176655456],[106.90348033230237,-6.1235276973930155],[106.90317715657527,-6.114473946779697],[106.89644280318505,-6.114089308819718]]]}},{"type":"Feature","id":80,"properties":{"OBJECTID":80,"WADMKD":"Tugu Selatan","WADMKC":"Koja","WADMKK":"Kota Adm. Jakarta Utara","KDEPUM":"31.72.03.1005","KDCPUM":"31.72.03","KDPKAB":"31.72","LUASWH":183.78,"SRS_ID":"32748"},"geometry":{"type":"Polygon","coordinates":[[[106.91872487173325,-6.131389568040743],[106.91836719818342,-6.129431180079292],[106.91786725719501,-6.129082953882115],[106.91624770843418,-6.1302555693687415],[106.91359796176722,-6.131399414434925],[106.91255526064808,-6.131271132715067],[106.9108266027625,-6.130029486347563],[106.90882019259641,-6.1292162848430465],[106.90371899492402,-6.129931207667979],[106.90389759713057,-6.1349533402427845],[106.90428837173226,-6.137017211746166],[106.9040623990434,-6.137396138044163],[106.90466525630441,-6.137809453439558],[106.90454599882189,-6.13817059461837],[106.9048276974357,-6.1384246704305],[106.90482862137202,-6.139265063121216],[106.90457294857083,-6.139272477597914],[106.9044406235926,-6.13993722990735],[106.90494264096927,-6.14156959187753],[106.90599583609323,-6.143315503928641],[106.90639062092521,-6.143564645904503],[106.9086085383646,-6.142892331972571],[106.91203231678644,-6.141331566437767],[106.91439820713114,-6.137500186002353],[106.91638702172219,-6.1373402471866765],[106.9169103548121,-6.137663663584886],[106.9172204869826,-6.13653194345212],[106.9192929726921,-6.133078729795641],[106.91951683578444,-6.132200472825357],[106.91872487173325,-6.131389568040743]]]}},{"type":"Feature","id":81,"properties":{"OBJECTID":81,"WADMKD":"Rawa Badak Selatan","WADMKC":"Koja","WADMKK":"Kota Adm. Jakarta Utara","KDEPUM":"31.72.03.1006","KDCPUM":"31.72.03","KDPKAB":"31.72","LUASWH":182.51,"SRS_ID":"32748"},"geometry":{"type":"Polygon","coordinates":[[[106.89816171993502,-6.123491338948899],[106.8959520002989,-6.123490999983345],[106.89420822339329,-6.130647121754477],[106.89353805088868,-6.130599923668939],[106.89247731570288,-6.1332377595836105],[106.89246604761345,-6.135530583858906],[106.89198257555141,-6.1377542026754215],[106.89242262559878,-6.137993636030157],[106.89269463916895,-6.136974335331364],[106.89304729558114,-6.1369929865888455],[106.9043294750626,-6.139800811687217],[106.9048333403443,-6.138611726880611],[106.90452421667227,-6.13821276870466],[106.90474469300523,-6.137852581005491],[106.90412082171424,-6.137305529247563],[106.90389798913216,-6.134852035796907],[106.90348467507941,-6.123625792589333],[106.89816171993502,-6.123491338948899]]]}},{"type":"Feature","id":82,"properties":{"OBJECTID":82,"WADMKD":"Cilincing","WADMKC":"Cilincing","WADMKK":"Kota Adm. Jakarta Utara","KDEPUM":"31.72.04.1001","KDCPUM":"31.72.04","KDPKAB":"31.72","LUASWH":725.44,"SRS_ID":"32748"},"geometry":{"type":"Polygon","coordinates":[[[106.95514531582752,-6.0950084817895345],[106.95477581442603,-6.0895740302859],[106.95033067031282,-6.090088864751397],[106.95073784305175,-6.095460682880076],[106.94861211471486,-6.095510051223764],[106.94787646212056,-6.090509026984759],[106.94784456931826,-6.091173521832467],[106.94745685008458,-6.091645626177645],[106.94760107533166,-6.092248195012356],[106.94723462956294,-6.092506935582483],[106.94756948386318,-6.0932111118325984],[106.94637532892834,-6.093943335550527],[106.94725194838392,-6.094228060156258],[106.9472695442245,-6.094671372722846],[106.94704004706682,-6.095012929414502],[106.94640155943017,-6.094690245352665],[106.94640910760239,-6.096429420441403],[106.9467294923611,-6.096643963955353],[106.94975804402965,-6.096543001979219],[106.94749461443968,-6.096802494550712],[106.9455069001498,-6.097698195264539],[106.94495485257939,-6.097766655861401],[106.94470388912838,-6.097275471446255],[106.94471915203687,-6.097691074709501],[106.94380727158403,-6.098031946101078],[106.9411300595713,-6.098228118813841],[106.94044378172156,-6.097995847310869],[106.94027986005102,-6.09743007268641],[106.93958790035221,-6.097728690684576],[106.93935519579337,-6.096150244231819],[106.93670225840471,-6.096125693397158],[106.93759388837472,-6.099038346699922],[106.93742214910671,-6.099183429375873],[106.9266431469105,-6.103619415401587],[106.92681766326967,-6.106844728720468],[106.9325306424316,-6.105129976838545],[106.93554454119905,-6.111588039939303],[106.9363514573199,-6.11162519762182],[106.9362204550297,-6.112500003549356],[106.9368226930338,-6.113438767072866],[106.9377097224328,-6.116408010255348],[106.94079454020856,-6.11596668077642],[106.94080008522934,-6.12295680596699],[106.94009473776289,-6.12317177614393],[106.93989132729385,-6.122436208037713],[106.9388276029018,-6.122338274717722],[106.93913686380807,-6.123191787575562],[106.93997398042052,-6.124030649279954],[106.94147249794604,-6.124002490561685],[106.94156455332171,-6.131018108346778],[106.94450529392445,-6.130988435303137],[106.94453372504908,-6.132530325973806],[106.94374862573486,-6.132530325768848],[106.94380573286332,-6.133172780170341],[106.9424779944432,-6.133201333968108],[106.942679849373,-6.135207654686669],[106.9482405415547,-6.13354244440671],[106.95184680170841,-6.131302714024816],[106.95285041881122,-6.131084793240239],[106.9532007822721,-6.12524913013816],[106.95286391406255,-6.121116842424127],[106.95318735641297,-6.120093079555667],[106.95249877580517,-6.11985689957952],[106.95243809954853,-6.119232291605614],[106.95157221433344,-6.118752552400381],[106.9484053899002,-6.117987476363446],[106.94668266804476,-6.117138199814765],[106.94658891639808,-6.11683838720313],[106.94527651693406,-6.116990220880613],[106.94489506638145,-6.116607005426804],[106.9448201532669,-6.115734822403165],[106.94494129636526,-6.115071760179197],[106.94570053640923,-6.114160661420161],[106.94636278882356,-6.114501638056983],[106.9489300369652,-6.1146585406886755],[106.94967504973337,-6.114127208646568],[106.94826663882478,-6.1129880472799485],[106.9479182939474,-6.110189676745524],[106.95255465727502,-6.1100944393282175],[106.95796288229027,-6.108624424425193],[106.95726638068511,-6.106027798935999],[106.95662363943255,-6.105637213862217],[106.95541033266183,-6.1060248162869035],[106.9549349276254,-6.105871665562231],[106.95351064411778,-6.1027899559312235],[106.95374700616603,-6.101945969929712],[106.95704551610372,-6.09740184899508],[106.95662656640525,-6.097303814845641],[106.95691980110544,-6.096812403051244],[106.95705165395543,-6.094060161338705],[106.9568156983331,-6.095787412189175],[106.95651159376531,-6.0957747595797676],[106.95648284824914,-6.094952936650473],[106.95514531582752,-6.0950084817895345]]]}},{"type":"Feature","id":83,"properties":{"OBJECTID":83,"WADMKD":"Sukapura","WADMKC":"Cilincing","WADMKK":"Kota Adm. Jakarta Utara","KDEPUM":"31.72.04.1002","KDCPUM":"31.72.04","KDPKAB":"31.72","LUASWH":575.53,"SRS_ID":"32748"},"geometry":{"type":"Polygon","coordinates":[[[106.9230722845959,-6.136693935402963],[106.91724835497261,-6.137065687730736],[106.91546305233672,-6.144728473588004],[106.91577585488224,-6.145776286244873],[106.9171564903723,-6.147554363645227],[106.91748613680983,-6.148475886892387],[106.91774027184205,-6.149604658314793],[106.91743192417856,-6.150969024281689],[106.91757684686613,-6.151727784054831],[106.9187154967954,-6.153282579970905],[106.9201991919075,-6.157173422923956],[106.9214926631558,-6.158785133708838],[106.92130899312244,-6.159662471722286],[106.92197549697111,-6.161175315202775],[106.92423814972382,-6.161206465692161],[106.92861273380147,-6.160386892442262],[106.92845465158274,-6.160138824040494],[106.9297100803553,-6.159633604215986],[106.93294626773599,-6.159104332055881],[106.93347081799496,-6.158346014875057],[106.935688009047,-6.158562817441557],[106.93898801176513,-6.152337342630004],[106.94015249791073,-6.151237359016161],[106.93967433343177,-6.143557151851146],[106.93844391441282,-6.140118189572197],[106.93615341616699,-6.136863901963774],[106.93112184824145,-6.137879091705349],[106.92679445543526,-6.137765590780951],[106.92550780470157,-6.137275543850064],[106.92315317917426,-6.137216217114028],[106.9230722845959,-6.136693935402963]]]}},{"type":"Feature","id":84,"properties":{"OBJECTID":84,"WADMKD":"Marunda","WADMKC":"Cilincing","WADMKK":"Kota Adm. Jakarta Utara","KDEPUM":"31.72.04.1003","KDCPUM":"31.72.04","KDPKAB":"31.72","LUASWH":808.54,"SRS_ID":"32748"},"geometry":{"type":"Polygon","coordinates":[[[106.96804536173433,-6.091110728799258],[106.96793802839743,-6.088885706345835],[106.96793332008733,-6.091194017837009],[106.96634134322163,-6.091901516776107],[106.96776042641349,-6.091496184709773],[106.96789480159268,-6.092053972206554],[106.9665065452036,-6.093458078266842],[106.96485805470559,-6.093732191630226],[106.96365401811792,-6.0923007321859615],[106.96180885995258,-6.092654764333471],[106.95925652340775,-6.093753640263003],[106.95869051358011,-6.093249714698999],[106.95866927526244,-6.0960928544076936],[106.95760402361819,-6.097335239985042],[106.95704935143587,-6.097393932238685],[106.95351990464107,-6.102564932399479],[106.95486841015061,-6.1058195285492864],[106.9555783730147,-6.106009299355924],[106.95679243907388,-6.105659245124093],[106.95721348639975,-6.105958649824329],[106.95799152319634,-6.108616375728578],[106.95255465727502,-6.1100944393282175],[106.94791136592414,-6.110161702340123],[106.94826663882478,-6.1129880472799485],[106.94953245043536,-6.113915828243202],[106.9495501286206,-6.11434135997293],[106.948818443815,-6.114708986418085],[106.94559584073843,-6.114232996409435],[106.94494129636526,-6.115071760179197],[106.94481667786933,-6.116426164236357],[106.94513374969439,-6.116936683708188],[106.94581296630145,-6.117169909442563],[106.9464290171011,-6.116783184743212],[106.9485100845616,-6.118030306711464],[106.95178636582163,-6.118802521629282],[106.95243810001422,-6.119185894413102],[106.95249877580517,-6.11985689957952],[106.95319069776151,-6.120067006395878],[106.9528637125846,-6.121099920004703],[106.95319788631842,-6.1243021767673635],[106.95291191281179,-6.130858011573169],[106.95209691960436,-6.131208630444655],[106.95253531485706,-6.131666091661046],[106.95419514791931,-6.131841416581288],[106.95423995136402,-6.1306662616725935],[106.95446048485086,-6.130663068608147],[106.95682607972499,-6.131060236279156],[106.95699858978614,-6.131502285804867],[106.95549876956335,-6.1312607010520015],[106.95558618232104,-6.1318569630961886],[106.95724959112691,-6.131854475657706],[106.9584780242166,-6.1324212085506495],[106.96042112922382,-6.1325619174244554],[106.96057299941144,-6.132188999775296],[106.96193399958354,-6.132392999901346],[106.96198800039915,-6.132104999858292],[106.96414600028758,-6.1321890000847485],[106.96461800007135,-6.130998000033892],[106.96809699994593,-6.130399000441009],[106.96811000014955,-6.130061999911081],[106.96901200057103,-6.129953000260279],[106.96908492395261,-6.128924890953944],[106.97020432741833,-6.128655001889401],[106.97078672177174,-6.1259221696678],[106.97071899969356,-6.124937000337524],[106.97105485644961,-6.124949968576085],[106.97108162462773,-6.124676329805783],[106.9703648120539,-6.123061270775193],[106.97075799961988,-6.12060000011986],[106.9702120001128,-6.116657999114505],[106.96998699961753,-6.11671000037174],[106.96986999969512,-6.114331001437239],[106.97032000079669,-6.113546999964772],[106.96999004755884,-6.111735036338034],[106.97043917044824,-6.111488168436029],[106.97023969200768,-6.110627595915605],[106.9704538434355,-6.1101612209346206],[106.97009692388434,-6.108633607064883],[106.9703248390778,-6.107533009303003],[106.96991140419755,-6.104739926639399],[106.9699550832492,-6.1017322224064285],[106.9703875821983,-6.100210860441476],[106.97008933342198,-6.0994367787311825],[106.97020499969535,-6.097770000430886],[106.9704518203806,-6.096655180893381],[106.9709858590526,-6.096262053062268],[106.97019465778779,-6.093647414059135],[106.97004703401335,-6.090773229266203],[106.96972056460757,-6.091155303312061],[106.96804536173433,-6.091110728799258]]]}},{"type":"Feature","id":85,"properties":{"OBJECTID":85,"WADMKD":"Sukabumi Utara","WADMKC":"Kebon Jeruk","WADMKK":"Kota Adm. Jakarta Barat","KDEPUM":"31.73.05.1002","KDCPUM":"31.73.05","KDPKAB":"31.73","LUASWH":158.49,"SRS_ID":"32748"},"geometry":{"type":"Polygon","coordinates":[[[106.7826994622266,-6.202230042079288],[106.77619014257472,-6.20258439612265],[106.77489496096605,-6.20235434017613],[106.77439284678422,-6.202744520342796],[106.77382665519546,-6.203940684592903],[106.77397832833047,-6.205044264083261],[106.77233905077071,-6.206695343586206],[106.7714333327513,-6.210332667139602],[106.77198641795134,-6.213306919584934],[106.77353827144715,-6.215167324632363],[106.7737909858993,-6.216355675299626],[106.7771489835965,-6.2160907710923015],[106.77760727021469,-6.215188735909897],[106.77780214390397,-6.213575554093886],[106.78241459857102,-6.213304339773791],[106.7833310228126,-6.212748631039735],[106.78358449598888,-6.211566145581526],[106.7826994622266,-6.202230042079288]]]}},{"type":"Feature","id":86,"properties":{"OBJECTID":86,"WADMKD":"Jelambar","WADMKC":"Grogol Petamburan","WADMKK":"Kota Adm. Jakarta Barat","KDEPUM":"31.73.02.1004","KDCPUM":"31.73.02","KDPKAB":"31.73","LUASWH":157.71,"SRS_ID":"32748"},"geometry":{"type":"Polygon","coordinates":[[[106.7824179449154,-6.152875607707837],[106.78136385214427,-6.152727132740992],[106.77992689312713,-6.155702146285491],[106.78011978114979,-6.1562895360279155],[106.77941171670625,-6.161417448249379],[106.7815634539932,-6.161795434580649],[106.78131050311174,-6.163239864167183],[106.78140960224738,-6.1639036735624515],[106.78173603468079,-6.163966028991549],[106.78165600037671,-6.164886999136694],[106.78826308374873,-6.166879545243028],[106.79321983282458,-6.155546311253599],[106.79224068556707,-6.155176189010135],[106.7875533354404,-6.154918647314707],[106.78673650044384,-6.1534562465544145],[106.78729280198506,-6.152666036628363],[106.7824179449154,-6.152875607707837]]]}},{"type":"Feature","id":87,"properties":{"OBJECTID":87,"WADMKD":"Tanjung Duren Selatan","WADMKC":"Grogol Petamburan","WADMKK":"Kota Adm. Jakarta Barat","KDEPUM":"31.73.02.1005","KDCPUM":"31.73.02","KDPKAB":"31.73","LUASWH":135.77,"SRS_ID":"32748"},"geometry":{"type":"Polygon","coordinates":[[[106.7880978196646,-6.185079589585783],[106.79204033861896,-6.183730343598434],[106.79471620870254,-6.180394291441629],[106.79612704203743,-6.179422347060105],[106.79506847306605,-6.177947145438867],[106.78991585915104,-6.173099640095306],[106.78901567219427,-6.1737077652255055],[106.78356455495498,-6.173803610443652],[106.78368078058668,-6.181268501698272],[106.78321932405171,-6.185293302613573],[106.7880978196646,-6.185079589585783]]]}},{"type":"Feature","id":88,"properties":{"OBJECTID":88,"WADMKD":"Jelambar Baru","WADMKC":"Grogol Petamburan","WADMKK":"Kota Adm. Jakarta Barat","KDEPUM":"31.73.02.1006","KDCPUM":"31.73.02","KDPKAB":"31.73","LUASWH":149.46,"SRS_ID":"32748"},"geometry":{"type":"Polygon","coordinates":[[[106.79345721328713,-6.15054221632381],[106.78924424193636,-6.142599052597788],[106.78786878669034,-6.143172674560667],[106.78083275695599,-6.143782861309211],[106.78092953108931,-6.150614344189918],[106.78154548759903,-6.151567481905141],[106.78139479034104,-6.152430581308639],[106.78189503180437,-6.152843309180004],[106.78719581959085,-6.152708756202983],[106.78678671039184,-6.153296142809179],[106.78740361564226,-6.154804064702916],[106.79322561187088,-6.155466286289475],[106.79404291211831,-6.153618908078249],[106.79474206377307,-6.1531174079104325],[106.79345721328713,-6.15054221632381]]]}},{"type":"Feature","id":89,"properties":{"OBJECTID":89,"WADMKD":"Wijaya Kusuma","WADMKC":"Grogol Petamburan","WADMKK":"Kota Adm. Jakarta Barat","KDEPUM":"31.73.02.1007","KDCPUM":"31.73.02","KDPKAB":"31.73","LUASWH":227.70000000000002,"SRS_ID":"32748"},"geometry":{"type":"Polygon","coordinates":[[[106.78089785559267,-6.149694971574454],[106.78069453656805,-6.143793228923727],[106.77705436820415,-6.144110812900892],[106.77477033008388,-6.145564426336486],[106.76776694540845,-6.157771421716653],[106.76882047427225,-6.158884191814127],[106.76976109565071,-6.16114015455387],[106.77908776362962,-6.164867736327769],[106.78152157297694,-6.164967809920396],[106.7816922453422,-6.164146109571807],[106.7813310779411,-6.163328146277358],[106.78155977986688,-6.161902721648701],[106.77940917884867,-6.161401143184391],[106.78024073572034,-6.1560151869330575],[106.77995609858222,-6.155810020921868],[106.7814854936242,-6.152529398578996],[106.78153946321424,-6.151542942204861],[106.78089785559267,-6.149694971574454]]]}},{"type":"Feature","id":90,"properties":{"OBJECTID":90,"WADMKD":"Taman Sari","WADMKC":"Taman Sari","WADMKK":"Kota Adm. Jakarta Barat","KDEPUM":"31.73.03.1001","KDCPUM":"31.73.03","KDPKAB":"31.73","LUASWH":68.33,"SRS_ID":"32748"},"geometry":{"type":"Polygon","coordinates":[[[106.8272406853724,-6.151337341894831],[106.82666507044749,-6.14852013880579],[106.82042814789521,-6.1495492892073695],[106.82143230192422,-6.153571448924127],[106.82312261111535,-6.157906916381372],[106.82404906995764,-6.159183241729622],[106.82742716741296,-6.158991376426598],[106.8272406853724,-6.151337341894831]]]}},{"type":"Feature","id":91,"properties":{"OBJECTID":91,"WADMKD":"Krukut","WADMKC":"Taman Sari","WADMKK":"Kota Adm. Jakarta Barat","KDEPUM":"31.73.03.1002","KDCPUM":"31.73.03","KDPKAB":"31.73","LUASWH":55.300000000000004,"SRS_ID":"32748"},"geometry":{"type":"Polygon","coordinates":[[[106.81780620617444,-6.15420047188134],[106.81737829910209,-6.152985613182639],[106.81532019128736,-6.153166035669404],[106.81517556745175,-6.1540113122605264],[106.81101772279217,-6.154479005429015],[106.81094259838115,-6.157160550216407],[106.81268778988334,-6.159662360760261],[106.81280958399935,-6.16057590697862],[106.81904657877863,-6.159750083290799],[106.81780620617444,-6.15420047188134]]]}},{"type":"Feature","id":92,"properties":{"OBJECTID":92,"WADMKD":"Maphar","WADMKC":"Taman Sari","WADMKK":"Kota Adm. Jakarta Barat","KDEPUM":"31.73.03.1003","KDCPUM":"31.73.03","KDPKAB":"31.73","LUASWH":62.67,"SRS_ID":"32748"},"geometry":{"type":"Polygon","coordinates":[[[106.82072825528252,-6.150858546739029],[106.8202339786537,-6.149455692989984],[106.81690222479028,-6.150014004887618],[106.81901786042951,-6.159635242984043],[106.82075067680609,-6.159577828313948],[106.82827423640735,-6.162275021615972],[106.82769149294481,-6.1608411542594945],[106.82747378294387,-6.159082716441581],[106.82407449443052,-6.159219990910594],[106.82315892631341,-6.157977386757213],[106.82115811104921,-6.152780773272482],[106.82072825528252,-6.150858546739029]]]}},{"type":"Feature","id":93,"properties":{"OBJECTID":93,"WADMKD":"Tangki","WADMKC":"Taman Sari","WADMKK":"Kota Adm. Jakarta Barat","KDEPUM":"31.73.03.1004","KDCPUM":"31.73.03","KDPKAB":"31.73","LUASWH":38.35,"SRS_ID":"32748"},"geometry":{"type":"Polygon","coordinates":[[[106.82327446429808,-6.142797523356381],[106.82100646539422,-6.142430633781009],[106.82042536821784,-6.1493658002698455],[106.82673355888417,-6.148510317683506],[106.82542427357798,-6.145175736045115],[106.82390624215083,-6.142709770632829],[106.82327446429808,-6.142797523356381]]]}},{"type":"Feature","id":94,"properties":{"OBJECTID":94,"WADMKD":"Mangga Besar","WADMKC":"Taman Sari","WADMKK":"Kota Adm. Jakarta Barat","KDEPUM":"31.73.03.1005","KDCPUM":"31.73.03","KDPKAB":"31.73","LUASWH":54.88,"SRS_ID":"32748"},"geometry":{"type":"Polygon","coordinates":[[[106.8168657666972,-6.15002231804992],[106.82042682615194,-6.149250499944235],[106.82093017965761,-6.1425024592103],[106.82035469295181,-6.141878444851257],[106.82099780002316,-6.140513707396836],[106.82079500236205,-6.140084692424622],[106.81832447076525,-6.140140679692881],[106.815843021248,-6.141770595290457],[106.8149392767524,-6.1427294750418495],[106.8168657666972,-6.15002231804992]]]}},{"type":"Feature","id":95,"properties":{"OBJECTID":95,"WADMKD":"Keagungan","WADMKC":"Taman Sari","WADMKK":"Kota Adm. Jakarta Barat","KDEPUM":"31.73.03.1006","KDCPUM":"31.73.03","KDPKAB":"31.73","LUASWH":35.43,"SRS_ID":"32748"},"geometry":{"type":"Polygon","coordinates":[[[106.815749484222,-6.148231883547709],[106.81182486959356,-6.148181665412],[106.81200701412162,-6.151995594238745],[106.8109975424187,-6.154290657630456],[106.81503701289603,-6.154034827316072],[106.81543696041096,-6.153150070450005],[106.81751987107137,-6.152978224243973],[106.81643946198895,-6.148320544112551],[106.815749484222,-6.148231883547709]]]}},{"type":"Feature","id":96,"properties":{"OBJECTID":96,"WADMKD":"Glodok","WADMKC":"Taman Sari","WADMKK":"Kota Adm. Jakarta Barat","KDEPUM":"31.73.03.1007","KDCPUM":"31.73.03","KDPKAB":"31.73","LUASWH":36.9,"SRS_ID":"32748"},"geometry":{"type":"Polygon","coordinates":[[[106.81487935168357,-6.1427012039410265],[106.81226912091542,-6.140997879828345],[106.81061447713083,-6.1423521723049515],[106.81065662695211,-6.1452388852183555],[106.81177837582729,-6.148074472209126],[106.81639540556478,-6.148223442086268],[106.81487935168357,-6.1427012039410265]]]}},{"type":"Feature","id":97,"properties":{"OBJECTID":97,"WADMKD":"Pinangsia","WADMKC":"Taman Sari","WADMKK":"Kota Adm. Jakarta Barat","KDEPUM":"31.73.03.1008","KDCPUM":"31.73.03","KDPKAB":"31.73","LUASWH":98.02,"SRS_ID":"32748"},"geometry":{"type":"Polygon","coordinates":[[[106.81677478544768,-6.13711434486966],[106.81507147175165,-6.13031654366362],[106.81368006278436,-6.130051161261647],[106.81049009103795,-6.130835893073705],[106.81210972558326,-6.137015764705008],[106.81138478259278,-6.140017690240347],[106.81243518155009,-6.14110473407088],[106.81492291955448,-6.142735451130309],[106.81818661730439,-6.140196385415725],[106.82045464739859,-6.140005504439306],[106.82098843269256,-6.140385493383545],[106.82037010715975,-6.142154132407221],[106.8231944763472,-6.142792214574592],[106.82378196040946,-6.142668567999759],[106.82262648080237,-6.140367434980863],[106.82172863925246,-6.137407545172155],[106.82109365333935,-6.136670788156784],[106.8199123794236,-6.136323885594281],[106.81677478544768,-6.13711434486966]]]}},{"type":"Feature","id":98,"properties":{"OBJECTID":98,"WADMKD":"Tambora","WADMKC":"Tambora","WADMKK":"Kota Adm. Jakarta Barat","KDEPUM":"31.73.04.1001","KDCPUM":"31.73.04","KDPKAB":"31.73","LUASWH":28.87,"SRS_ID":"32748"},"geometry":{"type":"Polygon","coordinates":[[[106.8080008447218,-6.141606605259658],[106.80664961633575,-6.141862121118519],[106.80726515786695,-6.147809838747797],[106.81131978439493,-6.147222937046385],[106.81068947762478,-6.145360925448649],[106.8105245822121,-6.142828012748165],[106.81105465874641,-6.14181951969606],[106.8080008447218,-6.141606605259658]]]}},{"type":"Feature","id":99,"properties":{"OBJECTID":99,"WADMKD":"Kali Anyar","WADMKC":"Tambora","WADMKK":"Kota Adm. Jakarta Barat","KDEPUM":"31.73.04.1002","KDCPUM":"31.73.04","KDPKAB":"31.73","LUASWH":31.21,"SRS_ID":"32748"},"geometry":{"type":"Polygon","coordinates":[[[106.80133288296766,-6.155399717709212],[106.80130122814346,-6.1548446038505515],[106.80100027358115,-6.154839665338158],[106.79825617982507,-6.155050319976323],[106.79829458622443,-6.155459534887713],[106.79806220387061,-6.15548826812112],[106.79565959440781,-6.155322190282202],[106.79814102363751,-6.161276768612649],[106.80042330384367,-6.160374964123862],[106.80156746069885,-6.1590373773223765],[106.80133288296766,-6.155399717709212]]]}},{"type":"Feature","id":100,"properties":{"OBJECTID":100,"WADMKD":"Duri Utara","WADMKC":"Tambora","WADMKK":"Kota Adm. Jakarta Barat","KDEPUM":"31.73.04.1003","KDCPUM":"31.73.04","KDPKAB":"31.73","LUASWH":37.01,"SRS_ID":"32748"},"geometry":{"type":"Polygon","coordinates":[[[106.80769650872367,-6.151412994418418],[106.80417215022965,-6.151476243867246],[106.80356951878431,-6.151752091410395],[106.80301370559538,-6.152470716017791],[106.80272442568767,-6.15396992361766],[106.80125531895987,-6.154013610840852],[106.80141321574816,-6.156887735011851],[106.80802232258307,-6.156393113418937],[106.80769650872367,-6.151412994418418]]]}},{"type":"Feature","id":101,"properties":{"OBJECTID":101,"WADMKD":"Tanah Sereal","WADMKC":"Tambora","WADMKK":"Kota Adm. Jakarta Barat","KDEPUM":"31.73.04.1004","KDCPUM":"31.73.04","KDPKAB":"31.73","LUASWH":62.49,"SRS_ID":"32748"},"geometry":{"type":"Polygon","coordinates":[[[106.81144433393449,-6.147200939281002],[106.80731691235505,-6.147972200818696],[106.80811958976739,-6.155376182785207],[106.80806390572694,-6.161324243697181],[106.81275658058854,-6.160683439718852],[106.81272067532228,-6.159737529335168],[106.81142766530039,-6.158159496985967],[106.81094519556564,-6.157074927076765],[106.81100506221512,-6.154222060724755],[106.81202270620437,-6.151909188889041],[106.8120671851362,-6.14952960408926],[106.81144433393449,-6.147200939281002]]]}},{"type":"Feature","id":102,"properties":{"OBJECTID":102,"WADMKD":"Krendang","WADMKC":"Tambora","WADMKK":"Kota Adm. Jakarta Barat","KDEPUM":"31.73.04.1005","KDCPUM":"31.73.04","KDPKAB":"31.73","LUASWH":33.38,"SRS_ID":"32748"},"geometry":{"type":"Polygon","coordinates":[[[106.80733503214138,-6.148369620847128],[106.80724286396008,-6.147601956219877],[106.80098934043474,-6.148426237002852],[106.80125531895987,-6.154013610840852],[106.80259459236959,-6.153929474721848],[106.80301370559538,-6.152470716017791],[106.80409978616753,-6.151476626671136],[106.80752994233166,-6.151368654598727],[106.80733503214138,-6.148369620847128]]]}},{"type":"Feature","id":103,"properties":{"OBJECTID":103,"WADMKD":"Jembatan Besi","WADMKC":"Tambora","WADMKK":"Kota Adm. Jakarta Barat","KDEPUM":"31.73.04.1006","KDCPUM":"31.73.04","KDPKAB":"31.73","LUASWH":52.42,"SRS_ID":"32748"},"geometry":{"type":"Polygon","coordinates":[[[106.8009896801695,-6.14925607842605],[106.8009401516782,-6.14843631360172],[106.7930018103467,-6.149679553436112],[106.79565959440781,-6.155322190282202],[106.79830763182716,-6.155483262955964],[106.79825580359466,-6.155052078082614],[106.80129972167582,-6.154818181349538],[106.8009896801695,-6.14925607842605]]]}},{"type":"Feature","id":104,"properties":{"OBJECTID":104,"WADMKD":"Angke","WADMKC":"Tambora","WADMKK":"Kota Adm. Jakarta Barat","KDEPUM":"31.73.04.1007","KDCPUM":"31.73.04","KDPKAB":"31.73","LUASWH":79.71000000000001,"SRS_ID":"32748"},"geometry":{"type":"Polygon","coordinates":[[[106.80059898212977,-6.14251551206909],[106.8003557639046,-6.141900856369367],[106.79231882460157,-6.142784748346855],[106.7904932359769,-6.142285952317199],[106.78918952132138,-6.1425043396534935],[106.79292346442527,-6.149530763137458],[106.80084620871412,-6.148454786327342],[106.80059898212977,-6.14251551206909]]]}},{"type":"Feature","id":105,"properties":{"OBJECTID":105,"WADMKD":"Jembatan Lima","WADMKC":"Tambora","WADMKK":"Kota Adm. Jakarta Barat","KDEPUM":"31.73.04.1008","KDCPUM":"31.73.04","KDPKAB":"31.73","LUASWH":47.28,"SRS_ID":"32748"},"geometry":{"type":"Polygon","coordinates":[[[106.80663745380605,-6.1417430891686395],[106.80057212868293,-6.142035630560368],[106.80094741742711,-6.148395145862464],[106.80724286396008,-6.147601956219877],[106.80663745380605,-6.1417430891686395]]]}},{"type":"Feature","id":106,"properties":{"OBJECTID":106,"WADMKD":"Pekojan","WADMKC":"Tambora","WADMKK":"Kota Adm. Jakarta Barat","KDEPUM":"31.73.04.1009","KDCPUM":"31.73.04","KDPKAB":"31.73","LUASWH":77.96000000000001,"SRS_ID":"32748"},"geometry":{"type":"Polygon","coordinates":[[[106.80581352029913,-6.141743618272428],[106.807720915155,-6.141499142376352],[106.80784125378302,-6.137072361820723],[106.80633706487002,-6.131903314896666],[106.80180102824296,-6.1331781688341875],[106.8006391049648,-6.134369911038083],[106.80021600924422,-6.135840394594225],[106.80056177576657,-6.141863558651958],[106.80581352029913,-6.141743618272428]]]}},{"type":"Feature","id":107,"properties":{"OBJECTID":107,"WADMKD":"Roa Malaka","WADMKC":"Tambora","WADMKK":"Kota Adm. Jakarta Barat","KDEPUM":"31.73.04.1010","KDCPUM":"31.73.04","KDPKAB":"31.73","LUASWH":52.910000000000004,"SRS_ID":"32748"},"geometry":{"type":"Polygon","coordinates":[[[106.81197951603957,-6.141204541579816],[106.81228151517597,-6.140840764194775],[106.81158822982137,-6.140323576294384],[106.81135601203347,-6.139687916449148],[106.8121133032849,-6.137045269630876],[106.81052196385497,-6.131007112771138],[106.80634399883907,-6.131900542792998],[106.80784125378302,-6.137072361820723],[106.80763794189536,-6.13832950436765],[106.80784296083038,-6.1414809789529885],[106.81112253806288,-6.141770325641399],[106.81197951603957,-6.141204541579816]]]}},{"type":"Feature","id":108,"properties":{"OBJECTID":108,"WADMKD":"Duri Selatan","WADMKC":"Tambora","WADMKK":"Kota Adm. Jakarta Barat","KDEPUM":"31.73.04.1011","KDCPUM":"31.73.04","KDPKAB":"31.73","LUASWH":38.28,"SRS_ID":"32748"},"geometry":{"type":"Polygon","coordinates":[[[106.80815236696074,-6.156895542770524],[106.80802232258307,-6.156393113418937],[106.80141917033649,-6.156992596998852],[106.80164046602282,-6.160143043594735],[106.80199112454972,-6.160130940813525],[106.80313499803495,-6.161434620892808],[106.80413153281899,-6.16177591284709],[106.80803304238557,-6.161349640180122],[106.80815236696074,-6.156895542770524]]]}},{"type":"Feature","id":109,"properties":{"OBJECTID":109,"WADMKD":"Kebon Jeruk","WADMKC":"Kebon Jeruk","WADMKK":"Kota Adm. Jakarta Barat","KDEPUM":"31.73.05.1001","KDCPUM":"31.73.05","KDPKAB":"31.73","LUASWH":368.91,"SRS_ID":"32748"},"geometry":{"type":"Polygon","coordinates":[[[106.78211473495193,-6.194014963427848],[106.78233488318413,-6.1911817849442565],[106.78337240044661,-6.187738096337183],[106.78322524057685,-6.185353589851438],[106.77941513265378,-6.186430004919147],[106.77111059855584,-6.189525410885577],[106.76885021333109,-6.189929810313114],[106.75713147656037,-6.190615985348895],[106.75691594070341,-6.191834385233838],[106.75785394330426,-6.193720183446951],[106.75975843258836,-6.195380110103298],[106.75990200242536,-6.196142804320434],[106.76059017021389,-6.196837531328018],[106.76154062356875,-6.196122374338991],[106.7624951873767,-6.1972561684082095],[106.76316917373842,-6.199283114719553],[106.7632046602021,-6.200713815820725],[106.76421868571208,-6.202709427997246],[106.77326955958672,-6.202118092015803],[106.77619014257472,-6.20258439612265],[106.78259217342985,-6.202175204729887],[106.78211473495193,-6.194014963427848]]]}},{"type":"Feature","id":110,"properties":{"OBJECTID":110,"WADMKD":"Kemanggisan","WADMKC":"Pal Merah","WADMKK":"Kota Adm. Jakarta Barat","KDEPUM":"31.73.07.1005","KDCPUM":"31.73.07","KDPKAB":"31.73","LUASWH":210.27,"SRS_ID":"32748"},"geometry":{"type":"Polygon","coordinates":[[[106.79691272175266,-6.184781457140882],[106.7966638954321,-6.1810234057013265],[106.79620367770706,-6.179581478591809],[106.7959280422892,-6.1795224773893205],[106.79493166471343,-6.180168749907918],[106.79254328181479,-6.183232517580584],[106.79158542472622,-6.184005778060128],[106.78838592281403,-6.185051813098047],[106.78333656406515,-6.185283916792234],[106.78337240044661,-6.187738096337183],[106.78233560871347,-6.191178561763668],[106.78222869106195,-6.193240680684783],[106.78509027805441,-6.193077726268203],[106.78740116732756,-6.194436878022728],[106.7876316591743,-6.1949449094478],[106.78846837901456,-6.195226725551219],[106.78955557318834,-6.195238902211719],[106.78963098144837,-6.194327844593454],[106.79214436841238,-6.194233942204457],[106.79401428962873,-6.19549004862352],[106.79411977786809,-6.196299168301209],[106.79323580141006,-6.197697470037663],[106.79422751123016,-6.199724176930962],[106.79852415738723,-6.1992062761115605],[106.79732350564983,-6.194832253203981],[106.79691272175266,-6.184781457140882]]]}},{"type":"Feature","id":111,"properties":{"OBJECTID":111,"WADMKD":"Kota Bambu Selatan","WADMKC":"Pal Merah","WADMKK":"Kota Adm. Jakarta Barat","KDEPUM":"31.73.07.1006","KDCPUM":"31.73.07","KDPKAB":"31.73","LUASWH":58.52,"SRS_ID":"32748"},"geometry":{"type":"Polygon","coordinates":[[[106.80191919959388,-6.1841197134283075],[106.80124811487191,-6.1840960290367235],[106.80105432344529,-6.185772913900992],[106.79694792699962,-6.185878685558335],[106.79709108010441,-6.189474719578232],[106.80679873406282,-6.189086251440915],[106.80952001635673,-6.188695872250015],[106.8106491995798,-6.188933196392818],[106.81034236543373,-6.185210897968251],[106.80805364923721,-6.186692002608002],[106.80588274568325,-6.185535500138209],[106.80382145110144,-6.185611984722759],[106.80191919959388,-6.1841197134283075]]]}},{"type":"Feature","id":112,"properties":{"OBJECTID":112,"WADMKD":"Kembangan Utara","WADMKC":"Kembangan","WADMKK":"Kota Adm. Jakarta Barat","KDEPUM":"31.73.08.1001","KDCPUM":"31.73.08","KDPKAB":"31.73","LUASWH":417.76,"SRS_ID":"32748"},"geometry":{"type":"Polygon","coordinates":[[[106.75508501556817,-6.165833440226746],[106.75657694158684,-6.164907684308742],[106.75720994262382,-6.16189958966842],[106.75793882614587,-6.160672974323005],[106.7593468862932,-6.159280426750222],[106.75338856421935,-6.1579272864348376],[106.7477405866938,-6.158234157015173],[106.74760345166402,-6.160500258252779],[106.74868020057013,-6.16582654023556],[106.74710031317579,-6.165383805584261],[106.7467883307191,-6.165029160658856],[106.74647332189139,-6.165258198647515],[106.74677730393203,-6.165850147282453],[106.74636739892782,-6.16607079429032],[106.74574993033202,-6.165755238059822],[106.74535092655614,-6.166521985656004],[106.74442415496823,-6.1667477532974235],[106.74400868059476,-6.165977230902965],[106.74366391676925,-6.166572863167949],[106.74274280535899,-6.166457734987135],[106.74179009156335,-6.167254578956218],[106.74168311994067,-6.168055542791132],[106.74060148941948,-6.167605703695421],[106.74033901525121,-6.168580217571698],[106.7400376182662,-6.168189706550328],[106.73957362318392,-6.168189706686946],[106.73881155477143,-6.169808168794886],[106.73808148155669,-6.168666006893269],[106.73775690478134,-6.169431785191514],[106.73838391061197,-6.170139377283473],[106.73826913124951,-6.1706213632927405],[106.73785981916622,-6.170527783779419],[106.73764982939852,-6.16993147232814],[106.73629042221386,-6.170400836593281],[106.73554639757872,-6.170047605229655],[106.7356598130842,-6.171047692437282],[106.7346361685866,-6.171151741437885],[106.73431996412052,-6.171751002793531],[106.73362558055128,-6.17148435798169],[106.73251033462735,-6.172720966286597],[106.7319473778604,-6.172926427868666],[106.73161209610399,-6.173917819691386],[106.73196644687071,-6.174192830630988],[106.73090342341409,-6.175000000327496],[106.73087685244684,-6.1760951952297924],[106.72983860820582,-6.175604467276166],[106.72838586602356,-6.176165831298776],[106.72880602135378,-6.179939809292994],[106.7302426681242,-6.185473790246949],[106.731496087427,-6.1855880112570745],[106.7334574595884,-6.184766598973683],[106.73799143515232,-6.184826898981921],[106.73988025383863,-6.182839963431252],[106.74156915785333,-6.182277658703021],[106.74287409206576,-6.179888956228874],[106.74372192858893,-6.1791237725629555],[106.7444595301386,-6.177255047586211],[106.74554300791279,-6.176392383381698],[106.74799095242726,-6.17607732862618],[106.74857679508844,-6.1735157373369764],[106.74956880058168,-6.173185090011273],[106.74925227719632,-6.172268141234368],[106.74995326341718,-6.172052663849097],[106.75095026169423,-6.171070679976512],[106.75092275405207,-6.170488983901566],[106.75190176918149,-6.1700546883476175],[106.75222632798474,-6.169213311439336],[106.75192624435462,-6.168563043752231],[106.75278401019422,-6.1682717260402695],[106.75300393566393,-6.167664758311761],[106.75342317919252,-6.167780046838462],[106.75389880399297,-6.166786032154437],[106.75508501556817,-6.165833440226746]]]}},{"type":"Feature","id":113,"properties":{"OBJECTID":113,"WADMKD":"Meruya Utara","WADMKC":"Kembangan","WADMKK":"Kota Adm. Jakarta Barat","KDEPUM":"31.73.08.1002","KDCPUM":"31.73.08","KDPKAB":"31.73","LUASWH":421.86,"SRS_ID":"32748"},"geometry":{"type":"Polygon","coordinates":[[[106.756962070284,-6.191555563883856],[106.75712874558172,-6.190622083323511],[106.73962004458431,-6.191573847749462],[106.73154838892182,-6.191456076791091],[106.72402156098946,-6.190661377110977],[106.72471290094272,-6.194029592055934],[106.72386529472124,-6.196191513363468],[106.72447329227958,-6.196620173405727],[106.72349741265921,-6.19793021097175],[106.7239321930232,-6.198293809429862],[106.72339770782827,-6.199329521075121],[106.72353692020896,-6.20023751230174],[106.72446126402569,-6.201869064613287],[106.72444844080866,-6.204722364987222],[106.7258630417043,-6.20481998241851],[106.72754877596488,-6.206065677883994],[106.72866034573764,-6.204572035445618],[106.73163380443788,-6.206649831577106],[106.7329419792446,-6.205046776094763],[106.73344308257828,-6.205458070666173],[106.73412226559012,-6.2054152816849255],[106.73817646713981,-6.204036310228063],[106.74097707732064,-6.200631944839178],[106.7422029733611,-6.19812278557398],[106.74395629873871,-6.197542690111055],[106.74910256039662,-6.197231562018321],[106.75304687532478,-6.197521101120294],[106.75588997983797,-6.196719183870505],[106.75755798989064,-6.197225271301915],[106.76139086987034,-6.199186817239988],[106.76277459832325,-6.198456662357758],[106.76258494076666,-6.1974476482125445],[106.76177746970201,-6.19628767006197],[106.76135511159727,-6.19614120398296],[106.76080394936223,-6.196922482227382],[106.75993573025275,-6.196221640408789],[106.75984243788871,-6.195533274202281],[106.75773960276055,-6.193541794266721],[106.75696465890992,-6.192302786051415],[106.756962070284,-6.191555563883856]]]}},{"type":"Feature","id":114,"properties":{"OBJECTID":114,"WADMKD":"Meruya Selatan","WADMKC":"Kembangan","WADMKK":"Kota Adm. Jakarta Barat","KDEPUM":"31.73.08.1003","KDCPUM":"31.73.08","KDPKAB":"31.73","LUASWH":307.71,"SRS_ID":"32748"},"geometry":{"type":"Polygon","coordinates":[[[106.74497572257519,-6.197638910329593],[106.74406177968014,-6.19751838055508],[106.74228810424445,-6.19802838159759],[106.74085056425955,-6.200815993865382],[106.73809159779893,-6.204114506869927],[106.7340191162779,-6.205434429038561],[106.73302076902725,-6.205035242633225],[106.7317360430014,-6.206625574221946],[106.72882040077253,-6.204542687308277],[106.72754877596488,-6.206065677883994],[106.72589524609735,-6.204844078953115],[106.72445051075748,-6.204765701244271],[106.72437834602734,-6.207861897925906],[106.72401257157016,-6.207856132379705],[106.72382772472079,-6.208532874127149],[106.72356772370051,-6.208534418104095],[106.72308692779696,-6.212307047974006],[106.7199568216541,-6.21217369032066],[106.71907619218659,-6.215790523010688],[106.7375990998061,-6.2148123024412625],[106.73751823533125,-6.216169586584566],[106.73988734659905,-6.21622168896953],[106.74527468857421,-6.213503400736942],[106.74369697955895,-6.209730580366914],[106.7439693776246,-6.199367789275609],[106.74423038041529,-6.199062357877078],[106.74582846520589,-6.199073840594632],[106.74616541510686,-6.198776716791475],[106.7461935237685,-6.197567304295734],[106.74497572257519,-6.197638910329593]]]}},{"type":"Feature","id":115,"properties":{"OBJECTID":115,"WADMKD":"Srengseng","WADMKC":"Kembangan","WADMKK":"Kota Adm. Jakarta Barat","KDEPUM":"31.73.08.1004","KDCPUM":"31.73.08","KDPKAB":"31.73","LUASWH":455.57,"SRS_ID":"32748"},"geometry":{"type":"Polygon","coordinates":[[[106.7578443699185,-6.197365834759158],[106.75588997983797,-6.196719183870505],[106.75304687532478,-6.197521101120294],[106.74901183856858,-6.197232478887522],[106.74637545986067,-6.197526076936457],[106.74608568134644,-6.198922935621013],[106.7441406646011,-6.1991039892254],[106.7437717270852,-6.210399189570749],[106.74532373359533,-6.213413777906109],[106.75413167258061,-6.213589441338059],[106.75699104336127,-6.211884177334066],[106.75794642989487,-6.2132656386091085],[106.75786968017705,-6.2179375688585985],[106.75931873437787,-6.221167323830859],[106.76012884884015,-6.2213054790733295],[106.7601916070662,-6.222390572748278],[106.76591927963374,-6.22247004568087],[106.76540513655075,-6.222077877024799],[106.76564021231857,-6.221712295164393],[106.7652171839153,-6.221151345883296],[106.7653526813249,-6.219634214299055],[106.76481820845027,-6.217898247717821],[106.76414998060206,-6.21685848325196],[106.76352576220707,-6.21647097676426],[106.76308833132407,-6.215518934143869],[106.76329632118781,-6.2148570631313325],[106.76528019397377,-6.213128668785922],[106.76614743670842,-6.211673337374355],[106.76550440705711,-6.209375468665341],[106.76468108419249,-6.209047911380055],[106.76513085412142,-6.207289248131933],[106.76454278812774,-6.206902206945353],[106.7635958419783,-6.204927712263841],[106.76429452197767,-6.204255446820801],[106.76440399085234,-6.202871536706611],[106.76386738181296,-6.2024582725857895],[106.76382936438495,-6.2015153009372534],[106.7632046602021,-6.200713815820725],[106.76288566885715,-6.198409360242174],[106.76139892893143,-6.1991897499204835],[106.7578443699185,-6.197365834759158]]]}},{"type":"Feature","id":116,"properties":{"OBJECTID":116,"WADMKD":"Joglo","WADMKC":"Kembangan","WADMKK":"Kota Adm. Jakarta Barat","KDEPUM":"31.73.08.1005","KDCPUM":"31.73.08","KDPKAB":"31.73","LUASWH":437.48,"SRS_ID":"32748"},"geometry":{"type":"Polygon","coordinates":[[[106.75795137580748,-6.213505987343387],[106.7570906124194,-6.2118509877101395],[106.75430672159193,-6.213536875002712],[106.74586431442299,-6.21322847278452],[106.73988734659905,-6.21622168896953],[106.73763016727443,-6.216240268309373],[106.73770226102455,-6.214824710118905],[106.7279034374469,-6.215487979611819],[106.72502956440789,-6.215382242369997],[106.72351340257929,-6.215750729269073],[106.71904472695013,-6.215767185119998],[106.71883683775664,-6.218564435384735],[106.71832083282611,-6.2186012464315805],[106.71782919117801,-6.220189276240802],[106.71808947924654,-6.2230442856452175],[106.71986771942672,-6.223092437997686],[106.7204332512898,-6.224235971271676],[106.72697810580685,-6.2243402032868325],[106.73764772639578,-6.22381788318753],[106.74426226542438,-6.223003524373447],[106.74535924358595,-6.2232582192538235],[106.75022746242975,-6.22271305471686],[106.75792901379906,-6.222982610310055],[106.75838652442584,-6.2229185438970385],[106.7584004419823,-6.222594442830437],[106.76014228164256,-6.222573823309654],[106.7602117673388,-6.221482312988471],[106.75942981869468,-6.221301755452479],[106.75785789641114,-6.217835891182775],[106.75795137580748,-6.213505987343387]]]}},{"type":"Feature","id":117,"properties":{"OBJECTID":117,"WADMKD":"Kembangan Selatan","WADMKC":"Kembangan","WADMKK":"Kota Adm. Jakarta Barat","KDEPUM":"31.73.08.1006","KDCPUM":"31.73.08","KDPKAB":"31.73","LUASWH":450.87,"SRS_ID":"32748"},"geometry":{"type":"Polygon","coordinates":[[[106.74970661691239,-6.173366943158937],[106.74861675656913,-6.173320798075533],[106.74792372787826,-6.176253078818815],[106.74586489840023,-6.176335809215862],[106.74513410396172,-6.176658124321313],[106.7442538337197,-6.177515197258065],[106.74366269409626,-6.179230670422314],[106.74279535368412,-6.180020363440865],[106.74162683161178,-6.182219034800177],[106.74002366743734,-6.182756585397032],[106.73838962880644,-6.18447496622889],[106.73766058340983,-6.184818277263279],[106.73354731881624,-6.1847633995869264],[106.73138591818227,-6.185610343823899],[106.73019769058982,-6.185448058873881],[106.72880602135378,-6.179939809292994],[106.72838598139876,-6.17626601685381],[106.72816746038235,-6.176314942622987],[106.7277892520435,-6.1765877614308256],[106.72757969630223,-6.177429436174951],[106.72682481341674,-6.177519227398964],[106.72662904533836,-6.178188451246515],[106.72598840593133,-6.178566837583496],[106.72450634919885,-6.181107748773719],[106.72398916137679,-6.182479802267078],[106.7243556609239,-6.1836807923145],[106.72401339140931,-6.183958377410041],[106.72345175813837,-6.183598087867616],[106.72293600330858,-6.184236316001416],[106.72326976614305,-6.184761300845045],[106.72436955180632,-6.184962644420419],[106.7241787832529,-6.185846069357797],[106.72261824343647,-6.1856214590989795],[106.72218032301956,-6.18658822604569],[106.7213714786512,-6.187064549822498],[106.72096554456175,-6.1868361915594035],[106.7188168572363,-6.187832189577369],[106.7179453012363,-6.187762437907952],[106.7167997931538,-6.189291321599331],[106.7167636689735,-6.189753553314267],[106.71582268295347,-6.190224539591922],[106.71495501959947,-6.18988642204761],[106.71482913744785,-6.191621346562465],[106.71381446156374,-6.191101279210705],[106.71344009510344,-6.191766390297544],[106.71589330224712,-6.192661608586141],[106.7167211749384,-6.192325264661321],[106.7180271900294,-6.192759372696174],[106.71961766040796,-6.191910322246046],[106.71987900073606,-6.1925069997552855],[106.72017837215944,-6.1924710990497545],[106.72187480855115,-6.191475919577358],[106.72368727480165,-6.191978427738715],[106.72412891912961,-6.191791579273319],[106.72418463434177,-6.190651072712065],[106.73142424400622,-6.191450121578218],[106.73962004458431,-6.191573847749462],[106.75712638500445,-6.190601112621766],[106.75792393699325,-6.188695279234223],[106.75806164042314,-6.187534862997068],[106.75708881322694,-6.187359887244426],[106.75651130576334,-6.18458774325233],[106.75501839297988,-6.184115279621706],[106.75394578004503,-6.184443759288521],[106.75224132069455,-6.183157373599363],[106.75138714773587,-6.181857883419158],[106.75009804190513,-6.180698555832735],[106.75130478931494,-6.17763194974017],[106.75109325257404,-6.177244087947572],[106.75052340529574,-6.177491363041777],[106.7503082150346,-6.177089616868289],[106.749864369148,-6.17710797881741],[106.74942900977963,-6.176054168976021],[106.74973859857457,-6.175201968630906],[106.74970661691239,-6.173366943158937]]]}},{"type":"Feature","id":118,"properties":{"OBJECTID":118,"WADMKD":"Kebon Baru","WADMKC":"Tebet","WADMKK":"Kota Adm. Jakarta Selatan","KDEPUM":"31.74.01.1004","KDCPUM":"31.74.01","KDPKAB":"31.74","LUASWH":126.18,"SRS_ID":"32748"},"geometry":{"type":"Polygon","coordinates":[[[106.86382512837076,-6.225446170570891],[106.86350738006519,-6.225073820818626],[106.85843214031024,-6.225464682362635],[106.85868271739372,-6.24316292143158],[106.86242814601239,-6.243116121620131],[106.8628719266107,-6.239503477332896],[106.8635225764456,-6.237619615862163],[106.86416614238806,-6.236986466567313],[106.86529914339725,-6.236846789902156],[106.86612789042621,-6.2388470410828205],[106.86659624528521,-6.239278697241601],[106.86688126334361,-6.238946671446133],[106.8664605822968,-6.236930088125677],[106.86521169314761,-6.235161258269375],[106.86543157765796,-6.234824468687968],[106.86633888066677,-6.23474512489778],[106.86632967933784,-6.234091555575149],[106.8652664705604,-6.232479697187536],[106.86347632701309,-6.231268480390375],[106.86330498285412,-6.2308043072588495],[106.8648505072284,-6.228403327558548],[106.8647235044345,-6.226928272070891],[106.86382512837076,-6.225446170570891]]]}},{"type":"Feature","id":119,"properties":{"OBJECTID":119,"WADMKD":"Tebet Timur","WADMKC":"Tebet","WADMKK":"Kota Adm. Jakarta Selatan","KDEPUM":"31.74.01.1001","KDCPUM":"31.74.01","KDPKAB":"31.74","LUASWH":132.32,"SRS_ID":"32748"},"geometry":{"type":"Polygon","coordinates":[[[106.85776252324045,-6.225431690852352],[106.85181252806541,-6.2244786737350175],[106.85230544368773,-6.227355360669005],[106.85231237197013,-6.231323529746135],[106.85315397242921,-6.236449919177107],[106.85238875273754,-6.238891314358953],[106.85242081912581,-6.240022619588409],[106.85411569939926,-6.243174541823758],[106.85868271739372,-6.24316292143158],[106.85843214031024,-6.225464682362635],[106.85776252324045,-6.225431690852352]]]}},{"type":"Feature","id":120,"properties":{"OBJECTID":120,"WADMKD":"Tebet Barat","WADMKC":"Tebet","WADMKK":"Kota Adm. Jakarta Selatan","KDEPUM":"31.74.01.1002","KDCPUM":"31.74.01","KDPKAB":"31.74","LUASWH":163.54,"SRS_ID":"32748"},"geometry":{"type":"Polygon","coordinates":[[[106.85201806082434,-6.223831057809735],[106.85096241277866,-6.223838798065422],[106.85075111205042,-6.224160867625878],[106.8475735448628,-6.224277229195827],[106.84743634557975,-6.224541181363072],[106.84750827338866,-6.226945912591808],[106.84711763191777,-6.23003178215789],[106.8449822584138,-6.232314714608171],[106.84429132918594,-6.233718765593721],[106.84432191871389,-6.237017199977016],[106.84550380459116,-6.239604944311335],[106.84352014956298,-6.243308260173965],[106.8468022207587,-6.2434642442485595],[106.85389200158255,-6.2429848227215246],[106.85241722340753,-6.239967673815665],[106.85235847381067,-6.239033097208994],[106.85316603416746,-6.2366417302679045],[106.8522892733658,-6.23108984220903],[106.85230544368773,-6.227355360669005],[106.85180408860865,-6.224716268702775],[106.85201806082434,-6.223831057809735]]]}},{"type":"Feature","id":121,"properties":{"OBJECTID":121,"WADMKD":"Menteng Dalam","WADMKC":"Tebet","WADMKK":"Kota Adm. Jakarta Selatan","KDEPUM":"31.74.01.1003","KDCPUM":"31.74.01","KDPKAB":"31.74","LUASWH":242.55,"SRS_ID":"32748"},"geometry":{"type":"Polygon","coordinates":[[[106.84648734073154,-6.221438490015991],[106.84606066593005,-6.220959964145795],[106.8451240749427,-6.221453455421113],[106.83856606507464,-6.221521974389295],[106.83850987201048,-6.22231221021596],[106.83783212390621,-6.222804590108319],[106.8387779766311,-6.225200926451657],[106.83514711125213,-6.225613763371883],[106.83572030963553,-6.227888204850618],[106.83679784284581,-6.230216252755153],[106.83634702744189,-6.236004699559588],[106.83567132225164,-6.237704674297902],[106.83504800488609,-6.238312946068764],[106.83463766885465,-6.24088999635869],[106.84096353274742,-6.242393267377172],[106.84342548966521,-6.243295994022391],[106.8446962310203,-6.241352163223037],[106.84549303929373,-6.239447021174592],[106.84429680939084,-6.236898758372441],[106.84429132918594,-6.233718765593721],[106.84492970380984,-6.232376400612458],[106.84702420627441,-6.23024795731602],[106.84748855959576,-6.227272528840478],[106.84755659896427,-6.223388166963765],[106.84648734073154,-6.221438490015991]]]}},{"type":"Feature","id":122,"properties":{"OBJECTID":122,"WADMKD":"Sukabumi Selatan","WADMKC":"Kebon Jeruk","WADMKK":"Kota Adm. Jakarta Barat","KDEPUM":"31.73.05.1003","KDCPUM":"31.73.05","KDPKAB":"31.73","LUASWH":167.42000000000002,"SRS_ID":"32748"},"geometry":{"type":"Polygon","coordinates":[[[106.77713904788119,-6.2161194096758745],[106.7644264536428,-6.2169136878539435],[106.76531953833519,-6.2194665032290475],[106.7652142156023,-6.221188654163209],[106.76565210310137,-6.221792729425866],[106.76542222814415,-6.222137207908767],[106.76589265243915,-6.222572390058806],[106.76553477999508,-6.222831192203053],[106.7655901219001,-6.223260051200686],[106.76687514865365,-6.225159780809776],[106.76586491208654,-6.226951630063877],[106.76495297714472,-6.227001695948426],[106.76505432464845,-6.227175837303959],[106.76746100483753,-6.227467579286871],[106.77843039320197,-6.2269054910314035],[106.77845229366179,-6.217751355970834],[106.7771931615945,-6.216930426310864],[106.77713904788119,-6.2161194096758745]]]}},{"type":"Feature","id":123,"properties":{"OBJECTID":123,"WADMKD":"Kelapa Dua","WADMKC":"Kebon Jeruk","WADMKK":"Kota Adm. Jakarta Barat","KDEPUM":"31.73.05.1004","KDCPUM":"31.73.05","KDPKAB":"31.73","LUASWH":141.1,"SRS_ID":"32748"},"geometry":{"type":"Polygon","coordinates":[[[106.77379057268635,-6.202109964120139],[106.76432594944522,-6.20277026091458],[106.76434001758862,-6.204149014256311],[106.76363756498498,-6.205074854555424],[106.76449033965136,-6.2067854085902425],[106.76503819493506,-6.207200552777704],[106.76468147619087,-6.208898356658482],[106.76554276687807,-6.209444878397706],[106.7661635459401,-6.211592393631952],[106.76528019397377,-6.213128668785922],[106.76315264840999,-6.215045499139242],[106.76314232044909,-6.2157775878449435],[106.76370402455801,-6.21665824832798],[106.76436957002373,-6.21693298899128],[106.77361917579255,-6.216369014608317],[106.77353827144715,-6.215167324632363],[106.77198641795134,-6.213306919584934],[106.77143444862561,-6.210380510955071],[106.77236122978667,-6.206608188572737],[106.77402629202064,-6.204972146338204],[106.77383797842894,-6.203867610893494],[106.77491382740698,-6.202204557049815],[106.77379057268635,-6.202109964120139]]]}},{"type":"Feature","id":124,"properties":{"OBJECTID":124,"WADMKD":"Duri Kepa","WADMKC":"Kebon Jeruk","WADMKK":"Kota Adm. Jakarta Barat","KDEPUM":"31.73.05.1005","KDCPUM":"31.73.05","KDPKAB":"31.73","LUASWH":367.08,"SRS_ID":"32748"},"geometry":{"type":"Polygon","coordinates":[[[106.77842294094812,-6.164614949840428],[106.77325852984029,-6.1626072034496024],[106.77259927941702,-6.164624925677198],[106.7703897279981,-6.163674368794206],[106.76741339602697,-6.162965004981005],[106.76732801740388,-6.163168408306199],[106.7676608699409,-6.1774278263167535],[106.76842235136576,-6.177300267187071],[106.76851469929954,-6.178351568314817],[106.76799197726866,-6.178568314127732],[106.76803393458883,-6.1795029537365265],[106.76729604979916,-6.17971419832797],[106.76733800060457,-6.180529999815353],[106.76938770980183,-6.180358902220029],[106.76794593458435,-6.183679589819739],[106.76850610473761,-6.185575262599567],[106.76883871338268,-6.189751289561843],[106.77174890959614,-6.189336553393939],[106.78265407782968,-6.185398682359562],[106.77982134437008,-6.180141432425245],[106.77949424842615,-6.166515465392586],[106.78031440395615,-6.166034766788533],[106.78029016560022,-6.165462472920915],[106.78016313193045,-6.164958824574192],[106.77842294094812,-6.164614949840428]]]}},{"type":"Feature","id":125,"properties":{"OBJECTID":125,"WADMKD":"Kedoya Utara","WADMKC":"Kebon Jeruk","WADMKK":"Kota Adm. Jakarta Barat","KDEPUM":"31.73.05.1006","KDCPUM":"31.73.05","KDPKAB":"31.73","LUASWH":302.95,"SRS_ID":"32748"},"geometry":{"type":"Polygon","coordinates":[[[106.76916545958694,-6.159797187578117],[106.76859323500672,-6.158572887672175],[106.76769897277164,-6.157928405967208],[106.76706506294828,-6.159473795404372],[106.7665793939995,-6.159914451260928],[106.76327402085867,-6.158824995886969],[106.76315619259319,-6.158524810256096],[106.7611433452544,-6.158228723709834],[106.7595774992323,-6.158875598422965],[106.75794121372127,-6.1606690638906505],[106.7571434526619,-6.162037680678902],[106.75651629980094,-6.164970969917739],[106.75393097405238,-6.166730467446508],[106.75352075495344,-6.167710443262214],[106.7531010180356,-6.167659999139201],[106.75278401019422,-6.1682717260402695],[106.75192624435462,-6.168563043752231],[106.75222632798474,-6.169213311439336],[106.75190176918149,-6.1700546883476175],[106.75092275405207,-6.170488983901566],[106.75095026169423,-6.171070679976512],[106.74983726401675,-6.172145726862714],[106.74926153458208,-6.17230325933086],[106.74985545411107,-6.1736564895637525],[106.75310810102947,-6.175471630023467],[106.75420440470154,-6.174223949967174],[106.75548180738325,-6.175027381952869],[106.75647346955502,-6.174749066103735],[106.75671450975665,-6.175022315018255],[106.7586345994501,-6.1752611060260385],[106.75822564213418,-6.176343820091527],[106.75880526902343,-6.176709955087101],[106.75913071559584,-6.1760477742941395],[106.76229751073724,-6.1769781075864305],[106.76578841798252,-6.176460970353988],[106.76618885613863,-6.177711568576887],[106.7676608699409,-6.1774278263167535],[106.76734088857192,-6.162940987406573],[106.77061578656173,-6.163742634718026],[106.77242675941696,-6.164532487941022],[106.77272258468058,-6.164402102029991],[106.77325760443283,-6.162606844847557],[106.76984977555915,-6.161212789560173],[106.76916545958694,-6.159797187578117]]]}},{"type":"Feature","id":126,"properties":{"OBJECTID":126,"WADMKD":"Kedoya Selatan","WADMKC":"Kebon Jeruk","WADMKK":"Kota Adm. Jakarta Barat","KDEPUM":"31.73.05.1007","KDCPUM":"31.73.05","KDPKAB":"31.73","LUASWH":260.44,"SRS_ID":"32748"},"geometry":{"type":"Polygon","coordinates":[[[106.75194389208211,-6.1749623256984085],[106.74980519740704,-6.173599114413889],[106.74971929794434,-6.175278251705003],[106.74936832772839,-6.175911783407827],[106.7499227412654,-6.177154618585597],[106.75067587689247,-6.1774906848485625],[106.75102532378024,-6.1772420809024595],[106.75130478931494,-6.17763194974017],[106.75009804190513,-6.180698555832735],[106.75130646289321,-6.181777570580241],[106.75224132069455,-6.183157373599363],[106.75394578004503,-6.184443759288521],[106.75500157275998,-6.184094709281127],[106.75652512777644,-6.184493481797506],[106.75706601761864,-6.187288593569811],[106.75809197675409,-6.187715775771445],[106.75712956274808,-6.190539935179565],[106.76873943618051,-6.189935840675426],[106.76850610473761,-6.185575262599567],[106.76792157793582,-6.183858040181592],[106.76939400258156,-6.180372802367343],[106.76885193223536,-6.180203016812676],[106.76752713126582,-6.180561810162391],[106.76729604979916,-6.17971419832797],[106.76803551143327,-6.17950848402102],[106.76785651521692,-6.178697123310589],[106.76852743533097,-6.17851995444787],[106.76842306600278,-6.177372932850294],[106.76626783774513,-6.17770192787261],[106.7658333502129,-6.176459129429435],[106.76229751073724,-6.1769781075864305],[106.76070309189238,-6.176717024244364],[106.75917903775964,-6.176037170002802],[106.75887555960482,-6.1766535298082195],[106.75834306810408,-6.176567611161429],[106.7586461192359,-6.175266213790201],[106.75650416561872,-6.174986147630599],[106.75650084533905,-6.174740250120996],[106.75548180738325,-6.175027381952869],[106.75436442004762,-6.174337771446252],[106.75326931035775,-6.175540476077695],[106.75194389208211,-6.1749623256984085]]]}},{"type":"Feature","id":127,"properties":{"OBJECTID":127,"WADMKD":"Kalideres","WADMKC":"Kalideres","WADMKK":"Kota Adm. Jakarta Barat","KDEPUM":"31.73.06.1001","KDCPUM":"31.73.06","KDPKAB":"31.73","LUASWH":562.85,"SRS_ID":"32748"},"geometry":{"type":"Polygon","coordinates":[[[106.68680143124773,-6.128546905584345],[106.68595616544505,-6.127907450403503],[106.68640315466148,-6.136022943412292],[106.68666493899559,-6.136036475418567],[106.68676115254996,-6.1369871798390845],[106.68645114930898,-6.1440035750135005],[106.6872973107434,-6.143993727709169],[106.68772465679311,-6.153301504441879],[106.68734388555775,-6.154217829829923],[106.68776003044229,-6.154284700412759],[106.68803603156657,-6.159932460437576],[106.6951503456139,-6.159826895408208],[106.69790437087819,-6.159426878582295],[106.70267826291271,-6.157955133347823],[106.70651571690841,-6.1563424664490904],[106.71421069301013,-6.155915957335036],[106.71884220819132,-6.153517539275846],[106.71815678937129,-6.147911821741796],[106.71495384477335,-6.148050151188327],[106.71067702457376,-6.147235190570017],[106.70810294875194,-6.145483110571605],[106.70139398805289,-6.144461096753143],[106.69654715841799,-6.1428976375796225],[106.69253700191136,-6.140836409102935],[106.69166232862206,-6.139650814019017],[106.69191433004305,-6.138335853416009],[106.69124544175338,-6.1375414597540265],[106.69172850320489,-6.136644543360153],[106.6912763530683,-6.134904390585288],[106.69146515943298,-6.1335537351728995],[106.68939159216445,-6.132454051229956],[106.68840640662323,-6.130477161641526],[106.68753225856415,-6.129906860986707],[106.6872378428121,-6.128780916234566],[106.68680143124773,-6.128546905584345]]]}},{"type":"Feature","id":128,"properties":{"OBJECTID":128,"WADMKD":"Semanan","WADMKC":"Kalideres","WADMKK":"Kota Adm. Jakarta Barat","KDEPUM":"31.73.06.1002","KDCPUM":"31.73.06","KDPKAB":"31.73","LUASWH":536.2,"SRS_ID":"32748"},"geometry":{"type":"Polygon","coordinates":[[[106.71610935925956,-6.156021373795156],[106.71569688212136,-6.155123022070497],[106.71369244354963,-6.1560266889089],[106.7067400836109,-6.156302582100902],[106.69803706505273,-6.159398477294859],[106.6951503456139,-6.159826895408208],[106.69104220388873,-6.159912532378491],[106.69019933684385,-6.162670834556899],[106.6893045220372,-6.163998296396784],[106.68929585340823,-6.166835731016075],[106.68867061135127,-6.1669652788747165],[106.68811491516337,-6.168427478616909],[106.68702237000919,-6.168775456912547],[106.68680767392485,-6.172318196748124],[106.69113938404234,-6.173488724716418],[106.6910761996354,-6.174808550819621],[106.69273997263227,-6.175041133739702],[106.69451718559172,-6.175753215786943],[106.69559813466357,-6.175139693115477],[106.70062199244175,-6.176852736720518],[106.70327933560063,-6.174800374975984],[106.7052659126096,-6.17482511295467],[106.70643705169827,-6.1740014018209495],[106.70866351599206,-6.17465864467795],[106.71055980955421,-6.174181067447516],[106.71160772520629,-6.171978964632348],[106.71256283576122,-6.171409200664228],[106.71362559540283,-6.168008804844726],[106.71662168535607,-6.165763237783527],[106.71644695726881,-6.160726279985118],[106.71539785810641,-6.160711182311461],[106.71548025291182,-6.1580852823746595],[106.71608379892747,-6.158078140195425],[106.71610935925956,-6.156021373795156]]]}},{"type":"Feature","id":129,"properties":{"OBJECTID":129,"WADMKD":"Tegal Alur","WADMKC":"Kalideres","WADMKK":"Kota Adm. Jakarta Barat","KDEPUM":"31.73.06.1003","KDCPUM":"31.73.06","KDPKAB":"31.73","LUASWH":557.8000000000001,"SRS_ID":"32748"},"geometry":{"type":"Polygon","coordinates":[[[106.715355876716,-6.101180351948987],[106.71430283470609,-6.098891748714143],[106.7101952982879,-6.104037777089715],[106.70646036894831,-6.104632895920543],[106.70176081477949,-6.1067836531503135],[106.70704922956908,-6.113686371926264],[106.71103112732503,-6.118318375365972],[106.70603079561289,-6.123008483862284],[106.71412912798712,-6.131699230293553],[106.7149733042792,-6.1321852428542085],[106.71808921279793,-6.130301031914737],[106.71952208577362,-6.12901583082951],[106.71936481004093,-6.1281253650987875],[106.71983206533207,-6.128213639689489],[106.71948053723636,-6.12795611140896],[106.72038562827628,-6.126838978725469],[106.72152993175425,-6.126907047174582],[106.72293542305255,-6.126012235742318],[106.72435211636511,-6.126307125217982],[106.72567705437642,-6.124912154207465],[106.72763570544151,-6.123829203426378],[106.7286025505979,-6.123751692891987],[106.7285909165997,-6.123265177034019],[106.72908307984883,-6.123285301406591],[106.72989331527803,-6.1226249462744216],[106.73052877984499,-6.123312619575749],[106.73154999993483,-6.121541999744158],[106.72732403838114,-6.117443365176547],[106.71732958381347,-6.1047591367089495],[106.715355876716,-6.101180351948987]]]}},{"type":"Feature","id":130,"properties":{"OBJECTID":130,"WADMKD":"Kamal","WADMKC":"Kalideres","WADMKK":"Kota Adm. Jakarta Barat","KDEPUM":"31.73.06.1004","KDCPUM":"31.73.06","KDPKAB":"31.73","LUASWH":485.84000000000003,"SRS_ID":"32748"},"geometry":{"type":"Polygon","coordinates":[[[106.69422984100528,-6.095626598771606],[106.69142678297258,-6.095814839970322],[106.69092686755175,-6.096458789137058],[106.68808533872308,-6.096959353834515],[106.68804336616603,-6.0984416284068494],[106.68853947107087,-6.100015519388279],[106.68904713002874,-6.100238070838038],[106.68944502557764,-6.10182139155644],[106.68818732500209,-6.1031998170237065],[106.68877545272889,-6.104389426617425],[106.6884038558429,-6.105940918555162],[106.68881576544626,-6.108134448670416],[106.68918970242862,-6.108643211450171],[106.69109278135046,-6.108866756308351],[106.69143364856117,-6.107151563988565],[106.69301201541144,-6.10627454203452],[106.69475381242562,-6.107205709257503],[106.69527757481544,-6.109583370808964],[106.69642525741982,-6.110842976406296],[106.69680315155348,-6.110610563704507],[106.69683106399317,-6.1108146055499315],[106.69589851528406,-6.11194710864987],[106.6956281612627,-6.11389229890425],[106.69398818457626,-6.113423764424903],[106.69393169015652,-6.113700270840326],[106.69125349498164,-6.113719474190936],[106.69054542017065,-6.115708017675352],[106.689624822249,-6.1206674482253165],[106.69015420733497,-6.120976436983024],[106.69410783341505,-6.117678211650424],[106.69846355038543,-6.11518264461732],[106.69923796240775,-6.115680061300821],[106.70599211338752,-6.122977635963098],[106.71094830620481,-6.118220409022646],[106.70178229024118,-6.106811810934944],[106.70646036894831,-6.104632895920543],[106.71024333840467,-6.10400726573049],[106.71180755961907,-6.102276871412481],[106.71415681443206,-6.098761885820914],[106.71291800342415,-6.097352155755642],[106.71261139333352,-6.097518943951841],[106.71146590077728,-6.09647440336657],[106.71081302538373,-6.096769544714627],[106.7104463611099,-6.096405698337849],[106.7060334144449,-6.0959589943068115],[106.7031286247808,-6.096851002012263],[106.70249515478432,-6.0960670792936416],[106.70172519001815,-6.09633866645145],[106.7001179661152,-6.096006400856342],[106.69766757722103,-6.0964253658590675],[106.69422984100528,-6.095626598771606]]]}},{"type":"Feature","id":131,"properties":{"OBJECTID":131,"WADMKD":"Pegadungan","WADMKC":"Kalideres","WADMKK":"Kota Adm. Jakarta Barat","KDEPUM":"31.73.06.1005","KDCPUM":"31.73.06","KDPKAB":"31.73","LUASWH":761.2,"SRS_ID":"32748"},"geometry":{"type":"Polygon","coordinates":[[[106.70421420774146,-6.121114775564564],[106.69923796240775,-6.115680061300821],[106.69823118658603,-6.1151796727805525],[106.69323999815573,-6.118306102155961],[106.68957362455936,-6.121489424433679],[106.68798988459044,-6.124482847043471],[106.68663329160256,-6.124821827037499],[106.68595036044287,-6.1279081450331265],[106.6871514170641,-6.128655545654761],[106.68744280786277,-6.129777183201042],[106.68831619259934,-6.130356795658046],[106.68944424195261,-6.1325286442059115],[106.69146515943298,-6.1335537351728995],[106.6912763530683,-6.134904390585288],[106.69173094007182,-6.136623162146281],[106.69125596810055,-6.137634690697462],[106.69185635275743,-6.138145951073419],[106.69160357223159,-6.139251869301123],[106.69183732271969,-6.1400690457154585],[106.69253700191136,-6.140836409102935],[106.69621486072525,-6.142752778448139],[106.70139398805289,-6.144461096753143],[106.70788851441583,-6.145411632562871],[106.71056525004565,-6.147197618580428],[106.7134366436621,-6.147823060894659],[106.71503288168044,-6.148055045295814],[106.71800814879072,-6.147913634286212],[106.71791554162552,-6.145445933217827],[106.71830592937647,-6.14370512363337],[106.71754348955314,-6.143417612681863],[106.71732749789855,-6.142991449435931],[106.71665228063877,-6.137274050240319],[106.71702965033747,-6.136015767664634],[106.71765835597313,-6.135838063158749],[106.71765384601778,-6.134623452019655],[106.71845773517241,-6.134214892001817],[106.71834306735283,-6.133850169966432],[106.7187322207673,-6.133418742361838],[106.71734861106646,-6.1318522715730115],[106.71842366927517,-6.130730297657327],[106.71825299891644,-6.130181593607633],[106.71518698163587,-6.132123101946427],[106.71450331316112,-6.132016404883689],[106.70421420774146,-6.121114775564564]]]}},{"type":"Feature","id":132,"properties":{"OBJECTID":132,"WADMKD":"Palmerah","WADMKC":"Pal Merah","WADMKK":"Kota Adm. Jakarta Barat","KDEPUM":"31.73.07.1001","KDCPUM":"31.73.07","KDPKAB":"31.73","LUASWH":220.6,"SRS_ID":"32748"},"geometry":{"type":"Polygon","coordinates":[[[106.7876558439006,-6.195050213392776],[106.78747658673039,-6.194461075042674],[106.78494255576018,-6.193029313641115],[106.78223131662675,-6.193240152856086],[106.78230505530725,-6.198727491198279],[106.78318984801197,-6.206688813955514],[106.78742810109621,-6.207048604761092],[106.78904681918137,-6.208466232662614],[106.79072103027194,-6.207471554695793],[106.7924370174281,-6.207792398658823],[106.79615248455981,-6.207487100974845],[106.7972555060462,-6.203898899198609],[106.7982450187396,-6.202620470782492],[106.79941240206797,-6.20179132038975],[106.79953186470793,-6.201348902054226],[106.79853168222623,-6.199219517715815],[106.79427586841894,-6.199730224990504],[106.79322766526637,-6.1975467889995555],[106.79406699841397,-6.196461867711358],[106.79406265440956,-6.19560438343098],[106.7919332929276,-6.194209732220226],[106.789785128723,-6.19430836718973],[106.78955565830533,-6.195237349427296],[106.7876558439006,-6.195050213392776]]]}},{"type":"Feature","id":133,"properties":{"OBJECTID":133,"WADMKD":"Slipi","WADMKC":"Pal Merah","WADMKK":"Kota Adm. Jakarta Barat","KDEPUM":"31.73.07.1002","KDCPUM":"31.73.07","KDPKAB":"31.73","LUASWH":97.49000000000001,"SRS_ID":"32748"},"geometry":{"type":"Polygon","coordinates":[[[106.80673681897447,-6.189212115654223],[106.79709539483048,-6.189570065183531],[106.797500354425,-6.195940093246677],[106.79953186470793,-6.201348902054226],[106.80023445763666,-6.200281112433747],[106.80272168633822,-6.199067674564164],[106.80436100309268,-6.197248645844516],[106.80504748576375,-6.195813165392173],[106.80554470203873,-6.192740574561954],[106.80673681897447,-6.189212115654223]]]}},{"type":"Feature","id":134,"properties":{"OBJECTID":134,"WADMKD":"Kota Bambu Utara","WADMKC":"Pal Merah","WADMKK":"Kota Adm. Jakarta Barat","KDEPUM":"31.73.07.1003","KDCPUM":"31.73.07","KDPKAB":"31.73","LUASWH":66.41,"SRS_ID":"32748"},"geometry":{"type":"Polygon","coordinates":[[[106.80534075867205,-6.180355905640749],[106.80510508740832,-6.179961655038529],[106.7989826203849,-6.181843363909501],[106.79677189727268,-6.181803916931321],[106.79694792699962,-6.185878685558335],[106.8012564314096,-6.18575864944885],[106.80138131055142,-6.184101190617121],[106.80253132207473,-6.1844270357326705],[106.803853136429,-6.185624513101448],[106.80575487983018,-6.185511290416891],[106.80788112355489,-6.186682243404801],[106.81032763759822,-6.185066821566774],[106.81011371834356,-6.182830120445236],[106.80830761398178,-6.182908712919209],[106.80818091362934,-6.182183275878162],[106.80716618143961,-6.182331341706678],[106.80706164776879,-6.181983678717179],[106.80548835376612,-6.181977191102573],[106.80534075867205,-6.180355905640749]]]}},{"type":"Feature","id":135,"properties":{"OBJECTID":135,"WADMKD":"Jatipulo","WADMKC":"Pal Merah","WADMKK":"Kota Adm. Jakarta Barat","KDEPUM":"31.73.07.1004","KDCPUM":"31.73.07","KDPKAB":"31.73","LUASWH":82.67,"SRS_ID":"32748"},"geometry":{"type":"Polygon","coordinates":[[[106.80981645440373,-6.179945522050564],[106.8054893794315,-6.1734858806213255],[106.79853931596563,-6.178166781010382],[106.79612801702054,-6.179421857312649],[106.79676114143614,-6.181696533875253],[106.7989826203849,-6.181843363909501],[106.80500587782495,-6.1799798513476984],[106.80531143317656,-6.180259611930319],[106.80548835376612,-6.181977191102573],[106.80698324226056,-6.18194983498122],[106.80707043028573,-6.182325659012205],[106.80805012797835,-6.182161241958472],[106.80838749314766,-6.182907439242476],[106.81010379958055,-6.182724202175513],[106.80981645440373,-6.179945522050564]]]}},{"type":"Feature","id":136,"properties":{"OBJECTID":136,"WADMKD":"Kramat Pela","WADMKC":"Kebayoran Baru","WADMKK":"Kota Adm. Jakarta Selatan","KDEPUM":"31.74.07.1003","KDCPUM":"31.74.07","KDPKAB":"31.74","LUASWH":124.87,"SRS_ID":"32748"},"geometry":{"type":"Polygon","coordinates":[[[106.789551503133,-6.241258890816796],[106.78763995693527,-6.2407579327596165],[106.78623703262218,-6.239557392585272],[106.78502020209984,-6.239448024218729],[106.78474256091687,-6.241191584087886],[106.78413165226029,-6.241671026909004],[106.7847373180321,-6.242762358953907],[106.78670764402887,-6.243480554067534],[106.78694631630944,-6.2442887564429395],[106.78769015456244,-6.244367691345202],[106.78767200225596,-6.244986504556843],[106.788682461022,-6.246711544832024],[106.7886195822298,-6.247158317571978],[106.78919591265534,-6.247347176899794],[106.78905641118467,-6.248267393839415],[106.78859974094942,-6.248290780658346],[106.78885296624917,-6.2488416003159974],[106.7883905298841,-6.249792935958332],[106.78888650042407,-6.250914711571319],[106.79006138656923,-6.251225375638479],[106.79081766184225,-6.249024614847674],[106.7947476602766,-6.250168430569847],[106.79580987901024,-6.249585001608668],[106.79749966225856,-6.249705960124037],[106.79845271657229,-6.242581356898844],[106.79844174058397,-6.240024899826554],[106.79418875198782,-6.239938761713978],[106.79360060873289,-6.240370662549021],[106.79287422119447,-6.241694223834341],[106.7917566215502,-6.242053024279821],[106.79005690719994,-6.241794365560893],[106.789551503133,-6.241258890816796]]]}},{"type":"Feature","id":137,"properties":{"OBJECTID":137,"WADMKD":"Selong","WADMKC":"Kebayoran Baru","WADMKK":"Kota Adm. Jakarta Selatan","KDEPUM":"31.74.07.1004","KDCPUM":"31.74.07","KDPKAB":"31.74","LUASWH":142.76,"SRS_ID":"32748"},"geometry":{"type":"Polygon","coordinates":[[[106.79976981478838,-6.229361195638043],[106.7994956250354,-6.229240742358423],[106.7991149540183,-6.229786860872948],[106.79846365084965,-6.231705363920445],[106.79844162344575,-6.23986417935045],[106.80473207410883,-6.239870868302562],[106.80723331257735,-6.239210135594881],[106.80758306269459,-6.235481831617683],[106.80920665991626,-6.235468254252061],[106.81127875527076,-6.233711403299702],[106.81242760383849,-6.233125372556927],[106.81471637864955,-6.232988050940028],[106.81464403822812,-6.231263058046537],[106.8135864918509,-6.230002872111782],[106.81046208685342,-6.230381839403368],[106.80951083067006,-6.2314113521467185],[106.80434489578822,-6.22950628489506],[106.79976981478838,-6.229361195638043]]]}},{"type":"Feature","id":138,"properties":{"OBJECTID":138,"WADMKD":"Rawa Barat","WADMKC":"Kebayoran Baru","WADMKK":"Kota Adm. Jakarta Selatan","KDEPUM":"31.74.07.1005","KDCPUM":"31.74.07","KDPKAB":"31.74","LUASWH":65.56,"SRS_ID":"32748"},"geometry":{"type":"Polygon","coordinates":[[[106.81583306366939,-6.233023736353184],[106.81249999944363,-6.233107613310135],[106.81129478420804,-6.233700119209312],[106.80923977490603,-6.235456157449017],[106.80761419056252,-6.235408452670218],[106.80723354100175,-6.239081410069529],[106.81369959074112,-6.238725296269634],[106.81772404071496,-6.23888321057055],[106.8185330400873,-6.235889028407426],[106.8178394113636,-6.2353861073037695],[106.8175885483813,-6.233441001441943],[106.81583306366939,-6.233023736353184]]]}},{"type":"Feature","id":139,"properties":{"OBJECTID":139,"WADMKD":"Senayan","WADMKC":"Kebayoran Baru","WADMKK":"Kota Adm. Jakarta Selatan","KDEPUM":"31.74.07.1006","KDCPUM":"31.74.07","KDPKAB":"31.74","LUASWH":143.21,"SRS_ID":"32748"},"geometry":{"type":"Polygon","coordinates":[[[106.81716650355614,-6.2292239891699825],[106.81655206234028,-6.227829412588591],[106.81713100134715,-6.227255657934266],[106.81671972495103,-6.226800689656354],[106.81708402490956,-6.2263106714117935],[106.81691888463979,-6.225957089985713],[106.81249999939192,-6.21949431627615],[106.80503225531243,-6.224768603562492],[106.79947744535129,-6.229210361343792],[106.80037674416107,-6.229513646083821],[106.80147602833178,-6.229281252438345],[106.8045133173367,-6.22954399999224],[106.80969311615432,-6.231519844923328],[106.81052700233971,-6.230374491609755],[106.81369433882888,-6.229958520187383],[106.81455201826014,-6.2311372535717355],[106.81456070620098,-6.23243069156593],[106.81487097764165,-6.233001756823034],[106.81740040378615,-6.233406820345449],[106.81775436521332,-6.233144167101445],[106.81735309636703,-6.232119634320411],[106.81681266800139,-6.231898324198757],[106.8172942196738,-6.2298564858207115],[106.81716650355614,-6.2292239891699825]]]}},{"type":"Feature","id":140,"properties":{"OBJECTID":140,"WADMKD":"Pulo","WADMKC":"Kebayoran Baru","WADMKK":"Kota Adm. Jakarta Selatan","KDEPUM":"31.74.07.1007","KDCPUM":"31.74.07","KDPKAB":"31.74","LUASWH":110.4,"SRS_ID":"32748"},"geometry":{"type":"Polygon","coordinates":[[[106.80917784167232,-6.2497698065788185],[106.80736682526704,-6.248986575338099],[106.80611378358176,-6.247623830666232],[106.80431317636857,-6.24886510658868],[106.80351677715223,-6.250823904347861],[106.80243016139276,-6.251902966006105],[106.8013901349678,-6.252368012666669],[106.79739743384327,-6.253101696019371],[106.79734215111814,-6.249698012795439],[106.79596213205022,-6.2495730029256436],[106.79502234082865,-6.250154796219239],[106.79412864490097,-6.250000003575352],[106.79409790005981,-6.250658416904243],[106.79482201381873,-6.252283082034175],[106.79418698031652,-6.25395954368417],[106.7933942991954,-6.254972181766632],[106.7943510542968,-6.255454315237533],[106.79486993472831,-6.256827954295503],[106.79702242333775,-6.256728630739487],[106.79693810454955,-6.257784843288478],[106.8004751214422,-6.257511464584168],[106.80058428096298,-6.256376931047846],[106.80095358464733,-6.256276835730848],[106.80712269009022,-6.256035364715762],[106.80787792623482,-6.2556068776204965],[106.80820915037674,-6.256194014750394],[106.80847942255437,-6.2559455476152515],[106.8085829861308,-6.253346879716983],[106.80915680063359,-6.2527442348274445],[106.80892537807502,-6.252381197350062],[106.81043996040742,-6.250446804185271],[106.81003418003459,-6.250228439560658],[106.8096229102516,-6.248982274625483],[106.80917784167232,-6.2497698065788185]]]}},{"type":"Feature","id":141,"properties":{"OBJECTID":141,"WADMKD":"Petogogan","WADMKC":"Kebayoran Baru","WADMKK":"Kota Adm. Jakarta Selatan","KDEPUM":"31.74.07.1008","KDCPUM":"31.74.07","KDPKAB":"31.74","LUASWH":85.04,"SRS_ID":"32748"},"geometry":{"type":"Polygon","coordinates":[[[106.815044414552,-6.2389093763500245],[106.81374342610263,-6.238722856841799],[106.80728066187626,-6.239206056196252],[106.80819003731106,-6.244270637225192],[106.80794190742549,-6.245150821402006],[106.80608184722043,-6.247511379611832],[106.80720736696384,-6.248872273350678],[106.80911465815025,-6.2497312518221015],[106.81036413859631,-6.248072530582945],[106.81143263820164,-6.2472445779119266],[106.81186634776103,-6.2472430135631],[106.8120153685787,-6.2468058901662475],[106.81261005892432,-6.246651750241373],[106.81309132556548,-6.2456556578774585],[106.81375496958685,-6.245449668984931],[106.8148198404347,-6.242942904333398],[106.81565163591989,-6.243073969663496],[106.81564593362839,-6.242421633384338],[106.8160273303114,-6.242123352405834],[106.81584671573336,-6.241357167877352],[106.81648722764072,-6.240912372631936],[106.81770194655972,-6.239034553766269],[106.81715356035126,-6.23875934757217],[106.815044414552,-6.2389093763500245]]]}},{"type":"Feature","id":142,"properties":{"OBJECTID":142,"WADMKD":"Gandaria Utara","WADMKC":"Kebayoran Baru","WADMKK":"Kota Adm. Jakarta Selatan","KDEPUM":"31.74.07.1009","KDCPUM":"31.74.07","KDPKAB":"31.74","LUASWH":156.27,"SRS_ID":"32748"},"geometry":{"type":"Polygon","coordinates":[[[106.79424002396954,-6.251005739423408],[106.79404057689676,-6.250000003904476],[106.7908647687567,-6.249045028343937],[106.79013573800327,-6.251246451371426],[106.7889090866436,-6.251051732568935],[106.78785409883322,-6.253391407135299],[106.7862134131878,-6.254013325253035],[106.7858332799916,-6.255311422685061],[106.78596579878207,-6.256363936743651],[106.78631285065528,-6.256687034848737],[106.78552276207944,-6.256899870999838],[106.78485534340345,-6.258305256766415],[106.78548702967385,-6.259254285394248],[106.78495127638982,-6.260402536700488],[106.78550481236483,-6.260869696287915],[106.78513411615542,-6.261432879881005],[106.78527544118306,-6.262988158687306],[106.79418391470138,-6.264295342414479],[106.7946535642471,-6.26361752055956],[106.79706060581879,-6.263926682056734],[106.7965991435802,-6.261569237116265],[106.79701369914676,-6.256834916032319],[106.79487034735006,-6.256833950359396],[106.7943510542968,-6.255454315237533],[106.79333840315113,-6.254860787633107],[106.79421291707061,-6.254004144592873],[106.79479214902547,-6.252396315952218],[106.79424002396954,-6.251005739423408]]]}},{"type":"Feature","id":143,"properties":{"OBJECTID":143,"WADMKD":"Bukit Duri","WADMKC":"Tebet","WADMKK":"Kota Adm. Jakarta Selatan","KDEPUM":"31.74.01.1005","KDCPUM":"31.74.01","KDPKAB":"31.74","LUASWH":107.53,"SRS_ID":"32748"},"geometry":{"type":"Polygon","coordinates":[[[106.85718076988941,-6.217535072359583],[106.85628279058257,-6.216435957444949],[106.85657753215314,-6.21526256743578],[106.85637547478004,-6.21512551858483],[106.85267381085849,-6.219034914411114],[106.85191313955384,-6.224301988760783],[106.85607717973106,-6.225231372913195],[106.85917254544886,-6.225468311616204],[106.8635871527739,-6.225067933412514],[106.8637965275971,-6.224594805259337],[106.8652848178682,-6.224266058418822],[106.86531296326815,-6.223350214366891],[106.86367363298461,-6.221295475947599],[106.86288067243677,-6.219653596282775],[106.86157065883572,-6.220002380087002],[106.8614383315879,-6.22044015473311],[106.86181361557963,-6.221273945084161],[106.8615272203401,-6.221645304784977],[106.8608619335592,-6.221802668743364],[106.86007223405248,-6.2213206821522],[106.86126502237842,-6.2190648658927445],[106.86353456725274,-6.216299756801605],[106.8626501592708,-6.216182588192622],[106.8602341384366,-6.217327923872197],[106.85865768111249,-6.216289953405193],[106.85774739511093,-6.2175916529292525],[106.85718076988941,-6.217535072359583]]]}},{"type":"Feature","id":144,"properties":{"OBJECTID":144,"WADMKD":"Manggarai Selatan","WADMKC":"Tebet","WADMKK":"Kota Adm. Jakarta Selatan","KDEPUM":"31.74.01.1006","KDCPUM":"31.74.01","KDPKAB":"31.74","LUASWH":55.47,"SRS_ID":"32748"},"geometry":{"type":"Polygon","coordinates":[[[106.84567070829823,-6.215651440305719],[106.84411826655452,-6.214894064807004],[106.843949144833,-6.2150928430160155],[106.84390675585898,-6.2158360901011855],[106.84595507663315,-6.220540862963481],[106.84749347529326,-6.223178629428417],[106.84747589224665,-6.224228923415501],[106.85074912189627,-6.224171267025894],[106.85096241277866,-6.223838798065422],[106.85201739128378,-6.223792356683602],[106.85265965419156,-6.219136116035152],[106.85133938870923,-6.219077584055201],[106.85068783482797,-6.218424342054191],[106.84974389406909,-6.218282689589861],[106.84969267617502,-6.217295585221496],[106.84877809806214,-6.216497433182148],[106.84835663540727,-6.216746414393525],[106.84667818625209,-6.216164050448321],[106.84674321288138,-6.215867642991098],[106.84567070829823,-6.215651440305719]]]}},{"type":"Feature","id":145,"properties":{"OBJECTID":145,"WADMKD":"Manggarai","WADMKC":"Tebet","WADMKK":"Kota Adm. Jakarta Selatan","KDEPUM":"31.74.01.1007","KDCPUM":"31.74.01","KDPKAB":"31.74","LUASWH":106.4,"SRS_ID":"32748"},"geometry":{"type":"Polygon","coordinates":[[[106.84909621172608,-6.20758228521848],[106.84780956980784,-6.208287740664444],[106.84734838814788,-6.209942127805483],[106.84406732474623,-6.2147710401679905],[106.84552444161619,-6.215588636931445],[106.84674502243303,-6.215859055258686],[106.8469589085543,-6.216321716720387],[106.84913809432786,-6.216811600583604],[106.84969267617502,-6.217295585221496],[106.84961805407022,-6.218260366034147],[106.85083144741066,-6.218446645570593],[106.85137445478107,-6.219089091392611],[106.852547011348,-6.2190882288902385],[106.85633151244362,-6.215170983035161],[106.85659202785148,-6.215212890006112],[106.85734117596725,-6.213894200047461],[106.85830907056213,-6.213469687147446],[106.85704706557428,-6.211898960133768],[106.85454889771732,-6.211164793115662],[106.85306676442754,-6.209792705708976],[106.85093721394294,-6.2089219345928415],[106.84909621172608,-6.20758228521848]]]}},{"type":"Feature","id":146,"properties":{"OBJECTID":146,"WADMKD":"Setia Budi","WADMKC":"Setiabudi","WADMKK":"Kota Adm. Jakarta Selatan","KDEPUM":"31.74.02.1001","KDCPUM":"31.74.02","KDPKAB":"31.74","LUASWH":67.57000000000001,"SRS_ID":"32748"},"geometry":{"type":"Polygon","coordinates":[[[106.83047100745057,-6.210481119236114],[106.83007300743157,-6.208333335810562],[106.82818213384964,-6.204824871761485],[106.8279930040624,-6.203958478319811],[106.82280662283449,-6.2026847214325365],[106.82166073581465,-6.209118562414534],[106.82267428120595,-6.210315521116287],[106.82406680322082,-6.211268546342942],[106.82471174922436,-6.210589961849946],[106.8256693612466,-6.211014902701802],[106.82597718068747,-6.210744837838304],[106.82770796692569,-6.2109310899338706],[106.82795759533197,-6.2112056509966616],[106.83038809141814,-6.211304128694948],[106.83047100745057,-6.210481119236114]]]}},{"type":"Feature","id":147,"properties":{"OBJECTID":147,"WADMKD":"Karet Semanggi","WADMKC":"Setiabudi","WADMKK":"Kota Adm. Jakarta Selatan","KDEPUM":"31.74.02.1002","KDCPUM":"31.74.02","KDPKAB":"31.74","LUASWH":89.99,"SRS_ID":"32748"},"geometry":{"type":"Polygon","coordinates":[[[106.8187831417461,-6.216305042244344],[106.81838258802662,-6.214821394643146],[106.81248778409693,-6.219476449999794],[106.82071172927094,-6.2316406242104225],[106.82171776205105,-6.2310887085512086],[106.82141784957516,-6.230633703070241],[106.82143636102981,-6.22503330944462],[106.8207471796201,-6.221167709807383],[106.81986761027602,-6.219577514213307],[106.8187831417461,-6.216305042244344]]]}},{"type":"Feature","id":148,"properties":{"OBJECTID":148,"WADMKD":"Karet Kuningan","WADMKC":"Setiabudi","WADMKK":"Kota Adm. Jakarta Selatan","KDEPUM":"31.74.02.1003","KDCPUM":"31.74.02","KDPKAB":"31.74","LUASWH":169.05,"SRS_ID":"32748"},"geometry":{"type":"Polygon","coordinates":[[[106.82768893014052,-6.215828507441045],[106.82821117983295,-6.215434645162862],[106.82719178075581,-6.2159671694358964],[106.8254645774353,-6.216199279052857],[106.82225539114734,-6.216162784827562],[106.82200309367059,-6.215812062414104],[106.82115037215004,-6.216168925105032],[106.81901720559335,-6.21631622344605],[106.8197927092694,-6.2193768651824675],[106.82101186810343,-6.2220130657779],[106.82146610157346,-6.225411211725183],[106.82581030443912,-6.225181014888954],[106.82572116233607,-6.224221425933688],[106.825979867051,-6.2241973065581915],[106.83177328734116,-6.225844658195903],[106.83507555925914,-6.225616118873717],[106.83541574626469,-6.225097865605569],[106.83588086417144,-6.221949893082643],[106.83520918200885,-6.2194950222704835],[106.83593531454983,-6.218066733578124],[106.83567141302932,-6.217382838707916],[106.8359842251492,-6.216316609268441],[106.83401434857215,-6.21607286214192],[106.83218146541358,-6.216349805951989],[106.83217758198595,-6.216905465434447],[106.83101355876846,-6.217236186304408],[106.82968260582439,-6.217011574944247],[106.82952639217581,-6.216434722683057],[106.8276993721347,-6.2161033460770065],[106.82768893014052,-6.215828507441045]]]}},{"type":"Feature","id":149,"properties":{"OBJECTID":149,"WADMKD":"Karet","WADMKC":"Setiabudi","WADMKK":"Kota Adm. Jakarta Selatan","KDEPUM":"31.74.02.1004","KDCPUM":"31.74.02","KDPKAB":"31.74","LUASWH":100.23,"SRS_ID":"32748"},"geometry":{"type":"Polygon","coordinates":[[[106.82404088433618,-6.211269507341566],[106.8216505089162,-6.209150028573296],[106.8198621528771,-6.212767817135705],[106.81845555356041,-6.214549993650398],[106.8187831417461,-6.216305042244344],[106.82122958504958,-6.216157331898871],[106.822028129866,-6.215832038861555],[106.82238593971655,-6.216165219062379],[106.8254645774353,-6.216199279052857],[106.82722281388843,-6.215954501394939],[106.82810233876471,-6.215294935450865],[106.8276993721347,-6.2161033460770065],[106.82956339642763,-6.216247681555448],[106.8295397934002,-6.216904852694517],[106.83101355876846,-6.217236186304408],[106.8321766517749,-6.216919674076536],[106.83238067473917,-6.216368385951213],[106.83395693828378,-6.216070469083154],[106.83599657970814,-6.216281217894853],[106.83626085388421,-6.21516743158877],[106.8360153968698,-6.213985633764873],[106.834454009436,-6.212976393660295],[106.83182637986478,-6.212066600784606],[106.83081104908713,-6.211140297576763],[106.82832033368571,-6.211236852659742],[106.82597939495653,-6.210745305790763],[106.8256884302176,-6.211018782704816],[106.82471596331384,-6.210591854218111],[106.82404088433618,-6.211269507341566]]]}},{"type":"Feature","id":150,"properties":{"OBJECTID":150,"WADMKD":"Menteng Atas","WADMKC":"Setiabudi","WADMKK":"Kota Adm. Jakarta Selatan","KDEPUM":"31.74.02.1005","KDCPUM":"31.74.02","KDPKAB":"31.74","LUASWH":104.60000000000001,"SRS_ID":"32748"},"geometry":{"type":"Polygon","coordinates":[[[106.83771039999516,-6.210617620056772],[106.83719012237792,-6.210236006577748],[106.8347225818424,-6.212940916368402],[106.83609391878244,-6.21412611659818],[106.8362583795738,-6.215236569265721],[106.83569590478014,-6.217128500575503],[106.83594271240791,-6.21819095144196],[106.83522728591322,-6.219337030064687],[106.83588324400048,-6.22187389037929],[106.83537991884786,-6.225316326943975],[106.83507555925914,-6.225616118873717],[106.8387779766311,-6.225200926451657],[106.83779424486207,-6.222697902735291],[106.83849713996021,-6.222324475263729],[106.83869077595794,-6.2215084478786515],[106.84532517134882,-6.221446788944371],[106.8461398235782,-6.220904076915515],[106.8439597887507,-6.21597967898409],[106.84398516557272,-6.214971267308801],[106.84255998187881,-6.214194626407785],[106.83806697557193,-6.213760957878166],[106.83800737431932,-6.210842820105964],[106.83771039999516,-6.210617620056772]]]}},{"type":"Feature","id":151,"properties":{"OBJECTID":151,"WADMKD":"Pasar Manggis","WADMKC":"Setiabudi","WADMKK":"Kota Adm. Jakarta Selatan","KDEPUM":"31.74.02.1006","KDCPUM":"31.74.02","KDPKAB":"31.74","LUASWH":78.39,"SRS_ID":"32748"},"geometry":{"type":"Polygon","coordinates":[[[106.84664874043014,-6.2086430643886334],[106.83874331764156,-6.205912887090865],[106.83818250508354,-6.207176377845612],[106.83491213085553,-6.211112477578893],[106.83568091804892,-6.211805137672369],[106.83716753529082,-6.210259747084876],[106.83793090940642,-6.210669359029696],[106.83818867256743,-6.213778950005297],[106.84276060100049,-6.21419170118522],[106.84398060980494,-6.214873882095603],[106.84697142857101,-6.210562680671958],[106.84793176877643,-6.208497857283785],[106.84780956980784,-6.208287740664444],[106.84664874043014,-6.2086430643886334]]]}},{"type":"Feature","id":152,"properties":{"OBJECTID":152,"WADMKD":"Guntur","WADMKC":"Setiabudi","WADMKK":"Kota Adm. Jakarta Selatan","KDEPUM":"31.74.02.1007","KDCPUM":"31.74.02","KDPKAB":"31.74","LUASWH":65.1,"SRS_ID":"32748"},"geometry":{"type":"Polygon","coordinates":[[[106.83481061058572,-6.2110186731661665],[106.83800412479266,-6.207413107977984],[106.83866076356614,-6.205952094585534],[106.83683293095834,-6.205322753098347],[106.8280066361216,-6.203863676687704],[106.82818213384964,-6.204824871761485],[106.83007300743157,-6.208333335810562],[106.83050899861556,-6.211100175055798],[106.83193948860752,-6.21212211117848],[106.83460679504616,-6.2130563111861985],[106.83571173360612,-6.21194050591645],[106.83481061058572,-6.2110186731661665]]]}},{"type":"Feature","id":153,"properties":{"OBJECTID":153,"WADMKD":"Kuningan Timur","WADMKC":"Setiabudi","WADMKK":"Kota Adm. Jakarta Selatan","KDEPUM":"31.74.02.1008","KDCPUM":"31.74.02","KDPKAB":"31.74","LUASWH":216.55,"SRS_ID":"32748"},"geometry":{"type":"Polygon","coordinates":[[[106.83032874986236,-6.225477113631308],[106.82589872733409,-6.224175770419159],[106.8257225421571,-6.225190458752266],[106.82146838893901,-6.2254758704412305],[106.82171776205105,-6.2310887085512086],[106.8207778771751,-6.231689714944091],[106.82221159928612,-6.233372860613552],[106.8253768775757,-6.235577908918274],[106.83256969507808,-6.24012696267826],[106.83463766885465,-6.24088999635869],[106.83508450457101,-6.238204770823226],[106.83560752332883,-6.237786637004493],[106.83632775411002,-6.235906274857573],[106.836793779412,-6.230004169113063],[106.83572030963553,-6.227888204850618],[106.83508556156592,-6.2257185037763465],[106.83231786913922,-6.225883955406107],[106.83032874986236,-6.225477113631308]]]}},{"type":"Feature","id":154,"properties":{"OBJECTID":154,"WADMKD":"Mampang Prapatan","WADMKC":"Mampang Prapatan","WADMKK":"Kota Adm. Jakarta Selatan","KDEPUM":"31.74.03.1001","KDCPUM":"31.74.03","KDPKAB":"31.74","LUASWH":79.49,"SRS_ID":"32748"},"geometry":{"type":"Polygon","coordinates":[[[106.83256969507808,-6.24012696267826],[106.82434530167313,-6.240074448209052],[106.82114742367483,-6.240498090843581],[106.8216278883162,-6.24118638372232],[106.82146617540435,-6.241916678207412],[106.82303149956587,-6.242349732567809],[106.82345311327627,-6.242927077211201],[106.82321491285647,-6.243310721421614],[106.82354205193144,-6.243571438549386],[106.82339130740598,-6.244943225202177],[106.8226495669098,-6.245599184676987],[106.83439130494078,-6.245046896713772],[106.83530740293915,-6.245380339997997],[106.83527114728578,-6.241395485190391],[106.83256969507808,-6.24012696267826]]]}},{"type":"Feature","id":155,"properties":{"OBJECTID":155,"WADMKD":"Bangka","WADMKC":"Mampang Prapatan","WADMKK":"Kota Adm. Jakarta Selatan","KDEPUM":"31.74.03.1002","KDCPUM":"31.74.03","KDPKAB":"31.74","LUASWH":317.42,"SRS_ID":"32748"},"geometry":{"type":"Polygon","coordinates":[[[106.81111108270215,-6.254585873202453],[106.81106538312949,-6.253810922021515],[106.81081161039661,-6.254660950543794],[106.80864404463989,-6.254748728196368],[106.80830414706625,-6.255552638038205],[106.80912061074444,-6.256437261690711],[106.80903629381199,-6.2574405882903985],[106.80949841201992,-6.258691694253924],[106.81058110293426,-6.259207367671655],[106.81028863148521,-6.259626100012702],[106.81051175901513,-6.260198442909562],[106.811421969609,-6.2606463578149345],[106.81166608101888,-6.261217601056986],[106.8114647410651,-6.2615720334569005],[106.81204943516735,-6.262208080284644],[106.81157857466718,-6.262543722388259],[106.81174560601917,-6.263509817735549],[106.81219727989422,-6.26367648020072],[106.81254679469185,-6.264954650829988],[106.81319814891275,-6.265711769000066],[106.8129043705629,-6.26709651621792],[106.81219511900521,-6.268147204633985],[106.81227054300226,-6.26899532635829],[106.81176423615673,-6.269514269438692],[106.81157413301506,-6.270386764538997],[106.81256859689574,-6.2715478695370575],[106.81376649430875,-6.272093797054674],[106.8138927119347,-6.272906304254213],[106.8209256140103,-6.274245083550485],[106.82183126103459,-6.271606235685458],[106.82290319583966,-6.2714734539965855],[106.8236684216173,-6.270824830404119],[106.82506714144853,-6.27131665337196],[106.82525748179353,-6.271067590853623],[106.8245865331775,-6.270320996165286],[106.82467766161973,-6.269564186009586],[106.82555636581375,-6.268652705729724],[106.82538802848717,-6.267751914783373],[106.82644066983053,-6.266268378725583],[106.82733241461423,-6.26646374675001],[106.82763251364051,-6.26562261313944],[106.82655095595639,-6.265438507727003],[106.82584882626237,-6.261245365381481],[106.82456227900627,-6.2603102135641935],[106.82493360585319,-6.259764989753905],[106.82608428033556,-6.259712277828584],[106.82626031604191,-6.259342907123869],[106.82627538484135,-6.258721488864736],[106.82480475984056,-6.258077312308522],[106.82471932283917,-6.255905185312037],[106.82530156391124,-6.254827247848292],[106.8243271560034,-6.254563336329921],[106.8239000228727,-6.253914263170252],[106.8216432758912,-6.254419941219429],[106.81178290176713,-6.254886099677938],[106.81111108270215,-6.254585873202453]]]}},{"type":"Feature","id":156,"properties":{"OBJECTID":156,"WADMKD":"Pela Mampang","WADMKC":"Mampang Prapatan","WADMKK":"Kota Adm. Jakarta Selatan","KDEPUM":"31.74.03.1003","KDCPUM":"31.74.03","KDPKAB":"31.74","LUASWH":194.9,"SRS_ID":"32748"},"geometry":{"type":"Polygon","coordinates":[[[106.82075815431608,-6.240563902934394],[106.81777800254982,-6.238909501332717],[106.8164529400182,-6.240950224951544],[106.81581465997482,-6.241433370399872],[106.81605573381407,-6.241748129317367],[106.81561747229023,-6.24313370174769],[106.81521120775649,-6.24284582765278],[106.81474830012374,-6.2429920995768855],[106.81450568772333,-6.244154460340125],[106.81381229494417,-6.244828914768567],[106.81372738591631,-6.245493555241777],[106.8130500255831,-6.245733618343797],[106.81257268889138,-6.246720921207673],[106.81081445373593,-6.247696178780259],[106.80966782092293,-6.248879669210472],[106.81008322364893,-6.250350020358284],[106.81043175640619,-6.250563577427311],[106.80899937902566,-6.252235593818296],[106.80918251168634,-6.252811474300312],[106.80862043938392,-6.253174181603522],[106.80857372382775,-6.254566097939583],[106.81073020123618,-6.25469623734856],[106.81089327666398,-6.253821999161658],[106.81118273696951,-6.2545697958151925],[106.81212022237438,-6.254834741667734],[106.82342331414381,-6.254195509825379],[106.82300683930468,-6.253195737421251],[106.82357490208261,-6.253123918127952],[106.82352107008873,-6.252443838366088],[106.8239237695657,-6.251884544418303],[106.82383210265986,-6.249622388669953],[106.82330033300622,-6.2484794371381485],[106.82256755183765,-6.247787204586684],[106.82225766330089,-6.246662020985381],[106.82267024087314,-6.245383371717531],[106.82339130740598,-6.244943225202177],[106.82354915158467,-6.243639984667785],[106.8231998473582,-6.243352340287991],[106.82348139790615,-6.242984242347757],[106.82309587989624,-6.242371337258463],[106.82146617540435,-6.241916678207412],[106.82171009413436,-6.241494186830337],[106.82147906516394,-6.240880202563858],[106.82075815431608,-6.240563902934394]],[[106.82352586184412,-6.250288293195395],[106.82352491066234,-6.250292283899373],[106.82352366735454,-6.250296195145173],[106.82352586184412,-6.250288293195395]],[[106.82352032571414,-6.250303683345792],[106.82351824530849,-6.250307218646453],[106.82351590772717,-6.25031059118374],[106.82352032571414,-6.250303683345792]]]}},{"type":"Feature","id":157,"properties":{"OBJECTID":157,"WADMKD":"Tegal Parang","WADMKC":"Mampang Prapatan","WADMKK":"Kota Adm. Jakarta Selatan","KDEPUM":"31.74.03.1004","KDCPUM":"31.74.03","KDPKAB":"31.74","LUASWH":104.54,"SRS_ID":"32748"},"geometry":{"type":"Polygon","coordinates":[[[106.834419196234,-6.245046798569975],[106.82265067634033,-6.245613510182958],[106.8222666714119,-6.246468899773222],[106.82250323396725,-6.2476313715561025],[106.8233276249908,-6.2485128285805684],[106.82384686314556,-6.249708958172941],[106.82367022818504,-6.2529595847571775],[106.82517607460589,-6.253079862360332],[106.8269887034474,-6.252850535185048],[106.82725964363983,-6.252384933118466],[106.83554798801397,-6.251802313396457],[106.8357319995953,-6.250650168433752],[106.83519250267722,-6.248682726095497],[106.83540427363357,-6.245420644414337],[106.834419196234,-6.245046798569975]]]}},{"type":"Feature","id":158,"properties":{"OBJECTID":158,"WADMKD":"Kuningan Barat","WADMKC":"Mampang Prapatan","WADMKK":"Kota Adm. Jakarta Selatan","KDEPUM":"31.74.03.1005","KDCPUM":"31.74.03","KDPKAB":"31.74","LUASWH":97.62,"SRS_ID":"32748"},"geometry":{"type":"Polygon","coordinates":[[[106.8207566795909,-6.231703131962562],[106.81709800109412,-6.226331565843323],[106.81673893139326,-6.22655606160523],[106.81714507317363,-6.227176663042915],[106.81655980931018,-6.22799684773263],[106.81728720598478,-6.229894948364471],[106.8168298605974,-6.232039372671312],[106.81728119743657,-6.232074697705017],[106.81779704860179,-6.233104381712158],[106.81752741345203,-6.233851203106988],[106.81782550358243,-6.2353405865835265],[106.81850864803344,-6.235854661662232],[106.81775386883298,-6.238897703746999],[106.8205243139763,-6.240549643418136],[106.82419407272998,-6.240082304066691],[106.83222772736133,-6.23997846291072],[106.82285417555197,-6.23385425825524],[106.8207566795909,-6.231703131962562]]]}},{"type":"Feature","id":159,"properties":{"OBJECTID":159,"WADMKD":"Pasar Minggu","WADMKC":"Pasar Minggu","WADMKK":"Kota Adm. Jakarta Selatan","KDEPUM":"31.74.04.1001","KDCPUM":"31.74.04","KDPKAB":"31.74","LUASWH":199.1,"SRS_ID":"32748"},"geometry":{"type":"Polygon","coordinates":[[[106.84069023242449,-6.276239838181236],[106.83978156216152,-6.279068890418924],[106.83861302663006,-6.280531887077625],[106.83775679660717,-6.285522913125055],[106.83668533740467,-6.28850673624256],[106.83548401555379,-6.289061012039605],[106.83500114124611,-6.291372706895506],[106.83389735817573,-6.291390666584402],[106.8334948566539,-6.291827779646683],[106.8335329939825,-6.29253559961976],[106.83437153518031,-6.292572979033809],[106.83495835256036,-6.292878590930586],[106.83498424872555,-6.29318881708656],[106.83439618485176,-6.297535550342622],[106.8339620121606,-6.297634563623584],[106.83378994212627,-6.298438544080255],[106.8333548450043,-6.298446941110032],[106.83287866683737,-6.299307351433602],[106.83646357605197,-6.301678854231199],[106.83968876468028,-6.3029917614390865],[106.84098119517026,-6.29484440942727],[106.84194210317354,-6.293644164236067],[106.84352808164195,-6.290535139037616],[106.84357371329521,-6.287757704379937],[106.84543751009821,-6.2787438254132235],[106.8424463367815,-6.277960779682849],[106.84154090454909,-6.276415998826579],[106.84069023242449,-6.276239838181236]]]}},{"type":"Feature","id":160,"properties":{"OBJECTID":160,"WADMKD":"Jati Padang","WADMKC":"Pasar Minggu","WADMKK":"Kota Adm. Jakarta Selatan","KDEPUM":"31.74.04.1002","KDCPUM":"31.74.04","KDPKAB":"31.74","LUASWH":239.8,"SRS_ID":"32748"},"geometry":{"type":"Polygon","coordinates":[[[106.83190543629057,-6.278580888422409],[106.8295066449315,-6.279634900209987],[106.82889716674569,-6.279621926438934],[106.82723692460338,-6.282764295789124],[106.82578532521653,-6.286642734874993],[106.82244140421196,-6.29380257243808],[106.83283697770074,-6.299314424721905],[106.83323093457902,-6.298590234883153],[106.83373781705541,-6.298446937107503],[106.83394858527335,-6.2976364480779115],[106.83438033891285,-6.297587101947128],[106.83510675090186,-6.292941815017827],[106.83432059667386,-6.292577369557341],[106.83358977043132,-6.292651421203652],[106.83349542920398,-6.291899069411764],[106.83383398093135,-6.291419428217546],[106.83510720060579,-6.291235604449101],[106.83550479089283,-6.28902602016149],[106.83660336857503,-6.288684255278859],[106.8378247788699,-6.285323582400024],[106.83862721078941,-6.280478657867158],[106.83941566705187,-6.279347040793769],[106.83457843384441,-6.279788657874345],[106.83190543629057,-6.278580888422409]]]}},{"type":"Feature","id":161,"properties":{"OBJECTID":161,"WADMKD":"Cilandak Timur","WADMKC":"Pasar Minggu","WADMKK":"Kota Adm. Jakarta Selatan","KDEPUM":"31.74.04.1003","KDCPUM":"31.74.04","KDPKAB":"31.74","LUASWH":370.44,"SRS_ID":"32748"},"geometry":{"type":"Polygon","coordinates":[[[106.81515662124148,-6.272934542817733],[106.81403878519741,-6.2730335053736415],[106.81381933302119,-6.273647933226473],[106.81420923636739,-6.275156907972494],[106.81405259887724,-6.275818632956201],[106.81293910433261,-6.276330773817478],[106.8127014295672,-6.27834577326456],[106.81185683556137,-6.279222662719108],[106.81141239556094,-6.279157641906732],[106.810719629046,-6.279717209573535],[106.81050227406298,-6.280902486589326],[106.80933402415606,-6.282260413568459],[106.80968444432926,-6.285919553793708],[106.80913169863142,-6.286060749341596],[106.8089755428958,-6.286949908220638],[106.8084915200141,-6.287464555829641],[106.80866450487335,-6.289031603870316],[106.80831092729882,-6.2898446850812215],[106.80626660467283,-6.29074242959628],[106.80550958425258,-6.292693003162785],[106.8050267062084,-6.2932005300599085],[106.80527011585704,-6.294105181657659],[106.80626497877154,-6.294522787120332],[106.80688931560458,-6.295649799570624],[106.80555660003773,-6.296794654405266],[106.80500857518918,-6.297988816699171],[106.80517379401522,-6.298405704606302],[106.80599042883061,-6.298444743182439],[106.80610323954951,-6.300403220780985],[106.80702460198751,-6.302676523375155],[106.80751404221691,-6.303163814589836],[106.80827575929095,-6.303291316444141],[106.80922840782803,-6.305186032924354],[106.80914545635743,-6.3055992719549705],[106.80843525433635,-6.30571178341437],[106.80869465993875,-6.306604650610904],[106.80826467321167,-6.306991784293474],[106.80859927167307,-6.308055679896806],[106.80683189358162,-6.309029024199958],[106.8078291384511,-6.309415639864857],[106.80853942967595,-6.310518294235213],[106.80811152391874,-6.311012157087206],[106.8090497837153,-6.311668455256388],[106.81008548936641,-6.310833852940293],[106.81363915075937,-6.310779130234475],[106.81473471039546,-6.2992125946528095],[106.81639959388998,-6.29292812656741],[106.81833601027515,-6.288342058359082],[106.82035509513787,-6.27730473159178],[106.81720962135425,-6.276432630864967],[106.81792082183333,-6.2735808132027255],[106.81515662124148,-6.272934542817733]]]}},{"type":"Feature","id":162,"properties":{"OBJECTID":162,"WADMKD":"Ragunan","WADMKC":"Pasar Minggu","WADMKK":"Kota Adm. Jakarta Selatan","KDEPUM":"31.74.04.1004","KDCPUM":"31.74.04","KDPKAB":"31.74","LUASWH":477.19,"SRS_ID":"32748"},"geometry":{"type":"Polygon","coordinates":[[[106.82709500055054,-6.308796497554395],[106.827666274013,-6.306259984145741],[106.82626822185317,-6.301749739550864],[106.82622015560706,-6.297520904164633],[106.82634770494086,-6.297079143890731],[106.82748412592075,-6.296293443849088],[106.82244778191648,-6.293895059693733],[106.82889480882282,-6.279417554316662],[106.8276320639386,-6.277737406558359],[106.8208262501085,-6.2758581959891195],[106.82000616767063,-6.278881869032127],[106.81837251622281,-6.288209754549161],[106.81643127603395,-6.292816172562133],[106.81474940158061,-6.299138619006959],[106.81367245520029,-6.310641857018529],[106.81611636355001,-6.310653999718936],[106.81647666008637,-6.316886861950667],[106.82091896782866,-6.317536623573707],[106.823427420678,-6.317356406434109],[106.82383039558803,-6.317776815034517],[106.82478035141393,-6.317824861336535],[106.82581789466158,-6.311349153559212],[106.82665317596545,-6.311290945008946],[106.82709500055054,-6.308796497554395]]]}},{"type":"Feature","id":163,"properties":{"OBJECTID":163,"WADMKD":"Pejaten Timur","WADMKC":"Pasar Minggu","WADMKK":"Kota Adm. Jakarta Selatan","KDEPUM":"31.74.04.1005","KDCPUM":"31.74.04","KDPKAB":"31.74","LUASWH":288.44,"SRS_ID":"32748"},"geometry":{"type":"Polygon","coordinates":[[[106.85197807365786,-6.262442875445755],[106.85190200821549,-6.262084926088908],[106.84333039871052,-6.262575397613668],[106.84349272834865,-6.264570298084572],[106.84637641827955,-6.2698385349428545],[106.8464698153252,-6.273725583446613],[106.84359393163157,-6.287656621858113],[106.84350760071779,-6.290606319151278],[106.84087286965008,-6.295206663832125],[106.84360563332683,-6.296047397131759],[106.84477395501544,-6.296901614144416],[106.85113625844848,-6.297925754323165],[106.85210450791949,-6.297910657632589],[106.85034816743811,-6.296592401954085],[106.85033828471225,-6.296120369426895],[106.8506994645767,-6.295808954429413],[106.85189042692328,-6.295616751571801],[106.85394526003239,-6.296197327788723],[106.8543281758033,-6.296063468822927],[106.85436432415115,-6.29433075288721],[106.85401878175934,-6.293761214728869],[106.85337184400959,-6.293822931732613],[106.852439980558,-6.294727841988805],[106.85223042424904,-6.294621699587436],[106.85258524916097,-6.293602405283219],[106.85437085000248,-6.291475434364729],[106.85454696968176,-6.2905307618856705],[106.85377971657145,-6.290260987441949],[106.85181678120685,-6.291119634158404],[106.85124930157968,-6.2929143926498625],[106.85016236858006,-6.292618321582273],[106.84938882342645,-6.290386656915987],[106.85086164655964,-6.289713889938022],[106.85124660954877,-6.288387141048489],[106.85037778904403,-6.287896233565929],[106.84945450042531,-6.2885643155541695],[106.84854018391036,-6.288145437276318],[106.84772643462377,-6.28721116464097],[106.8473543371161,-6.285758614288012],[106.84768322085505,-6.284891427413148],[106.8488215535876,-6.283676425400411],[106.84858716111192,-6.28334361985736],[106.84772696743455,-6.283364880185667],[106.84769546622407,-6.282753421004098],[106.85040455572657,-6.279644691423924],[106.84777465274134,-6.280017641042239],[106.84699246498616,-6.279516286700132],[106.84683637892606,-6.278875680766728],[106.84942944641287,-6.276514631166683],[106.85054524695906,-6.276748614415063],[106.85150248744922,-6.276410483369076],[106.85198342778757,-6.2753340544474705],[106.85132575465914,-6.273599761180632],[106.8518120557836,-6.273217268430789],[106.85342072527855,-6.273247041120673],[106.85365660260972,-6.271904472586666],[106.85452660880044,-6.271980249045506],[106.85555033555138,-6.272613734016686],[106.85678649555547,-6.272528145596893],[106.85645960476646,-6.271635738117705],[106.85491176043942,-6.270589285611903],[106.85484794987084,-6.269867503065602],[106.85514585713418,-6.269577722389354],[106.85597490916146,-6.270516662687702],[106.85657461884789,-6.270290666619477],[106.85545422025635,-6.266713169382882],[106.8500693386403,-6.266645139760025],[106.85197807365786,-6.262442875445755]]]}},{"type":"Feature","id":164,"properties":{"OBJECTID":164,"WADMKD":"Pejaten Barat","WADMKC":"Pasar Minggu","WADMKK":"Kota Adm. Jakarta Selatan","KDEPUM":"31.74.04.1006","KDCPUM":"31.74.04","KDPKAB":"31.74","LUASWH":307.94,"SRS_ID":"32748"},"geometry":{"type":"Polygon","coordinates":[[[106.82794309842201,-6.266454341611745],[106.82775171161562,-6.265633625565186],[106.82735084008903,-6.266463601168029],[106.82660901332517,-6.266224850573362],[106.8253683477699,-6.267682130594727],[106.8255746139894,-6.268556090191377],[106.82471613764524,-6.269528590427661],[106.82458653293736,-6.270324305436642],[106.82520287317409,-6.2713495056692805],[106.82394640658134,-6.271150607390524],[106.82377042941924,-6.270757936433194],[106.82294231405369,-6.271464751770226],[106.82174599636679,-6.271648121414403],[106.82098571955778,-6.274291528146671],[106.81793229595141,-6.27353861981718],[106.81721513228561,-6.276416153027276],[106.82030355471822,-6.277196934328099],[106.82078465543447,-6.275849672310851],[106.8245228714119,-6.276744649728965],[106.82574415358195,-6.277386369443269],[106.82765062342935,-6.27775355444141],[106.82813497340811,-6.278582713346367],[106.82945480571777,-6.2796449965613395],[106.83189691072613,-6.278580621694734],[106.83468282489102,-6.279798954731831],[106.83969336525954,-6.2791721838872],[106.84067076379547,-6.2762430160436775],[106.84153103510013,-6.276391979169356],[106.84243421514061,-6.27795491545078],[106.84544027472447,-6.278666224128821],[106.84646443867906,-6.273797366586233],[106.84649301496472,-6.270480989254413],[106.84598098643913,-6.2687926048273805],[106.84421790958073,-6.265986756350371],[106.83484639204292,-6.2659727384497765],[106.83493808999874,-6.268407200753697],[106.83219804686797,-6.2683055074392975],[106.83291745825129,-6.269041085941453],[106.83253098737335,-6.2692789739547194],[106.83266533460325,-6.269669044370385],[106.83219644391639,-6.2711341084254855],[106.83241396821684,-6.272001108020167],[106.8321367831188,-6.272966401068708],[106.83261152742524,-6.274317456584982],[106.83058060733431,-6.274889217066323],[106.82870587506926,-6.274933259083866],[106.82907256075666,-6.27416985279251],[106.82867511937634,-6.273225623275886],[106.82891793058765,-6.272865794762635],[106.82866977801322,-6.270902189432762],[106.82912730962238,-6.269516482807446],[106.82794309842201,-6.266454341611745]]]}},{"type":"Feature","id":165,"properties":{"OBJECTID":165,"WADMKD":"Kebagusan","WADMKC":"Pasar Minggu","WADMKK":"Kota Adm. Jakarta Selatan","KDEPUM":"31.74.04.1007","KDCPUM":"31.74.04","KDPKAB":"31.74","LUASWH":278.14,"SRS_ID":"32748"},"geometry":{"type":"Polygon","coordinates":[[[106.83646579055069,-6.3016803003309665],[106.83099529530307,-6.298137427646896],[106.82767592101764,-6.296365063389626],[106.82631741423441,-6.297103267375661],[106.82626822185317,-6.301749739550864],[106.82768334863601,-6.30671423694794],[106.82663321767252,-6.311341002961524],[106.82578522790557,-6.31150419498367],[106.8248049429681,-6.317815245113885],[106.82538643830591,-6.320067029551208],[106.82540346372653,-6.321530458030822],[106.82901878742135,-6.3219914285610965],[106.82937534390537,-6.321210839664252],[106.83193482786479,-6.3214324726409385],[106.8338743718574,-6.318354395019413],[106.83426957988945,-6.318108918292118],[106.83514277007005,-6.318387207569296],[106.83587969943466,-6.3163040397545185],[106.83732016816097,-6.305607021433694],[106.83715367268073,-6.303232168908815],[106.83646579055069,-6.3016803003309665]]]}},{"type":"Feature","id":166,"properties":{"OBJECTID":166,"WADMKD":"Kebayoran Lama Utara","WADMKC":"Kebayoran Lama","WADMKK":"Kota Adm. Jakarta Selatan","KDEPUM":"31.74.05.1001","KDCPUM":"31.74.05","KDPKAB":"31.74","LUASWH":231.13,"SRS_ID":"32748"},"geometry":{"type":"Polygon","coordinates":[[[106.78467171507285,-6.2412700794048614],[106.78495235569589,-6.23915632655434],[106.78543591859608,-6.238760977676242],[106.78492151523776,-6.237399875913883],[106.78550194043731,-6.236620925622958],[106.78534903814989,-6.235668795583771],[106.78051658685942,-6.236477194572205],[106.78078966394429,-6.240935591415444],[106.78003233365864,-6.2417126205890785],[106.7764672535551,-6.242108926419356],[106.77611472731888,-6.242993453793225],[106.77196836641698,-6.243294950703927],[106.77174134791045,-6.242692149569297],[106.77144493098662,-6.242695359786952],[106.76817341198847,-6.243211499353081],[106.76818871424265,-6.244720451016573],[106.76884560987388,-6.245659317612556],[106.76881752442719,-6.246107311202293],[106.76671892108804,-6.248196418965274],[106.76671521274794,-6.249118315060587],[106.76747196213901,-6.2502893684207335],[106.76727317964264,-6.250936447068373],[106.76619294032474,-6.252017556286544],[106.76652820274575,-6.252682294092435],[106.76788052802182,-6.253239256088975],[106.76760634092287,-6.2543997812124354],[106.76810430586731,-6.2552127620507445],[106.7685215104197,-6.25527800358263],[106.76942081681052,-6.25345016214533],[106.77022114587751,-6.25300382036149],[106.77754853108259,-6.253439841407687],[106.77829415834547,-6.251552437414263],[106.77807934735036,-6.248840857666636],[106.7791252806313,-6.247070673722836],[106.7845881305938,-6.24807089391258],[106.78470547629061,-6.248564627843098],[106.78616940398008,-6.24819422943333],[106.78639941584586,-6.24713848168492],[106.78730123329862,-6.247124260440349],[106.78847216577945,-6.246608491321852],[106.78773138507651,-6.245164966438215],[106.78770815081756,-6.24433568604075],[106.78690859199772,-6.244276158951419],[106.78668085042786,-6.243470405960458],[106.78485752082318,-6.242877670833885],[106.78435142900848,-6.242238374634992],[106.7841297075946,-6.241624514581765],[106.78467171507285,-6.2412700794048614]]]}},{"type":"Feature","id":167,"properties":{"OBJECTID":167,"WADMKD":"Pondok Pinang","WADMKC":"Kebayoran Lama","WADMKK":"Kota Adm. Jakarta Selatan","KDEPUM":"31.74.05.1002","KDCPUM":"31.74.05","KDPKAB":"31.74","LUASWH":679.19,"SRS_ID":"32748"},"geometry":{"type":"Polygon","coordinates":[[[106.77926807703334,-6.261101492388771],[106.77705494408576,-6.26094965122229],[106.77536936620685,-6.259959843217673],[106.77308796908119,-6.259690885804351],[106.7727266379248,-6.2591046170892],[106.7725316387127,-6.260259047433857],[106.77306469267518,-6.2625840759137485],[106.77231174141077,-6.263035863142812],[106.77173118208523,-6.262509326313602],[106.77060325166164,-6.263206945116167],[106.77146797144383,-6.26475774822661],[106.77135049643421,-6.265375332653683],[106.77030876042875,-6.26447869544121],[106.7694688244153,-6.26490022878431],[106.76920829534328,-6.265854887825526],[106.76967584256096,-6.267193596590199],[106.76929761341998,-6.2680261485678095],[106.76962712857878,-6.26939665940161],[106.77107375844139,-6.270160182907983],[106.77097613345305,-6.271530863375977],[106.77154581955143,-6.27229764342188],[106.77050446043714,-6.274349147806656],[106.76900666209279,-6.2737229936721715],[106.76831921982331,-6.274364435621137],[106.7693835195875,-6.2754810841000985],[106.76934778374172,-6.276164719593994],[106.76987599440768,-6.276645645431259],[106.77033314479279,-6.278040137992178],[106.76786334556087,-6.278940962624038],[106.7675893115874,-6.279311471671968],[106.76797200035679,-6.280275298976996],[106.7694302765712,-6.281143509448438],[106.76945116899265,-6.281555544553632],[106.76784090215166,-6.281828190112305],[106.76692161366002,-6.283084890354202],[106.76570323733617,-6.283971732334482],[106.76604739382648,-6.284561670391066],[106.76735051706308,-6.285099500025639],[106.76801711342681,-6.286035138962619],[106.76783925644914,-6.286457511443989],[106.7671681135604,-6.2862133310457615],[106.76655113363047,-6.286499660559228],[106.76712804514499,-6.288295775967016],[106.76605704191839,-6.289133963058206],[106.76644931226832,-6.2895345540275205],[106.76663422197363,-6.290649123737576],[106.7695722494195,-6.289208112590651],[106.77630435657423,-6.289273157087708],[106.77808015139615,-6.288422293360127],[106.78038222342579,-6.290295043982599],[106.7842746714156,-6.2916179020589835],[106.78561438261409,-6.2897276053878475],[106.7850821458193,-6.2880752210569],[106.78665414056454,-6.286260991434959],[106.78713803436658,-6.285235208338639],[106.78842862597224,-6.284240465683167],[106.79005087267268,-6.281647702884857],[106.79029640359657,-6.279840729446878],[106.7901799769449,-6.278717593554794],[106.78957562975808,-6.277418293355778],[106.78977520580654,-6.27537028730306],[106.79154510381852,-6.272989339391875],[106.79134794309678,-6.270452614746804],[106.79072265434291,-6.268886974992385],[106.79040922614418,-6.268643551973659],[106.78965868024673,-6.269159388784523],[106.78912213399762,-6.268510835853641],[106.78740353369355,-6.2679121068129335],[106.78636439219089,-6.2659484659652005],[106.7853732527883,-6.265396526357434],[106.7851985817624,-6.261599927041542],[106.78490540042533,-6.261283389229606],[106.77926807703334,-6.261101492388771]]]}},{"type":"Feature","id":168,"properties":{"OBJECTID":168,"WADMKD":"Cipulir","WADMKC":"Kebayoran Lama","WADMKK":"Kota Adm. Jakarta Selatan","KDEPUM":"31.74.05.1003","KDCPUM":"31.74.05","KDPKAB":"31.74","LUASWH":169.20000000000002,"SRS_ID":"32748"},"geometry":{"type":"Polygon","coordinates":[[[106.76785705913055,-6.233170343624322],[106.7668931597623,-6.2326976695550345],[106.76596988959169,-6.2337787444274495],[106.76633967858663,-6.233831069410573],[106.76704252584484,-6.234732430419609],[106.76711794863502,-6.23640093437268],[106.76675560440839,-6.236663598433197],[106.7651533817866,-6.236698482775428],[106.76447431203344,-6.2375769097402305],[106.76460966919194,-6.238822249256558],[106.7652828133577,-6.238946867573565],[106.76597434788742,-6.238185467415909],[106.7658987986816,-6.238964109133093],[106.76666722784884,-6.239786988425479],[106.76589052111744,-6.239805519232612],[106.76557615056261,-6.241536985134749],[106.76800671583923,-6.243172817026206],[106.77159507474796,-6.242674483775022],[106.77196507619739,-6.243210740190083],[106.77240671112172,-6.243297439653859],[106.77628335063676,-6.242976376840156],[106.7764672535551,-6.242108926419356],[106.78017815162832,-6.241702978886624],[106.78078966394429,-6.240935591415444],[106.78025887621114,-6.232900071709638],[106.7700758349248,-6.233206307959655],[106.76981751810202,-6.233652610437669],[106.76929175742663,-6.2331809415585555],[106.76785705913055,-6.233170343624322]]]}},{"type":"Feature","id":169,"properties":{"OBJECTID":169,"WADMKD":"Grogol Utara","WADMKC":"Kebayoran Lama","WADMKK":"Kota Adm. Jakarta Selatan","KDEPUM":"31.74.05.1004","KDCPUM":"31.74.05","KDPKAB":"31.74","LUASWH":330.68,"SRS_ID":"32748"},"geometry":{"type":"Polygon","coordinates":[[[106.78905682172986,-6.208468318273776],[106.78735247127752,-6.207016978309387],[106.78325974855593,-6.206703249045993],[106.78359702960785,-6.21197566256073],[106.78323658833229,-6.212862244098968],[106.7825452101453,-6.213290563558045],[106.77773492867716,-6.213637608143706],[106.77757489495822,-6.215310867949942],[106.77707554591133,-6.216500962876353],[106.77718774484586,-6.21692474627551],[106.77827600363793,-6.217453747942636],[106.77846179038903,-6.217835432359012],[106.77846691798825,-6.224921657437394],[106.78109952003715,-6.226000688307734],[106.78417514288148,-6.226418161199733],[106.78772426024544,-6.225315150583803],[106.78867143155115,-6.225805505260679],[106.79016264066904,-6.223223517131681],[106.7910921704438,-6.223489448070257],[106.79612450590331,-6.223136379553869],[106.79704100302672,-6.217882279989724],[106.79612963769631,-6.216487527558043],[106.79628907136738,-6.215670013168614],[106.79534101801538,-6.213567500438517],[106.79584800774388,-6.212496403724216],[106.7945916460198,-6.211851148785777],[106.79347606255683,-6.211735075959854],[106.79371451457597,-6.210992164047133],[106.79272373628108,-6.210244806377208],[106.79260656118593,-6.209383496055576],[106.79189006627362,-6.208875383643623],[106.79223853754705,-6.20775508757123],[106.7905418987532,-6.207478299245798],[106.78905682172986,-6.208468318273776]]]}},{"type":"Feature","id":170,"properties":{"OBJECTID":170,"WADMKD":"Grogol Selatan","WADMKC":"Kebayoran Lama","WADMKK":"Kota Adm. Jakarta Selatan","KDEPUM":"31.74.05.1005","KDCPUM":"31.74.05","KDPKAB":"31.74","LUASWH":288.42,"SRS_ID":"32748"},"geometry":{"type":"Polygon","coordinates":[[[106.79070631656901,-6.223486451162185],[106.79020488327707,-6.2231220313231725],[106.78879842775358,-6.225771438027975],[106.78772426024544,-6.225315150583803],[106.78424626380149,-6.226413491099226],[106.78132975704564,-6.226058360201471],[106.77847582426024,-6.224991770447435],[106.77824503197999,-6.226900408428562],[106.76749591278046,-6.2274800524522735],[106.76472741955762,-6.227131427617321],[106.76454641500601,-6.227590423961259],[106.76495876056691,-6.22874494479043],[106.76475730112443,-6.229118932391165],[106.76412685142006,-6.229181571243738],[106.76387793918717,-6.229789346301178],[106.76309177108733,-6.23002765723522],[106.7635462554276,-6.230515699593468],[106.76515911621706,-6.229483074721751],[106.76587043377572,-6.2303017093231805],[106.76587264959235,-6.230968187421486],[106.76415752491889,-6.233062469134828],[106.76465923568661,-6.234969197972539],[106.76556665485792,-6.23465337358579],[106.76686241603103,-6.232748397928285],[106.76767050080701,-6.23314060343464],[106.76929175742663,-6.2331809415585555],[106.76977528383492,-6.233653943069345],[106.7700205633309,-6.233278272556456],[106.78017738775037,-6.232841497345568],[106.78050373886447,-6.236258887594668],[106.7831677973405,-6.236211993714743],[106.78527633905105,-6.235649340436721],[106.78550909606403,-6.236125994363855],[106.78571468955323,-6.236040273728488],[106.78624012504166,-6.23538927563222],[106.78667554638334,-6.235366547416817],[106.78748263123818,-6.234133668728014],[106.78809946754912,-6.234153404571291],[106.7889280610326,-6.233813487078168],[106.78894456008543,-6.23340669529794],[106.79016302333932,-6.2330758396030355],[106.79199517857967,-6.230665851592179],[106.79363947701322,-6.230809758438475],[106.7946596036677,-6.230040129374436],[106.7954493687894,-6.2304618997296535],[106.79583376304771,-6.229896480045685],[106.79568931624212,-6.228283485952986],[106.79642573758643,-6.2263474943457195],[106.79611948904092,-6.223177736985229],[106.79070631656901,-6.223486451162185]]]}},{"type":"Feature","id":171,"properties":{"OBJECTID":171,"WADMKD":"Kebayoran Lama Selatan","WADMKC":"Kebayoran Lama","WADMKK":"Kota Adm. Jakarta Selatan","KDEPUM":"31.74.05.1006","KDCPUM":"31.74.05","KDPKAB":"31.74","LUASWH":207.02,"SRS_ID":"32748"},"geometry":{"type":"Polygon","coordinates":[[[106.78861839876694,-6.247128048391305],[106.78865152530966,-6.246675869392543],[106.78839800687186,-6.246642051119514],[106.78655184883067,-6.247108854426112],[106.78627606557747,-6.2481531188623665],[106.78450462342117,-6.24858570712628],[106.78439189858676,-6.248048978434623],[106.77980633322993,-6.247397444218872],[106.77917706617899,-6.247067623224156],[106.77808511867508,-6.248819225164272],[106.7783054844329,-6.251447754750994],[106.77765773082707,-6.253420560751983],[106.7697533295873,-6.253146024345327],[106.76931870392511,-6.25365293277426],[106.76924248758044,-6.254429796581045],[106.77012837298722,-6.254356426195498],[106.77048532540853,-6.254721470223036],[106.77168092433796,-6.254882629595132],[106.77205983092969,-6.25549740639638],[106.771444736137,-6.2562349235533015],[106.77010529299834,-6.256365137377067],[106.7694114809714,-6.257975775731007],[106.77066018779394,-6.258794187736849],[106.77126961065066,-6.258144452880869],[106.77199053716166,-6.258032580881388],[106.77325863658075,-6.259772939438107],[106.77549065931717,-6.259998837870932],[106.77705494408576,-6.26094965122229],[106.78412315695806,-6.26110588143784],[106.78505673457214,-6.261383688309469],[106.78552335221286,-6.26098240400123],[106.7849952550367,-6.260502984828789],[106.78546314185064,-6.259297816664442],[106.78484530129151,-6.258333337131199],[106.7855098733742,-6.256916945270358],[106.78631285065528,-6.256687034848737],[106.7859941023268,-6.2564494520723075],[106.78583295877317,-6.255313421136452],[106.78617989760582,-6.254071164585952],[106.78784968719114,-6.2533992858921525],[106.78885941411518,-6.2512429100073845],[106.78875565392674,-6.250302871624493],[106.78837167003678,-6.249822627722145],[106.78888685779458,-6.248697756725126],[106.78856119231672,-6.248413617655427],[106.78909684034222,-6.248201300140764],[106.78893125626139,-6.247776978013943],[106.78918881154685,-6.2474586515514705],[106.78861839876694,-6.247128048391305]]]}},{"type":"Feature","id":172,"properties":{"OBJECTID":172,"WADMKD":"Cilandak Barat","WADMKC":"Cilandak","WADMKK":"Kota Adm. Jakarta Selatan","KDEPUM":"31.74.06.1001","KDCPUM":"31.74.06","KDPKAB":"31.74","LUASWH":589.09,"SRS_ID":"32748"},"geometry":{"type":"Polygon","coordinates":[[[106.8119731186982,-6.279134368583054],[106.81209142788846,-6.278567660422799],[106.80816547816161,-6.278161125933566],[106.80749542239195,-6.2793311258601205],[106.80684738757016,-6.279399924875387],[106.79714737074227,-6.279294038675299],[106.79692089870933,-6.27967481114776],[106.79583957113209,-6.279909990119554],[106.79441369560853,-6.27944514107178],[106.7902015116578,-6.279670157871807],[106.78991030144405,-6.281938509858856],[106.78837867587069,-6.284288444624633],[106.78722622514096,-6.285131171881104],[106.78506318518103,-6.288143202318998],[106.78564963496633,-6.289650329416058],[106.78408662911157,-6.292078464024171],[106.7837332619064,-6.294060136091876],[106.78469673098367,-6.294787560357325],[106.78494722742042,-6.295907235181169],[106.78548480310079,-6.296669993777889],[106.78487265057757,-6.2977422824078735],[106.78613563457081,-6.3000298182260455],[106.78595345542747,-6.30043124237273],[106.78653767989931,-6.301056928589884],[106.78720474730432,-6.3011351495860115],[106.7876654131585,-6.3007355702012235],[106.7893721679185,-6.3005844183785324],[106.78970683982332,-6.301829389151092],[106.79111956765995,-6.30209471665182],[106.7929670281032,-6.30185279389619],[106.7936909584431,-6.302269531413357],[106.79461001734516,-6.3021630181709165],[106.79466500023389,-6.301706960999829],[106.79981732932423,-6.301772663084697],[106.80075980411019,-6.302447124578765],[106.80694629475164,-6.302075636235521],[106.80611472295064,-6.300449386447407],[106.80601468157396,-6.29854394006811],[106.80518701823995,-6.298427188307484],[106.80500284141645,-6.298059408766654],[106.80565121027219,-6.296653353559354],[106.80688882866205,-6.295661597190852],[106.80626497877154,-6.294522787120332],[106.80527011585704,-6.294105181657659],[106.80501492042748,-6.293249612680582],[106.8063001617884,-6.290708531572342],[106.80825871597632,-6.2899518645990025],[106.80866028142448,-6.288944866079814],[106.80845921115612,-6.287593895690338],[106.8090481059629,-6.286835267551352],[106.80913680842635,-6.285998717611671],[106.80975260235269,-6.285871419876644],[106.80934568329492,-6.282198848353705],[106.81053959030514,-6.28082726631054],[106.81076641467754,-6.279650742448574],[106.8119731186982,-6.279134368583054]]]}},{"type":"Feature","id":173,"properties":{"OBJECTID":173,"WADMKD":"Lebak Bulus","WADMKC":"Cilandak","WADMKK":"Kota Adm. Jakarta Selatan","KDEPUM":"31.74.06.1002","KDCPUM":"31.74.06","KDPKAB":"31.74","LUASWH":438.09000000000003,"SRS_ID":"32748"},"geometry":{"type":"Polygon","coordinates":[[[106.77887508667578,-6.289247086560083],[106.77808356656237,-6.288425829799311],[106.77639344044778,-6.289272079352944],[106.76983168813037,-6.289172038927687],[106.76667648243236,-6.2906124394011576],[106.7669683315483,-6.291359371966405],[106.76813958377187,-6.291798594681941],[106.76758530366233,-6.2922759529349355],[106.76829714266582,-6.293317212303656],[106.7671472190714,-6.294798946602688],[106.76734966377647,-6.295450180006597],[106.76844812223649,-6.295924932156485],[106.77006078587381,-6.295560611666878],[106.76981662638835,-6.297594947582109],[106.77023245685201,-6.297713155319542],[106.77067344259758,-6.2973169199558106],[106.77099456965755,-6.298592751579182],[106.77140791225447,-6.299046714863691],[106.77320526956986,-6.298150652236344],[106.77384195269086,-6.2987047108550405],[106.77393694227233,-6.299217549009926],[106.77361391903817,-6.299513345573858],[106.77248433541962,-6.299190189064022],[106.77158110563802,-6.299354741058525],[106.77155986984083,-6.2996016056506425],[106.7723982731937,-6.300062277224792],[106.77316778255879,-6.30135751667039],[106.7712715989321,-6.301683958911357],[106.7708810620378,-6.302136822370198],[106.77162595300985,-6.303222814447257],[106.77341547430923,-6.303007401317908],[106.77353338519494,-6.3034047290158775],[106.77295799497344,-6.304707530649065],[106.77365676441633,-6.304531707041464],[106.77438492075679,-6.303330061205873],[106.77483606079412,-6.303283668556535],[106.77551944794419,-6.303858497738082],[106.77555297383907,-6.304379501043531],[106.7748023021897,-6.3047819974045805],[106.77544668798323,-6.306191289590552],[106.77435019627679,-6.306302681963037],[106.7739275274064,-6.306812495912392],[106.77497879962564,-6.3083430145581385],[106.77328550173387,-6.309613737579921],[106.77525166640874,-6.310360632571522],[106.77534499928097,-6.31056067500361],[106.77445089180539,-6.311302361195658],[106.77462418217188,-6.312163019429931],[106.77554888158588,-6.3116275673936935],[106.77652917218519,-6.311796478302073],[106.77675359400205,-6.315203014871252],[106.77918250274413,-6.315755362568501],[106.7801200518572,-6.3165834102708684],[106.78252972286445,-6.3159142753498045],[106.781668285808,-6.313982409614587],[106.78129545585688,-6.311820209867465],[106.7826988469587,-6.31165596640538],[106.78552643057606,-6.311986476138904],[106.78614215998817,-6.311397786569632],[106.78740650443011,-6.311677321147939],[106.78852223902474,-6.311063128340981],[106.78821573710985,-6.306212797144218],[106.7887223783782,-6.306050034217233],[106.78922900758275,-6.304496522342149],[106.79021228986095,-6.304063239437352],[106.79033303459552,-6.302868604922032],[106.78962810386557,-6.302486268298028],[106.78943603013384,-6.3006155719255705],[106.7875615390392,-6.300752124751465],[106.78713467716722,-6.301123620753014],[106.78646921311415,-6.3010248681522425],[106.7860405059775,-6.300531719025397],[106.78612771644711,-6.299910592602998],[106.78519980173891,-6.298722743667679],[106.7848694645475,-6.297693960688703],[106.78549917485651,-6.296709112339268],[106.78488542859375,-6.295796576421467],[106.78474467438322,-6.294868220287547],[106.7837505398687,-6.2939232240691005],[106.78433236259775,-6.291665090035466],[106.78038222342579,-6.290295043982599],[106.77887508667578,-6.289247086560083]]]}},{"type":"Feature","id":174,"properties":{"OBJECTID":174,"WADMKD":"Pondok Labu","WADMKC":"Cilandak","WADMKK":"Kota Adm. Jakarta Selatan","KDEPUM":"31.74.06.1003","KDCPUM":"31.74.06","KDPKAB":"31.74","LUASWH":349.22,"SRS_ID":"32748"},"geometry":{"type":"Polygon","coordinates":[[[106.79709457474296,-6.301833640008986],[106.79470580744528,-6.301709175070925],[106.79461001734516,-6.3021630181709165],[106.79345450828805,-6.302279727415111],[106.7929670281032,-6.30185279389619],[106.78965877805425,-6.302134882226381],[106.78965608457625,-6.30257231790951],[106.7903174994311,-6.302786079673919],[106.79026547310187,-6.303987992020326],[106.78917355381265,-6.30451949370358],[106.7888046587986,-6.30592662120672],[106.78823752261556,-6.306107236093757],[106.78846916810734,-6.311183449252477],[106.78785118189839,-6.311174712908795],[106.78752802344083,-6.311629706234532],[106.78614215998817,-6.311397786569632],[106.7856048926806,-6.311993424315462],[106.78129912041341,-6.311644637582177],[106.7816646764205,-6.313969447719898],[106.78255915183006,-6.315863861714115],[106.78325027828878,-6.316552500050282],[106.78421166830985,-6.3164497215636795],[106.7847615784357,-6.315550586761047],[106.78535633443882,-6.315799368939937],[106.78761894438158,-6.3157144015573],[106.78953022971011,-6.316231082349077],[106.79018333427632,-6.314937221760053],[106.79077036215602,-6.314757749097103],[106.79271222291491,-6.315823887579635],[106.79312568416935,-6.315433482983683],[106.79592419514765,-6.315156763657421],[106.80080523940941,-6.315084891798135],[106.80124041924763,-6.315323534812061],[106.8091696900859,-6.314839703420786],[106.80888869504021,-6.314001567110192],[106.80792681316431,-6.313243301693165],[106.80839825918487,-6.31260425331159],[106.80786808955503,-6.311445106791428],[106.80852229461682,-6.310403522110926],[106.80776519437593,-6.3092662137812185],[106.80682969817828,-6.309085251906288],[106.80698374042038,-6.308689985257901],[106.80858331076453,-6.308141858350392],[106.80823850732298,-6.306835829138946],[106.80865748426586,-6.306640186384072],[106.80843446168986,-6.305758676893701],[106.80921032671962,-6.3054874177738],[106.80882330502102,-6.30398701565464],[106.80818646276309,-6.3031892350620895],[106.80723926397958,-6.302943018803157],[106.80695033680621,-6.302112967574481],[106.80054753354916,-6.302453448140997],[106.7998875441078,-6.301771395413274],[106.79709457474296,-6.301833640008986]]]}},{"type":"Feature","id":175,"properties":{"OBJECTID":175,"WADMKD":"Gandaria Selatan","WADMKC":"Cilandak","WADMKK":"Kota Adm. Jakarta Selatan","KDEPUM":"31.74.06.1004","KDCPUM":"31.74.06","KDPKAB":"31.74","LUASWH":159.86,"SRS_ID":"32748"},"geometry":{"type":"Polygon","coordinates":[[[106.78813155299514,-6.263524997864937],[106.78536268492337,-6.262989204554933],[106.78519418244265,-6.264348369365544],[106.78540477359603,-6.265454016966794],[106.78636439219089,-6.2659484659652005],[106.78724433664617,-6.267775476578907],[106.78901719820654,-6.268470434002135],[106.78965868024673,-6.269159388784523],[106.79046506940017,-6.268634051715902],[106.79124027058441,-6.270054279002721],[106.79153918938289,-6.273073129053735],[106.7898169232058,-6.2752140617856],[106.78965314530608,-6.276189055359192],[106.78959953542102,-6.27758192141266],[106.79022547734597,-6.278873660959469],[106.79017888020103,-6.279602699619185],[106.79463462004885,-6.279428061141221],[106.79472292284812,-6.27969593917104],[106.79579836806262,-6.2799090907995705],[106.79692089870933,-6.27967481114776],[106.7977070099881,-6.2763490597164475],[106.797209488582,-6.263974320838492],[106.79445439489143,-6.263593808668352],[106.79431496444062,-6.264201836126628],[106.79389720936986,-6.264246170365392],[106.78813155299514,-6.263524997864937]]]}},{"type":"Feature","id":176,"properties":{"OBJECTID":176,"WADMKD":"Cipete Selatan","WADMKC":"Cilandak","WADMKK":"Kota Adm. Jakarta Selatan","KDEPUM":"31.74.06.1005","KDCPUM":"31.74.06","KDPKAB":"31.74","LUASWH":238.79,"SRS_ID":"32748"},"geometry":{"type":"Polygon","coordinates":[[[106.7983114013619,-6.265775483090333],[106.79750144075857,-6.265706905921581],[106.79737965607293,-6.266000236988403],[106.7977070099881,-6.2763490597164475],[106.79706943683571,-6.279294095615271],[106.8065296520446,-6.279420974336764],[106.80752325168942,-6.279233820406497],[106.80820535310754,-6.278161671748083],[106.81221217495401,-6.278589443556313],[106.81273138513671,-6.2782788317906],[106.81300218344646,-6.276291496727821],[106.81402246367806,-6.275933612177548],[106.8141881381466,-6.2751102097825955],[106.81381154232339,-6.273810769112218],[106.81383776264218,-6.272143217706858],[106.81263153506328,-6.2716481213756685],[106.81150201715447,-6.270234370366743],[106.8122249668813,-6.269092063741175],[106.81211378916038,-6.268448592561742],[106.812708669221,-6.266957456586868],[106.81019140506352,-6.266607330935879],[106.8101490039513,-6.265952882990641],[106.80463576266719,-6.266295799446354],[106.80424375988497,-6.2666646116150435],[106.80180119637556,-6.266933240404738],[106.80036426010454,-6.266745973557229],[106.79999005990268,-6.2658132708879695],[106.7983114013619,-6.265775483090333]]]}},{"type":"Feature","id":177,"properties":{"OBJECTID":177,"WADMKD":"Melawai","WADMKC":"Kebayoran Baru","WADMKK":"Kota Adm. Jakarta Selatan","KDEPUM":"31.74.07.1001","KDCPUM":"31.74.07","KDPKAB":"31.74","LUASWH":128.07,"SRS_ID":"32748"},"geometry":{"type":"Polygon","coordinates":[[[106.80727834758868,-6.239876444367102],[106.80723331257735,-6.239210135594881],[106.80486558489251,-6.239863953954265],[106.79852519999649,-6.239866100127748],[106.79735501530949,-6.253101974922657],[106.80122276660506,-6.252409298103682],[106.80273226465262,-6.25169163310149],[106.80358641535172,-6.250703849404382],[106.80427944420128,-6.248924673260417],[106.8057800978025,-6.2478522055542465],[106.80794190742549,-6.245150821402006],[106.80821441306098,-6.244042192576002],[106.80727834758868,-6.239876444367102]]]}},{"type":"Feature","id":178,"properties":{"OBJECTID":178,"WADMKD":"Gunung","WADMKC":"Kebayoran Baru","WADMKK":"Kota Adm. Jakarta Selatan","KDEPUM":"31.74.07.1002","KDCPUM":"31.74.07","KDPKAB":"31.74","LUASWH":142.3,"SRS_ID":"32748"},"geometry":{"type":"Polygon","coordinates":[[[106.79949354628337,-6.229243745017762],[106.79852609478542,-6.2287954749180665],[106.79758965460432,-6.229295611451703],[106.79585850891286,-6.2292644156652734],[106.79540981968206,-6.230460527090061],[106.79460125782487,-6.230068698619496],[106.79374305466932,-6.230803343555111],[106.79192183635554,-6.230705083125876],[106.79011025791243,-6.233115559928135],[106.78911901907493,-6.233352464805493],[106.78815271360011,-6.2341365162871885],[106.78748263123818,-6.234133668728014],[106.78667554638334,-6.235366547416817],[106.78624012504166,-6.23538927563222],[106.78556803802648,-6.236182133953031],[106.78545016539805,-6.236786121624738],[106.78492753743049,-6.237276754198057],[106.78542805283988,-6.2386028846002315],[106.784969849275,-6.239413861788699],[106.78636915081333,-6.239612662559186],[106.78763995693527,-6.2407579327596165],[106.78906867207037,-6.240959626186176],[106.79022573142902,-6.241853294415516],[106.79158116607314,-6.242039591136395],[106.79292374380324,-6.241649096205075],[106.79360060873289,-6.240370662549021],[106.79416898735992,-6.239948803153742],[106.7982484486557,-6.239876726378973],[106.79847382843522,-6.231582560602095],[106.79949354628337,-6.229243745017762]]]}},{"type":"Feature","id":179,"properties":{"OBJECTID":179,"WADMKD":"Kebon Manggis","WADMKC":"Matraman","WADMKK":"Kota Adm. Jakarta Timur","KDEPUM":"31.75.01.1005","KDCPUM":"31.75.01","KDPKAB":"31.75","LUASWH":78.11,"SRS_ID":"32748"},"geometry":{"type":"Polygon","coordinates":[[[106.85615243503503,-6.201691906965391],[106.85393657512869,-6.199471927389258],[106.85107257393308,-6.201615365753676],[106.85145612789604,-6.202441089566392],[106.85268231787592,-6.201886020439089],[106.85519022564237,-6.202465513298402],[106.8557183001273,-6.203558014929682],[106.85563885570751,-6.204825438427563],[106.85502039219378,-6.205854093629106],[106.85383293318519,-6.206575650286996],[106.85262155817148,-6.205931283585534],[106.85122872922706,-6.20594026693054],[106.85007570757222,-6.205557297299198],[106.84938014485891,-6.206218485254209],[106.84907947632124,-6.207515633706868],[106.85093721394294,-6.2089219345928415],[106.85306676442754,-6.209792705708976],[106.85454889771732,-6.211164793115662],[106.85694358800004,-6.211845562203144],[106.85804611073326,-6.213064245814689],[106.85834545868195,-6.213040061999826],[106.86071803332304,-6.212055887139743],[106.86065488495035,-6.211721329235618],[106.85705752911275,-6.202839025892198],[106.85615243503503,-6.201691906965391]]]}},{"type":"Feature","id":180,"properties":{"OBJECTID":180,"WADMKD":"Utan Kayu Selatan","WADMKC":"Matraman","WADMKK":"Kota Adm. Jakarta Timur","KDEPUM":"31.75.01.1006","KDCPUM":"31.75.01","KDPKAB":"31.75","LUASWH":114.15,"SRS_ID":"32748"},"geometry":{"type":"Polygon","coordinates":[[[106.87174131127111,-6.199011940282188],[106.87183691281479,-6.198255632204291],[106.87096453141737,-6.197813040625449],[106.8703591020478,-6.198943413609871],[106.86919400440638,-6.198665045050895],[106.8688757644349,-6.197935408738058],[106.86758757623039,-6.198806221355129],[106.86726873619862,-6.198337005175998],[106.8642558188136,-6.198615353199575],[106.86406435956427,-6.200295697409209],[106.86302307243189,-6.20045800521867],[106.866261508694,-6.208771837271159],[106.86790644585462,-6.208375375451039],[106.87013041408281,-6.208657505960217],[106.87399610403223,-6.209794856298707],[106.87379445712848,-6.205534578557546],[106.87329192469046,-6.202455694750143],[106.87361124308173,-6.199639267920418],[106.87186435354957,-6.1993274295814205],[106.87174131127111,-6.199011940282188]]]}},{"type":"Feature","id":181,"properties":{"OBJECTID":181,"WADMKD":"Cipinang","WADMKC":"Pulogadung","WADMKK":"Kota Adm. Jakarta Timur","KDEPUM":"31.75.02.1003","KDCPUM":"31.75.02","KDPKAB":"31.75","LUASWH":149.77,"SRS_ID":"32748"},"geometry":{"type":"Polygon","coordinates":[[[106.88843115422806,-6.2019413070071785],[106.88614879943597,-6.20196329683405],[106.88585819932453,-6.206992030233765],[106.88493619770043,-6.208094019987969],[106.88471073295761,-6.211675249181518],[106.88843352105513,-6.211736153107051],[106.8892183748598,-6.212050342394084],[106.88814278785536,-6.2138534603497435],[106.89119082656443,-6.213192173717344],[106.8957205307914,-6.213197838322501],[106.8958002995801,-6.212512646902661],[106.8976185770989,-6.210552100769544],[106.89749290793749,-6.210189824278113],[106.89678759669016,-6.210134682119739],[106.89672121745056,-6.207845760721981],[106.89711808243453,-6.207273913342539],[106.89664735488599,-6.205399978854698],[106.89770235370742,-6.2026752638031235],[106.88843115422806,-6.2019413070071785]]]}},{"type":"Feature","id":182,"properties":{"OBJECTID":182,"WADMKD":"Jatinegara Kaum","WADMKC":"Pulogadung","WADMKK":"Kota Adm. Jakarta Timur","KDEPUM":"31.75.02.1004","KDCPUM":"31.75.02","KDPKAB":"31.75","LUASWH":130.82,"SRS_ID":"32748"},"geometry":{"type":"Polygon","coordinates":[[[106.90461148503485,-6.202085920671774],[106.9058701819376,-6.1919676583117065],[106.90646805590187,-6.189236673253892],[106.90574068143088,-6.186315839058344],[106.9051466423047,-6.186352004776226],[106.90492306143199,-6.1869771042798085],[106.90510087162241,-6.187916872571285],[106.90461467144858,-6.189143807610049],[106.90430686357264,-6.191496886644638],[106.90184534494948,-6.1924292071213625],[106.90167293569418,-6.193831695717854],[106.90231087005009,-6.194577582074819],[106.90257689255336,-6.195534020235623],[106.90216161721473,-6.196164225874345],[106.90146577491967,-6.196363771739056],[106.90122956055077,-6.198105558575661],[106.90164353430883,-6.198892273684549],[106.90073576363949,-6.200411377293098],[106.90088595135292,-6.201580360921903],[106.90024283658643,-6.2020175955662475],[106.89827743404035,-6.202136070618641],[106.89705223380292,-6.203828540114194],[106.89665146344225,-6.205318300589147],[106.89711808243453,-6.207273913342539],[106.89672121745056,-6.207845760721981],[106.89675296043134,-6.209931393384481],[106.89763556720938,-6.210306826039354],[106.8976185770989,-6.210552100769544],[106.8958002995801,-6.212512646902661],[106.89575653012984,-6.213198331313763],[106.9008142518093,-6.213304141312608],[106.90236558375157,-6.206992595338281],[106.90461148503485,-6.202085920671774]]]}},{"type":"Feature","id":183,"properties":{"OBJECTID":183,"WADMKD":"Rawamangun","WADMKC":"Pulogadung","WADMKK":"Kota Adm. Jakarta Timur","KDEPUM":"31.75.02.1005","KDCPUM":"31.75.02","KDPKAB":"31.75","LUASWH":262.4,"SRS_ID":"32748"},"geometry":{"type":"Polygon","coordinates":[[[106.87799939075258,-6.189336977403855],[106.8754471909954,-6.188234266113806],[106.87519308024451,-6.19179833411878],[106.87335021171172,-6.200947662146933],[106.87339365668893,-6.203378004571386],[106.87538386660499,-6.203477127221734],[106.87564863178542,-6.202780344096924],[106.87760206585642,-6.202642083113367],[106.8786378266651,-6.202150631346205],[106.88089740674685,-6.201853790074237],[106.8834907548832,-6.202241147584166],[106.88723905036046,-6.201894278567359],[106.89029751570587,-6.202016648986339],[106.8905429162253,-6.200862183121109],[106.89014636413256,-6.198765600068445],[106.89117435980597,-6.196864708004579],[106.89114667805649,-6.188835037866866],[106.88242709862067,-6.190104368172778],[106.88155003793577,-6.189899792165849],[106.88111904082713,-6.188805362442556],[106.88080573055149,-6.188747822397974],[106.87799939075258,-6.189336977403855]]]}},{"type":"Feature","id":184,"properties":{"OBJECTID":184,"WADMKD":"Pulo Gadung","WADMKC":"Pulogadung","WADMKK":"Kota Adm. Jakarta Timur","KDEPUM":"31.75.02.1001","KDCPUM":"31.75.02","KDPKAB":"31.75","LUASWH":176.94,"SRS_ID":"32748"},"geometry":{"type":"MultiPolygon","coordinates":[[[[106.89678705139282,-6.178062535322428],[106.89436427842942,-6.176099133069739],[106.8929275340898,-6.178187374441261],[106.89158660518483,-6.182121968331359],[106.89114441091012,-6.188792237566564],[106.90601199013783,-6.186295331580519],[106.91015180800339,-6.1823729163721906],[106.90705389362664,-6.1807127454175905],[106.90172649917255,-6.178663383237007],[106.89678705139282,-6.178062535322428]]],[[[106.90680414627093,-6.180609538572622],[106.9065909480536,-6.180529079586722],[106.90684582457968,-6.180625394933754],[106.90680414627093,-6.180609538572622]]]]}},{"type":"Feature","id":185,"properties":{"OBJECTID":185,"WADMKD":"Pisangan Timur","WADMKC":"Pulogadung","WADMKK":"Kota Adm. Jakarta Timur","KDEPUM":"31.75.02.1002","KDCPUM":"31.75.02","KDPKAB":"31.75","LUASWH":180.24,"SRS_ID":"32748"},"geometry":{"type":"Polygon","coordinates":[[[106.88110468417992,-6.201947188358398],[106.87955806793028,-6.201972091846138],[106.87767750583446,-6.202584581336962],[106.87564863178542,-6.202780344096924],[106.87554302440685,-6.20338856824809],[106.87341302175082,-6.203482473882114],[106.87385142924998,-6.206224019724557],[106.8742270239824,-6.214905479426232],[106.88732078659228,-6.214111056704377],[106.88807189356079,-6.213962650872191],[106.88922611040692,-6.2122031110682885],[106.88839555757937,-6.21173060159353],[106.88474328163589,-6.211801821839072],[106.88489744541921,-6.208246398658722],[106.8858223761619,-6.207089506081892],[106.88597418559048,-6.201969703220084],[106.88355599755343,-6.20224242010086],[106.88110468417992,-6.201947188358398]]]}},{"type":"Feature","id":186,"properties":{"OBJECTID":186,"WADMKD":"Cipete Utara","WADMKC":"Kebayoran Baru","WADMKK":"Kota Adm. Jakarta Selatan","KDEPUM":"31.74.07.1010","KDCPUM":"31.74.07","KDPKAB":"31.74","LUASWH":170.85,"SRS_ID":"32748"},"geometry":{"type":"Polygon","coordinates":[[[106.80794229243936,-6.256196938839322],[106.8079617328368,-6.255659598594998],[106.80691621216317,-6.256054627947892],[106.80062697876664,-6.256291896216725],[106.80064101593977,-6.257487874337609],[106.79701688837085,-6.257813375632655],[106.7965971682686,-6.261693439286777],[106.79737713439565,-6.265609330866135],[106.80005178144789,-6.265819911862602],[106.80024262762755,-6.266739545568736],[106.80169673975371,-6.266919484115585],[106.80441730944558,-6.266633718019023],[106.80445403806776,-6.266313718164003],[106.80996389912971,-6.265953292200192],[106.81019140506352,-6.266607330935879],[106.81289237455125,-6.267019621176247],[106.81316633326931,-6.26564422477657],[106.81263033699639,-6.265091482584625],[106.81228328713698,-6.263793236247605],[106.8117074361261,-6.263411714133687],[106.8115463435681,-6.262585113952869],[106.81204943483024,-6.262211388675659],[106.81142941578976,-6.261687514164201],[106.81168986169163,-6.261286813430487],[106.81136449522644,-6.260513447439801],[106.81092178506623,-6.260622340889533],[106.81028863113231,-6.259629408407222],[106.81058110258246,-6.259210676065677],[106.80949841166037,-6.258695002649972],[106.80903629344725,-6.257443896687434],[106.80902574843782,-6.25632432899178],[106.80820642931396,-6.255958149576602],[106.80794229243936,-6.256196938839322]]]}},{"type":"Feature","id":187,"properties":{"OBJECTID":187,"WADMKD":"Pancoran","WADMKC":"Pancoran","WADMKK":"Kota Adm. Jakarta Selatan","KDEPUM":"31.74.08.1001","KDCPUM":"31.74.08","KDPKAB":"31.74","LUASWH":139.93,"SRS_ID":"32748"},"geometry":{"type":"Polygon","coordinates":[[[106.84594855842644,-6.243461970572591],[106.84300406711101,-6.243223332991069],[106.84096353274742,-6.242393267377172],[106.83463766885465,-6.24088999635869],[106.83475154313199,-6.241252734267034],[106.83521432243316,-6.241381927269466],[106.83551258440373,-6.246274016884902],[106.83520377175225,-6.248735080572152],[106.8357313755895,-6.250471227754987],[106.83569396804174,-6.251672284316043],[106.83731245414772,-6.251921306799198],[106.83762863691894,-6.253346650429407],[106.84010864159427,-6.253541880027739],[106.84246701998808,-6.2535339667301475],[106.84260888702659,-6.252043802339497],[106.84589305861692,-6.251969444443025],[106.84591547523472,-6.250790580446722],[106.84661438375237,-6.250649414705255],[106.84694331656866,-6.243460117094205],[106.84594855842644,-6.243461970572591]]]}},{"type":"Feature","id":188,"properties":{"OBJECTID":188,"WADMKD":"Kalibata","WADMKC":"Pancoran","WADMKK":"Kota Adm. Jakarta Selatan","KDEPUM":"31.74.08.1002","KDCPUM":"31.74.08","KDPKAB":"31.74","LUASWH":235.34,"SRS_ID":"32748"},"geometry":{"type":"Polygon","coordinates":[[[106.84503193541798,-6.255609907957437],[106.8431107739331,-6.255589679376216],[106.84339323274942,-6.2586306671185605],[106.83521312262906,-6.258851306307557],[106.83493593299035,-6.2591156076048575],[106.83488962031238,-6.260781718863398],[106.8269802998852,-6.261180549045946],[106.82684976240317,-6.261653074961096],[106.82590210144211,-6.261804750321351],[106.82628584556589,-6.264830314038416],[106.8265821950843,-6.265523026666708],[106.8276918553583,-6.265608460412873],[106.82909627044648,-6.2693495583633965],[106.8286286338128,-6.271815059413153],[106.82889074738337,-6.272364502041361],[106.82864845066099,-6.273188856971973],[106.8290989489716,-6.274301301087481],[106.82870807214348,-6.274796056258607],[106.83058060733431,-6.274889217066323],[106.83256009517723,-6.274484161723339],[106.83214666658152,-6.27305846871702],[106.83241950077897,-6.271874821561356],[106.832224684338,-6.270921520146288],[106.83266533460325,-6.269669044370385],[106.83252685557778,-6.269283466745857],[106.83291745825129,-6.269041085941453],[106.83208829340711,-6.2683542179182705],[106.83491704339565,-6.268458575060486],[106.83483863484003,-6.266136705592648],[106.84408434209759,-6.266009040771433],[106.84335448880151,-6.264165470170903],[106.8432364885666,-6.262588309850083],[106.85209409842562,-6.2621460754325815],[106.8521969635942,-6.261446831067506],[106.85152600984456,-6.261268489781732],[106.85141645457695,-6.2588953407400325],[106.849387865351,-6.258883295136678],[106.8492917923569,-6.25865657718722],[106.84928215227418,-6.256834847331662],[106.84964450567564,-6.255724725443569],[106.84503193541798,-6.255609907957437]]]}},{"type":"Feature","id":189,"properties":{"OBJECTID":189,"WADMKD":"Rawajati","WADMKC":"Pancoran","WADMKK":"Kota Adm. Jakarta Selatan","KDEPUM":"31.74.08.1003","KDCPUM":"31.74.08","KDPKAB":"31.74","LUASWH":147.76,"SRS_ID":"32748"},"geometry":{"type":"Polygon","coordinates":[[[106.85935197656374,-6.25126067997261],[106.85981431714714,-6.251059277556587],[106.85015536084997,-6.251745592220561],[106.84974242383123,-6.2521188381494355],[106.84929271093303,-6.2587420152957955],[106.85134183656167,-6.258843792827496],[106.85152600984456,-6.261268489781732],[106.85236577432264,-6.261522416955474],[106.85019113942452,-6.266824464186933],[106.85545316010733,-6.266690852210147],[106.85525626056842,-6.266071571068218],[106.85405589640901,-6.265361945732596],[106.85396961857862,-6.264976188902788],[106.85448980329026,-6.2645873841043676],[106.8569345799728,-6.2642425860261595],[106.85715891994532,-6.263889084108275],[106.85454562155589,-6.262759255047392],[106.85427425716546,-6.262406696587079],[106.85469685978386,-6.261931900064521],[106.85540317477682,-6.261797866439117],[106.85693143911308,-6.26286712034892],[106.85884369258454,-6.262981939971791],[106.85922207030993,-6.26276288234076],[106.86053379098851,-6.257516923224265],[106.86039471473102,-6.2570838122423655],[106.85947320926239,-6.257025805797735],[106.85931749082864,-6.256680943560874],[106.86046507528928,-6.255852388052399],[106.86073868209436,-6.255136415154588],[106.86050315655362,-6.254708728789327],[106.85955626695197,-6.25434565241551],[106.857882509576,-6.255299388067275],[106.85757966444186,-6.255010027786996],[106.8575315388615,-6.2540605110207865],[106.85804017103537,-6.252420082404602],[106.85935197656374,-6.25126067997261]]]}},{"type":"Feature","id":190,"properties":{"OBJECTID":190,"WADMKD":"Duren Tiga","WADMKC":"Pancoran","WADMKK":"Kota Adm. Jakarta Selatan","KDEPUM":"31.74.08.1004","KDCPUM":"31.74.08","KDPKAB":"31.74","LUASWH":200.09,"SRS_ID":"32748"},"geometry":{"type":"Polygon","coordinates":[[[106.84792241964809,-6.250654672797501],[106.84591097441537,-6.25060679904696],[106.84589305861692,-6.251969444443025],[106.84267125142489,-6.251931553273181],[106.84234194956241,-6.253535832936407],[106.83776622194735,-6.2533916054288925],[106.83732200028814,-6.251948236578717],[106.83630380556433,-6.251767406328442],[106.82704871213694,-6.252380834550633],[106.82691896816677,-6.252859932356169],[106.82315968703668,-6.253039052765907],[106.82322541742138,-6.253884555124393],[106.82377993217871,-6.253847773013646],[106.82426616967834,-6.254522459766063],[106.82528556040897,-6.254762295263139],[106.82471932257354,-6.255908494584869],[106.82479971331611,-6.258059853095253],[106.82626727357837,-6.258719707831088],[106.82616918428653,-6.259643405565567],[106.82510154817265,-6.259732875593035],[106.82458244059418,-6.260442963721852],[106.82575233120671,-6.26110313214184],[106.82609607065217,-6.26181076174536],[106.82690266368996,-6.261641452131782],[106.826866799367,-6.261197690297502],[106.83489053659716,-6.260802440082508],[106.83493009612864,-6.25891375091173],[106.83534884458696,-6.258827773799367],[106.84332077584533,-6.258630711741782],[106.84300974734855,-6.255694060576049],[106.8495418053364,-6.255690294076983],[106.84961878062379,-6.2524517294466],[106.85003726411033,-6.251746941910665],[106.84811061756815,-6.251833267930083],[106.84792241964809,-6.250654672797501]]]}},{"type":"Feature","id":191,"properties":{"OBJECTID":191,"WADMKD":"Pengadegan","WADMKC":"Pancoran","WADMKK":"Kota Adm. Jakarta Selatan","KDEPUM":"31.74.08.1005","KDCPUM":"31.74.08","KDPKAB":"31.74","LUASWH":97.34,"SRS_ID":"32748"},"geometry":{"type":"Polygon","coordinates":[[[106.85898699164898,-6.246339415920307],[106.84689714844242,-6.247290276584552],[106.8466452764332,-6.250651286302296],[106.84790534758801,-6.250583529203412],[106.84800145478329,-6.25182966531032],[106.86013912873287,-6.250995719851845],[106.86061999621086,-6.251415312601126],[106.86105125817014,-6.253857622663542],[106.86143150957365,-6.254103434427404],[106.86232568621799,-6.253852221064892],[106.86289573984327,-6.253144488435427],[106.86216785131954,-6.250673312736762],[106.86240266144507,-6.250270757149543],[106.86387286984687,-6.249656296695049],[106.86395263272014,-6.249249739897599],[106.86209010240587,-6.24652845875571],[106.85898699164898,-6.246339415920307]]]}},{"type":"Feature","id":192,"properties":{"OBJECTID":192,"WADMKD":"Cikoko","WADMKC":"Pancoran","WADMKK":"Kota Adm. Jakarta Selatan","KDEPUM":"31.74.08.1006","KDCPUM":"31.74.08","KDPKAB":"31.74","LUASWH":66.57000000000001,"SRS_ID":"32748"},"geometry":{"type":"Polygon","coordinates":[[[106.86251141057642,-6.2431510537244925],[106.84696516135892,-6.2434637031929565],[106.84673098656904,-6.247071560952683],[106.8470219808723,-6.24728418541611],[106.85864301413172,-6.246353885396362],[106.86203371815205,-6.246412690608376],[106.86251141057642,-6.2431510537244925]]]}},{"type":"Feature","id":193,"properties":{"OBJECTID":193,"WADMKD":"Jagakarsa","WADMKC":"Jagakarsa","WADMKK":"Kota Adm. Jakarta Selatan","KDEPUM":"31.74.09.1001","KDCPUM":"31.74.09","KDPKAB":"31.74","LUASWH":508.46000000000004,"SRS_ID":"32748"},"geometry":{"type":"Polygon","coordinates":[[[106.81618704264783,-6.310742026953908],[106.81042067079372,-6.3107832925738006],[106.8096092513965,-6.31099295079168],[106.80915406366198,-6.311690143155702],[106.80814213299779,-6.311100424369612],[106.8078646042357,-6.311514205417472],[106.80835757595653,-6.312677282295463],[106.80794313755305,-6.313288981996141],[106.80895057105116,-6.314081782379211],[106.80924995383275,-6.314935115414809],[106.80910406855834,-6.3160170643212865],[106.80856303435124,-6.316224586036658],[106.80872477002106,-6.316803290421434],[106.80831196865026,-6.316859826879177],[106.80770010479968,-6.317681237061546],[106.80815064973115,-6.318767309835862],[106.80730132631615,-6.31945423622265],[106.8075480893657,-6.320032461962309],[106.80736420374168,-6.320885710414735],[106.808018492279,-6.321380187945074],[106.80820497412155,-6.3226409284109755],[106.80787096999863,-6.323456581697573],[106.8083776028662,-6.325777158423265],[106.80877004944337,-6.326390161607852],[106.80992569158029,-6.326754103644294],[106.80975113211798,-6.327616312770106],[106.8109778431367,-6.32705821418834],[106.81368555300479,-6.327141902830713],[106.81374618636221,-6.32735992842929],[106.81328954157392,-6.329086600189535],[106.81402743042698,-6.330850744261528],[106.81330568943518,-6.333333334294234],[106.81301882689294,-6.336535086000674],[106.81451056241714,-6.336907417093407],[106.81472046605033,-6.335619687138601],[106.81495909189022,-6.335586576906382],[106.81824262001464,-6.337178228795548],[106.81884655254935,-6.33660971278616],[106.82201999535899,-6.337884991232685],[106.82245517355979,-6.337017856447741],[106.82397565543341,-6.337534607585415],[106.8255091538549,-6.336178059549317],[106.82631222334034,-6.335910576917167],[106.82852637408394,-6.335561606192671],[106.82973008276052,-6.336274055075737],[106.83087957466181,-6.336118814144423],[106.83487476795266,-6.331724906678145],[106.83462227244893,-6.331113543553926],[106.83036093004546,-6.331213985429635],[106.82878056942765,-6.330807424449388],[106.83011856099215,-6.324261245607534],[106.83061239474169,-6.322884898406528],[106.83137490717942,-6.3226449670566796],[106.83196927660991,-6.3214497881184375],[106.82948824055322,-6.321211752562364],[106.82916595995974,-6.321978677349908],[106.82542210057879,-6.321534109639494],[106.82538638956574,-6.320079159167327],[106.82480671587001,-6.317823980417002],[106.82372148863114,-6.317759513067481],[106.82344025957761,-6.317358309019111],[106.82079676571671,-6.317525730150604],[106.8163692757806,-6.316851663903256],[106.81655580680723,-6.316117414062354],[106.81634795755991,-6.316031333422742],[106.81618704264783,-6.310742026953908]]]}},{"type":"Feature","id":194,"properties":{"OBJECTID":194,"WADMKD":"Srengseng Sawah","WADMKC":"Jagakarsa","WADMKK":"Kota Adm. Jakarta Selatan","KDEPUM":"31.74.09.1002","KDCPUM":"31.74.09","KDPKAB":"31.74","LUASWH":555.19,"SRS_ID":"32748"},"geometry":{"type":"Polygon","coordinates":[[[106.83507957193727,-6.335786021450815],[106.83546732142075,-6.333480853786053],[106.83495757921544,-6.331029316298737],[106.83467040726792,-6.331092381432541],[106.83480371888048,-6.3319290398657415],[106.83087957466181,-6.336118814144423],[106.82973008276052,-6.336274055075737],[106.82852637408394,-6.335561606192671],[106.82565900964809,-6.336088045567305],[106.82104213455091,-6.339645781709156],[106.81920383261863,-6.341815161397624],[106.81728426305432,-6.343251893451273],[106.81383496905234,-6.347365855405456],[106.81083626724882,-6.354240204208739],[106.80775317544001,-6.359020518185353],[106.80706943229607,-6.362479191159671],[106.80719527792091,-6.3637277769126195],[106.81035844170158,-6.363972349410716],[106.81132362957976,-6.362189687404461],[106.81180292428698,-6.3624900349171565],[106.812610556133,-6.360737499638797],[106.81356126225222,-6.360160343849044],[106.81360562536153,-6.359173362644119],[106.81503824736635,-6.359428497383382],[106.81540064183335,-6.357079781728578],[106.81598139442147,-6.356112030419763],[106.8182995061015,-6.356585334047415],[106.81942335831715,-6.355735107370917],[106.81980792173096,-6.356098548779113],[106.8202328270861,-6.355874734662634],[106.82097640707227,-6.356176381391858],[106.82147943200829,-6.355641150625159],[106.82392453237318,-6.356103490687076],[106.82407000035953,-6.355646000194489],[106.82811194433386,-6.3560263891731745],[106.82920611093472,-6.35566111074491],[106.83623388855625,-6.35507555597938],[106.83551158617455,-6.351897709391767],[106.83884476509694,-6.3520503424370345],[106.83929767162692,-6.35165400886792],[106.83907238687723,-6.350497549275067],[106.8380518347639,-6.349278126703975],[106.83809486168612,-6.347926342252905],[106.83767304131368,-6.346973922754897],[106.8392156305964,-6.346223851211895],[106.83979130318696,-6.34420632094999],[106.83959805609814,-6.343653795327776],[106.83867914060285,-6.343277284293266],[106.83782783566855,-6.343423841360543],[106.83648770389239,-6.3447951783262955],[106.83580272013864,-6.3446450981367635],[106.8354957213408,-6.344042137138083],[106.83476122825348,-6.3445058448450595],[106.8333528299222,-6.344011186383384],[106.83507957193727,-6.335786021450815]]]}},{"type":"Feature","id":195,"properties":{"OBJECTID":195,"WADMKD":"Ciganjur","WADMKC":"Jagakarsa","WADMKK":"Kota Adm. Jakarta Selatan","KDEPUM":"31.74.09.1003","KDCPUM":"31.74.09","KDPKAB":"31.74","LUASWH":364.53000000000003,"SRS_ID":"32748"},"geometry":{"type":"Polygon","coordinates":[[[106.8075640175793,-6.321000513852601],[106.8065301646626,-6.32125308815737],[106.80653840399893,-6.321649456366403],[106.80698096532618,-6.321692283730137],[106.80725175279782,-6.322114644826894],[106.80719649204585,-6.322516752728418],[106.80596400524492,-6.322834953723245],[106.80638304301905,-6.323642921941011],[106.80501419998572,-6.3236506686981695],[106.80456143066921,-6.324953061825239],[106.80408607417881,-6.3253270693763985],[106.80423769388747,-6.326763530821897],[106.80338505800543,-6.327787214044349],[106.80354816824111,-6.329801114559591],[106.80310108926398,-6.330466441888922],[106.80128581957952,-6.331734419373155],[106.801778337675,-6.332222554007095],[106.80182131265401,-6.3333541462065845],[106.80113499271354,-6.333640877587828],[106.79914099873017,-6.333093791005732],[106.79904318442091,-6.333330371368808],[106.79871060199504,-6.338263138610939],[106.79983823735712,-6.339602958382877],[106.80015664442104,-6.341032060995195],[106.7995936054521,-6.341350003413484],[106.79976126844504,-6.342123156204531],[106.79896179342236,-6.343622346932059],[106.80384712524875,-6.3443864775988725],[106.80421512997117,-6.3447194949548384],[106.80590113820243,-6.345063928128432],[106.8087226420849,-6.344998131698743],[106.81135123155451,-6.345986620637667],[106.81231281263946,-6.344109585386201],[106.81326196385776,-6.344140352612065],[106.81563778100758,-6.345166586425496],[106.81743512340731,-6.343109619754246],[106.81908588703048,-6.341933276985605],[106.82090496815331,-6.339766587980291],[106.82372827289058,-6.337693853008071],[106.82364034381837,-6.337403548206803],[106.82262351359746,-6.3369743276225945],[106.82191893077574,-6.337844736350694],[106.81874617900026,-6.3365666906629325],[106.818177446383,-6.33715180586235],[106.81480633307444,-6.335553906398555],[106.81457184440623,-6.336870447979416],[106.81303428565928,-6.3366918585636105],[106.81332230919972,-6.333262283045581],[106.81402599598525,-6.330892093606853],[106.8132903860227,-6.32912350028042],[106.8137764941488,-6.32800095558604],[106.81373828563459,-6.327148349935387],[106.81077722314252,-6.327058213734453],[106.80981788915628,-6.3276161895749725],[106.80994005758333,-6.32682157125469],[106.80868145863049,-6.326321032763392],[106.80831827957743,-6.32560668944361],[106.80788384921414,-6.3235813407030825],[106.8082058940256,-6.322751179857457],[106.80806826355668,-6.321466139702241],[106.8075640175793,-6.321000513852601]]]}},{"type":"Feature","id":196,"properties":{"OBJECTID":196,"WADMKD":"Lenteng Agung","WADMKC":"Jagakarsa","WADMKK":"Kota Adm. Jakarta Selatan","KDEPUM":"31.74.09.1004","KDCPUM":"31.74.09","KDPKAB":"31.74","LUASWH":315.53000000000003,"SRS_ID":"32748"},"geometry":{"type":"Polygon","coordinates":[[[106.83899937864038,-6.312156309316614],[106.83827854343404,-6.311914382418249],[106.83978368964506,-6.303020902240073],[106.83661260069783,-6.301765944859795],[106.83715367268073,-6.303232168908815],[106.8373208248566,-6.305596682705917],[106.83585355039077,-6.3163772491490855],[106.83521585371496,-6.318382550954502],[106.8342021384307,-6.318098081877005],[106.83381032285979,-6.318416976650533],[106.83133642787385,-6.322712888046976],[106.83073569004542,-6.322754462950213],[106.83055296874267,-6.323082267784099],[106.82928754636582,-6.327743502997035],[106.82913066056885,-6.329915067362786],[106.82864079641588,-6.3307589949601235],[106.83046753541245,-6.331216939587725],[106.83494629625451,-6.330995702244997],[106.83535735500413,-6.3324014997395155],[106.83542341156225,-6.334271147976163],[106.83332998730405,-6.344002442558972],[106.83470204618344,-6.3444955914486805],[106.83544345365127,-6.344299209941143],[106.8368190257664,-6.342138581735179],[106.83804136916501,-6.34126705030789],[106.83963284880677,-6.342508372706699],[106.84077214861992,-6.342458687566671],[106.84072182122631,-6.341114001237018],[106.8403411087231,-6.340795387284592],[106.83941469510557,-6.340831569049125],[106.83926053841259,-6.340344690942292],[106.84034210956875,-6.338549642579435],[106.840441523187,-6.336240750837845],[106.83973990810712,-6.335107017341814],[106.84001531805085,-6.332435844887205],[106.84027885357767,-6.332140503453259],[106.84242535943332,-6.332183366047817],[106.84345180492191,-6.331641818010161],[106.84324741602144,-6.331263867594435],[106.84184243725785,-6.330870647112937],[106.84023991735071,-6.329185787374679],[106.84126470235717,-6.326742632839032],[106.84150106664444,-6.326674168196264],[106.8421391046311,-6.32762171896958],[106.84290346566073,-6.327207346433462],[106.84321283258271,-6.326441696304786],[106.84302165440535,-6.325639419585912],[106.84143283080141,-6.323463032038508],[106.84006950264973,-6.322723737987036],[106.84005177859302,-6.32207172742449],[106.84091771927454,-6.3217347047003765],[106.8408774093648,-6.321290786962297],[106.83911419031665,-6.321681844414697],[106.83844992834982,-6.321355832280089],[106.83830164410355,-6.320923002600547],[106.83939370828173,-6.319140366216432],[106.8403233501776,-6.318383106003085],[106.84254548444076,-6.318002410827787],[106.84331697083776,-6.318462076607338],[106.84379986740569,-6.318386350435796],[106.84416971078527,-6.316776096416759],[106.84268557966945,-6.31467855824875],[106.8420006279009,-6.314814253700139],[106.84134284941055,-6.313964371948038],[106.840698516423,-6.313769528028799],[106.83967764876056,-6.312327229568824],[106.83899937864038,-6.312156309316614]]]}},{"type":"Feature","id":197,"properties":{"OBJECTID":197,"WADMKD":"Tanjung Barat","WADMKC":"Jagakarsa","WADMKK":"Kota Adm. Jakarta Selatan","KDEPUM":"31.74.09.1005","KDCPUM":"31.74.09","KDPKAB":"31.74","LUASWH":356.59000000000003,"SRS_ID":"32748"},"geometry":{"type":"Polygon","coordinates":[[[106.84785878524211,-6.297474677027363],[106.84464904257315,-6.296870477822437],[106.84292990513423,-6.295833336858515],[106.84102005966746,-6.295330103758013],[106.8407795774104,-6.295549828983476],[106.83827854343404,-6.311914382418249],[106.83958825597412,-6.312255841642338],[106.84069450499845,-6.313762347789576],[106.84133148909207,-6.31394739217876],[106.84219301158255,-6.314873721244837],[106.8426165137545,-6.314669689726446],[106.84354298160899,-6.316110085252425],[106.84424532016683,-6.316619004384402],[106.84474408531808,-6.316470162705155],[106.84627481122153,-6.316931399226773],[106.84733918385581,-6.315510588726807],[106.84798919143248,-6.315094743706294],[106.8486018987354,-6.315115045938114],[106.84898726367778,-6.3158182742637585],[106.84837467894634,-6.317329300303649],[106.84686577194341,-6.317879566413585],[106.84708061608782,-6.3182598788466535],[106.84903489216815,-6.31874767583053],[106.84940839988992,-6.318527569565323],[106.84955793036534,-6.317452247631877],[106.851773391855,-6.3160642479422595],[106.85127429762328,-6.314308626296025],[106.85220308365143,-6.31260806877592],[106.85240451009868,-6.311041068047851],[106.8528522353723,-6.310992595569564],[106.85457886406253,-6.312285095867648],[106.85499661583489,-6.313853202218739],[106.85566741906982,-6.31369658127879],[106.85816849011205,-6.311495121239947],[106.85836278264492,-6.311018890691207],[106.85812642529842,-6.310606531981584],[106.85718471854834,-6.310646995809592],[106.85677253188231,-6.310138974237687],[106.85703603911833,-6.3088401448088405],[106.85772763563631,-6.307697536345002],[106.8574028460608,-6.3063982087027455],[106.85854419506553,-6.305572146578821],[106.85819147356689,-6.305025380876526],[106.85618962508035,-6.304195620059828],[106.85462765977873,-6.303082739868647],[106.8544570973598,-6.302470039177708],[106.85504420517282,-6.301333779223813],[106.85479674543588,-6.299575488562921],[106.85258889076954,-6.299887439002494],[106.85158708583121,-6.301105152407565],[106.8498875425496,-6.29977509971126],[106.84963396690206,-6.298893666341877],[106.85053765635568,-6.298740614746217],[106.85179435295865,-6.299321298898626],[106.85212492394287,-6.299030858253861],[106.8521516973862,-6.298053406728997],[106.84785878524211,-6.297474677027363]]]}},{"type":"Feature","id":198,"properties":{"OBJECTID":198,"WADMKD":"Cipedak","WADMKC":"Jagakarsa","WADMKK":"Kota Adm. Jakarta Selatan","KDEPUM":"31.74.09.1006","KDCPUM":"31.74.09","KDPKAB":"31.74","LUASWH":405.62,"SRS_ID":"32748"},"geometry":{"type":"Polygon","coordinates":[[[106.80254360920286,-6.344222124550248],[106.79909093875472,-6.343760826156441],[106.79831363084583,-6.3442648090813],[106.79822182168648,-6.344711702781012],[106.79747502173089,-6.344836901789478],[106.79680299629165,-6.3464466102011],[106.79631040580709,-6.3466103532106555],[106.79539544155475,-6.345973577863509],[106.79253405618051,-6.348036269391398],[106.79240543320707,-6.348447095577437],[106.79402412813353,-6.350843912611574],[106.7939664343673,-6.351256220115226],[106.7930625818705,-6.351526788808191],[106.79249777617937,-6.352422878196273],[106.79329008074266,-6.3533501504068965],[106.7931990689785,-6.35382594062187],[106.79402307441435,-6.354412194279836],[106.79309277455033,-6.3550673292977296],[106.79322729288782,-6.356787835224345],[106.79248621896919,-6.358580174390704],[106.7925909819399,-6.359276185592309],[106.79359742344542,-6.359971304269826],[106.79369494123326,-6.362361837781169],[106.79311680638449,-6.362751968744075],[106.79301404674386,-6.363398882673856],[106.79364367818873,-6.363800651107316],[106.79378449571071,-6.364262061988144],[106.79490910757065,-6.364553225302308],[106.8002331567542,-6.364420413040363],[106.80034786267316,-6.364742975878826],[106.80076910459198,-6.364681699256041],[106.80071725069872,-6.364382839361131],[106.80331200541387,-6.3636022655576525],[106.80707527836469,-6.36351472214566],[106.80771618457777,-6.359084405651964],[106.8107862288372,-6.354329204767706],[106.81383496905234,-6.347365855405456],[106.81563560325922,-6.345252598218927],[106.81390183256916,-6.344349799117453],[106.81238612116626,-6.344050020420934],[106.81138253990373,-6.345999373052746],[106.80880495316512,-6.344991102741883],[106.80590113820243,-6.345063928128432],[106.80254360920286,-6.344222124550248]]]}},{"type":"Feature","id":199,"properties":{"OBJECTID":199,"WADMKD":"Pesanggrahan","WADMKC":"Pesanggrahan","WADMKK":"Kota Adm. Jakarta Selatan","KDEPUM":"31.74.10.1001","KDCPUM":"31.74.10","KDPKAB":"31.74","LUASWH":193.38,"SRS_ID":"32748"},"geometry":{"type":"Polygon","coordinates":[[[106.76227746870647,-6.249524224417631],[106.76166529637354,-6.248500050056427],[106.76063380898832,-6.2487866142728015],[106.76071209182079,-6.249418749691369],[106.7566693020558,-6.24968188935512],[106.7562602498606,-6.250267907310826],[106.75344477259131,-6.250330159439444],[106.75322004883013,-6.250014282557946],[106.7518997622744,-6.250011584577248],[106.75195515774503,-6.251059507334477],[106.75272336466614,-6.25173383007418],[106.75356579558124,-6.251638316424867],[106.75362074502188,-6.252882173033421],[106.75423811174734,-6.254300590865523],[106.75417579011166,-6.2551593270879975],[106.75464871996097,-6.255552229551584],[106.75494198299862,-6.2565650235909125],[106.75486878041495,-6.25701683341411],[106.75449803910237,-6.256967233062251],[106.7543956979214,-6.259434720892052],[106.75390659465165,-6.259738394584716],[106.75259145227588,-6.259679986007196],[106.75161101994449,-6.260517604336028],[106.75147733717213,-6.261654434565811],[106.7535146188871,-6.262281613431523],[106.75623624204472,-6.261620666341647],[106.75649228677786,-6.262339468443475],[106.75245290601046,-6.2647343659974775],[106.75277055610086,-6.2657900001055085],[106.75260053855112,-6.267778184886437],[106.75231724827303,-6.26800491596391],[106.7531802225895,-6.268856923301571],[106.75678272356893,-6.2652211986853255],[106.76041150312464,-6.262466837419381],[106.76109647506642,-6.261231133287811],[106.76197820864435,-6.257889975751105],[106.76268071568838,-6.256847769558462],[106.76759122711123,-6.25424640641674],[106.76788986244249,-6.2532837176739715],[106.76679677160172,-6.252863358996932],[106.76620134971046,-6.252197312165099],[106.76746244978564,-6.250371647397178],[106.7674073392645,-6.249896958214172],[106.76675381360695,-6.249216209803528],[106.76227746870647,-6.249524224417631]]]}},{"type":"Feature","id":200,"properties":{"OBJECTID":200,"WADMKD":"Bintaro","WADMKC":"Pesanggrahan","WADMKK":"Kota Adm. Jakarta Selatan","KDEPUM":"31.74.10.1002","KDCPUM":"31.74.10","KDPKAB":"31.74","LUASWH":458.05,"SRS_ID":"32748"},"geometry":{"type":"Polygon","coordinates":[[[106.76831652964343,-6.255371681549375],[106.76743010513088,-6.25429245232901],[106.76268071568838,-6.256847769558462],[106.76198133058818,-6.257882690962088],[106.76109647506642,-6.261231133287811],[106.76041150312464,-6.262466837419381],[106.75680232135255,-6.265203656564782],[106.75063433889774,-6.271496303632417],[106.75152819301569,-6.27242000999272],[106.75152525316393,-6.274517833769338],[106.75683937878787,-6.2743430453646525],[106.75720409113993,-6.2752658794188045],[106.75717437440939,-6.277599329269478],[106.75956650168473,-6.27815208681333],[106.7620889741349,-6.277841005620177],[106.76148579474008,-6.281752329429994],[106.76015859484822,-6.286254906794069],[106.76155552597247,-6.28683094818609],[106.76296872831684,-6.286880011998021],[106.76309714499588,-6.288803046239015],[106.76651653841472,-6.288857549393283],[106.76709735540727,-6.288482873653052],[106.76649745043721,-6.286639187324554],[106.766995163905,-6.286217442920068],[106.76791108857913,-6.286420031787295],[106.76799494172833,-6.2860001780280825],[106.76729943659456,-6.285041192659759],[106.76614487674405,-6.284631555016857],[106.76568910431052,-6.284053208729334],[106.7668060594459,-6.283204503084392],[106.76791069294761,-6.281783642162946],[106.7685704113512,-6.281521242570625],[106.76913362415401,-6.281797628149344],[106.76948180741465,-6.281513132564778],[106.76936589282268,-6.281100126719678],[106.76805488934943,-6.280402153879139],[106.76762172026764,-6.279186262567749],[106.77035376911948,-6.277973712734264],[106.76983272759212,-6.276579295106429],[106.76933063956919,-6.276104346291901],[106.7693424590261,-6.275412680031191],[106.76841863757622,-6.27474957194051],[106.7683395317401,-6.274284338153372],[106.76909011445075,-6.273715062305938],[106.77014168802035,-6.274351504239942],[106.77062383682392,-6.274279187887815],[106.77157723401501,-6.272163290919602],[106.77094829529791,-6.271450229730032],[106.77116899763573,-6.270300232419548],[106.76960180275783,-6.269329656045763],[106.76930380109418,-6.267945087924796],[106.76965584593619,-6.267126170136935],[106.76922597874538,-6.265684466164318],[106.76953242783438,-6.264769560876674],[106.77015850536455,-6.264441286723289],[106.77143264658129,-6.265341542000352],[106.77143957272932,-6.26468059756563],[106.77064365575534,-6.263143684841135],[106.77175760366234,-6.262493531178476],[106.77223561861109,-6.263029966296072],[106.77306469267518,-6.2625840759137485],[106.77254483658177,-6.2604224366423615],[106.77268868640701,-6.259076687067772],[106.77206439657814,-6.258067692112594],[106.77134319142613,-6.258095783027212],[106.77051830223799,-6.258788558353908],[106.7694114809714,-6.257975775731007],[106.77010529299834,-6.256365137377067],[106.771444736137,-6.2562349235533015],[106.77205331605496,-6.255326564730488],[106.7717557259161,-6.254923709152277],[106.77056864171601,-6.254752411438173],[106.76997118759213,-6.2543428800696015],[106.76881254955703,-6.254459737335616],[106.76831652964343,-6.255371681549375]]]}},{"type":"Feature","id":201,"properties":{"OBJECTID":201,"WADMKD":"Petukangan Utara","WADMKC":"Pesanggrahan","WADMKK":"Kota Adm. Jakarta Selatan","KDEPUM":"31.74.10.1003","KDCPUM":"31.74.10","KDPKAB":"31.74","LUASWH":280.74,"SRS_ID":"32748"},"geometry":{"type":"Polygon","coordinates":[[[106.76031158315695,-6.222962928781921],[106.75924152940757,-6.222560298856651],[106.75685846475061,-6.222975236144775],[106.7499179555522,-6.222717968615693],[106.73859664644354,-6.223606629590965],[106.73745506033136,-6.223875556111246],[106.73746346158005,-6.224108424594941],[106.73774252586014,-6.2253665114355075],[106.73955945927216,-6.225372488261701],[106.73977733498063,-6.226197149881008],[106.74038516756286,-6.22622715493704],[106.7403290317878,-6.227663669982249],[106.74147991958728,-6.227776502636114],[106.74266170862795,-6.227291128830774],[106.74330809241226,-6.227564120320506],[106.7432552805857,-6.228766475654758],[106.74441299640806,-6.229025779877986],[106.74404455141624,-6.230534087005575],[106.74544957211415,-6.230828645177542],[106.7454044156434,-6.2317540835644865],[106.74446566040837,-6.232413875165756],[106.74478380466796,-6.233734622111758],[106.74401441627381,-6.23636666643031],[106.75318922179986,-6.2366921554124035],[106.75581298807998,-6.235655252935076],[106.75759187190603,-6.236283595094807],[106.7584668831751,-6.2372527822983574],[106.76051405300021,-6.237525572180535],[106.76064429942275,-6.23560501102248],[106.75961383178424,-6.233709382112598],[106.7597314324056,-6.231642281817699],[106.75932327497287,-6.230982008866671],[106.7584917811648,-6.23131278730764],[106.75830314192193,-6.228104698704782],[106.75865191164856,-6.226796896770163],[106.7589951241501,-6.2264340371982705],[106.75970340773648,-6.226354850112223],[106.76019013877134,-6.225577534835112],[106.76004932241996,-6.224949422827456],[106.76056281662834,-6.223843121186588],[106.7601617659132,-6.223291581400575],[106.76031158315695,-6.222962928781921]]]}},{"type":"Feature","id":202,"properties":{"OBJECTID":202,"WADMKD":"Petukangan Selatan","WADMKC":"Pesanggrahan","WADMKK":"Kota Adm. Jakarta Selatan","KDEPUM":"31.74.10.1004","KDCPUM":"31.74.10","KDPKAB":"31.74","LUASWH":213.31,"SRS_ID":"32748"},"geometry":{"type":"Polygon","coordinates":[[[106.75777476867457,-6.236445132573877],[106.75592058568817,-6.2356624463453185],[106.75330040854902,-6.236677813602932],[106.74700996140554,-6.236385785182287],[106.74742908316323,-6.23870826995735],[106.74863563688436,-6.240844576746635],[106.7472616187537,-6.242717835742075],[106.7466580562798,-6.247311667849187],[106.74722739004068,-6.2487441557155154],[106.74811421901816,-6.249420048579714],[106.74813999371949,-6.249982176185008],[106.7562602498606,-6.250267907310826],[106.75686852044461,-6.2497109522093295],[106.7605866183091,-6.24946013840715],[106.76008207935041,-6.247699557849504],[106.76013980235258,-6.2467472032284554],[106.76063754007923,-6.245844828234915],[106.76073669902243,-6.243270282574943],[106.75999588142315,-6.238388274579547],[106.76051405300021,-6.237525572180535],[106.75863903273068,-6.237328177179792],[106.75777476867457,-6.236445132573877]]]}},{"type":"Feature","id":203,"properties":{"OBJECTID":203,"WADMKD":"Ulujami","WADMKC":"Pesanggrahan","WADMKK":"Kota Adm. Jakarta Selatan","KDEPUM":"31.74.10.1005","KDCPUM":"31.74.10","KDPKAB":"31.74","LUASWH":204.06,"SRS_ID":"32748"},"geometry":{"type":"Polygon","coordinates":[[[106.76420246141906,-6.222378551687181],[106.7601728729258,-6.222552899305751],[106.76019983601688,-6.223408305797679],[106.76055787058847,-6.223915021057052],[106.76002394336443,-6.225043004960827],[106.76014319944058,-6.2257080885763365],[106.75973721289068,-6.226284729308834],[106.75868330833718,-6.226751554727594],[106.75830895519718,-6.228179843240382],[106.75846019844914,-6.231130285602009],[106.75957104359667,-6.231095252194687],[106.75978873435426,-6.231923121084224],[106.75962102206299,-6.23374317627885],[106.76068386863727,-6.235849870274977],[106.76057427207934,-6.237368164152851],[106.76002458828364,-6.2382662475731445],[106.76036354929056,-6.242122976998275],[106.76075465856069,-6.243395497258442],[106.76050168312821,-6.244681152566476],[106.7606627706192,-6.245668187106479],[106.76004928757904,-6.247523375776242],[106.7603887239535,-6.248652399124465],[106.7615566664075,-6.248469133923198],[106.76233993033783,-6.249614926366125],[106.7667238686285,-6.249142404637638],[106.7666959585673,-6.248235034058486],[106.76823402663452,-6.246950796678512],[106.76885070012005,-6.245969187973509],[106.76814187464272,-6.244535240971707],[106.76806870397948,-6.243262245820076],[106.7655424934114,-6.2414050899600015],[106.7658404376078,-6.239873975206111],[106.76664979063403,-6.239852237130456],[106.76593964185395,-6.23903506505212],[106.7660340521518,-6.238216766923194],[106.76562394556709,-6.238296510733216],[106.76534971011463,-6.238924981383433],[106.76458273586411,-6.2387548308361085],[106.76449547697045,-6.237497134304071],[106.76487872086915,-6.236921933412341],[106.76691008171963,-6.236616350373142],[106.7672074821053,-6.235499808227883],[106.76693795659054,-6.234535992423816],[106.7661650999118,-6.233723442235241],[106.76556665485792,-6.23465337358579],[106.7647094043992,-6.23501839943923],[106.76420329458516,-6.233478223014304],[106.76427000483429,-6.2328778026334986],[106.76592207763674,-6.230835732629246],[106.76561008370139,-6.229787275243714],[106.76494570896054,-6.229472766608727],[106.76357692079714,-6.230502566577739],[106.76315509788306,-6.230120791878935],[106.763112713551,-6.229909853617972],[106.76402452928332,-6.229629117753024],[106.76411757834886,-6.229208121623616],[106.76473596063332,-6.229142635121264],[106.76493318201096,-6.228760409044717],[106.7645756803161,-6.227342900045025],[106.76495297714472,-6.227001695948426],[106.76586491208654,-6.226951630063877],[106.76625461594378,-6.225853643609953],[106.76688607329464,-6.22532192186159],[106.76557296770787,-6.223210683051403],[106.76556532128495,-6.222758847925076],[106.76592818203537,-6.222504617017642],[106.76420246141906,-6.222378551687181]]]}},{"type":"Feature","id":204,"properties":{"OBJECTID":204,"WADMKD":"Pisangan Baru","WADMKC":"Matraman","WADMKK":"Kota Adm. Jakarta Timur","KDEPUM":"31.75.01.1001","KDCPUM":"31.75.01","KDPKAB":"31.75","LUASWH":72.07000000000001,"SRS_ID":"32748"},"geometry":{"type":"Polygon","coordinates":[[[106.86962968277311,-6.208606203387435],[106.86771870081269,-6.2083877667466725],[106.8624732074269,-6.209246856401747],[106.86249064797482,-6.20956044555516],[106.86343177956176,-6.211425108330995],[106.86724475534486,-6.214870216225442],[106.8740828072423,-6.214914111751531],[106.87400416221071,-6.20997320919619],[106.86962968277311,-6.208606203387435]]]}},{"type":"Feature","id":205,"properties":{"OBJECTID":205,"WADMKD":"Utan Kayu Utara","WADMKC":"Matraman","WADMKK":"Kota Adm. Jakarta Timur","KDEPUM":"31.75.01.1002","KDCPUM":"31.75.01","KDPKAB":"31.75","LUASWH":102.21000000000001,"SRS_ID":"32748"},"geometry":{"type":"Polygon","coordinates":[[[106.87241967276915,-6.191962010160949],[106.86489917556693,-6.192651709648345],[106.86317624296137,-6.193159281860863],[106.86062429391501,-6.194643093407574],[106.86297661866304,-6.200469907192291],[106.86407717237572,-6.200176085110807],[106.864194962954,-6.198727751136534],[106.86723576162899,-6.198335869988505],[106.86768488981541,-6.198722765096917],[106.86874699057705,-6.1978862310855956],[106.86923601208996,-6.1986824627735055],[106.87017060467382,-6.199008192164874],[106.87095592671997,-6.197820918124225],[106.87183691281479,-6.198255632204291],[106.8716983723291,-6.19928565723576],[106.87360243643884,-6.199637788221447],[106.87508201597988,-6.192446563198403],[106.87241967276915,-6.191962010160949]]]}},{"type":"Feature","id":206,"properties":{"OBJECTID":206,"WADMKD":"Kayu Manis","WADMKC":"Matraman","WADMKK":"Kota Adm. Jakarta Timur","KDEPUM":"31.75.01.1003","KDCPUM":"31.75.01","KDPKAB":"31.75","LUASWH":54.26,"SRS_ID":"32748"},"geometry":{"type":"Polygon","coordinates":[[[106.8624732074269,-6.209246856401747],[106.86622660158777,-6.20860693701917],[106.86068623674345,-6.194811931678413],[106.85838083236713,-6.196162374432171],[106.85962391014104,-6.1993124772534545],[106.8624732074269,-6.209246856401747]]]}},{"type":"Feature","id":207,"properties":{"OBJECTID":207,"WADMKD":"Palmeriam","WADMKC":"Matraman","WADMKK":"Kota Adm. Jakarta Timur","KDEPUM":"31.75.01.1004","KDCPUM":"31.75.01","KDPKAB":"31.75","LUASWH":64.98,"SRS_ID":"32748"},"geometry":{"type":"Polygon","coordinates":[[[106.86351103364471,-6.2115091632469195],[106.86265815717702,-6.210135856956555],[106.8596297710922,-6.199332139281107],[106.85836543258497,-6.196172837068075],[106.85392455939828,-6.199376822875199],[106.85694417532073,-6.20263056817425],[106.86072652329104,-6.2118776408850644],[106.86267430468855,-6.211522687202849],[106.86401602475739,-6.21203764875444],[106.86351103364471,-6.2115091632469195]]]}},{"type":"Feature","id":208,"properties":{"OBJECTID":208,"WADMKD":"Lubang Buaya","WADMKC":"Cipayung","WADMKK":"Kota Adm. Jakarta Timur","KDEPUM":"31.75.10.1007","KDCPUM":"31.75.10","KDPKAB":"31.75","LUASWH":363.05,"SRS_ID":"32748"},"geometry":{"type":"Polygon","coordinates":[[[106.91017248084154,-6.287314803597838],[106.91038141591824,-6.286833517435069],[106.90949911129509,-6.28651799973949],[106.91009017016054,-6.28595692341513],[106.9090551049504,-6.2856128523152615],[106.90876100291477,-6.284472139266662],[106.90038348314282,-6.285272916876183],[106.89963145756525,-6.285639884655544],[106.89738636262847,-6.28862226662386],[106.89626157564282,-6.289457589087525],[106.88797434066505,-6.290595530868411],[106.88853116162888,-6.2910747943826575],[106.88855288403093,-6.2918879468053595],[106.88938672936118,-6.293259999028639],[106.88958598459057,-6.294580826174806],[106.89061151639022,-6.296376712072361],[106.89266288876846,-6.297128454170521],[106.89277240000804,-6.298923908366289],[106.901795410916,-6.299107091934259],[106.90171354388293,-6.299507838771293],[106.9085880110377,-6.299680955412064],[106.90850796371343,-6.301383286364028],[106.90988529308261,-6.30147168584535],[106.91049164044438,-6.301203418967031],[106.91095259013018,-6.30049456042743],[106.9124575267097,-6.301708048158056],[106.91192226807219,-6.302683142731616],[106.91217227009405,-6.302737837909052],[106.9141263040732,-6.302626119583055],[106.91481483368705,-6.302255841154149],[106.91593320464737,-6.302664634416553],[106.92094059240652,-6.3023621345997425],[106.92063550456217,-6.3015025445605515],[106.92103525430119,-6.301060439991269],[106.92066976881985,-6.300156245785075],[106.92027192255252,-6.300076291584514],[106.91925541718261,-6.300687339589948],[106.91898701393957,-6.300394189577091],[106.91919077492157,-6.299028967556792],[106.91789730032453,-6.299634302203624],[106.9176474565615,-6.298016745160217],[106.91700214842629,-6.298202342620019],[106.91509905386711,-6.297071622816194],[106.91467360595837,-6.297180126620594],[106.9144623099897,-6.2980467262643955],[106.91358571716417,-6.298229468718508],[106.91368708138747,-6.298841941806218],[106.91340440227273,-6.298957582951027],[106.91195388286565,-6.2982537386140915],[106.91184537930239,-6.296390621319517],[106.91112659680904,-6.295954244608194],[106.91244500382199,-6.294578899206853],[106.91139137796648,-6.29460031500789],[106.91033632509895,-6.294200565705337],[106.91025066463197,-6.293573815558075],[106.91037454901071,-6.293009245102663],[106.91095736439549,-6.29310839306969],[106.91172595055778,-6.291949472026181],[106.91122576689142,-6.291499401444983],[106.9111843644508,-6.292310321419495],[106.91074749599831,-6.292204673174187],[106.91048194821241,-6.291348067293061],[106.91177113995514,-6.290380101964349],[106.91146667004904,-6.290206088344511],[106.9108696489382,-6.290821137366768],[106.9105747470957,-6.290520014810417],[106.91076034533742,-6.289841868298914],[106.91050621829426,-6.289826164391166],[106.90971814060318,-6.2907684307069065],[106.90941547384303,-6.29062423456311],[106.91008068167166,-6.289621409932917],[106.90970041384523,-6.288552439115753],[106.91017248084154,-6.287314803597838]]]}},{"type":"Feature","id":209,"properties":{"OBJECTID":209,"WADMKD":"Ceger","WADMKC":"Cipayung","WADMKK":"Kota Adm. Jakarta Timur","KDEPUM":"31.75.10.1008","KDCPUM":"31.75.10","KDPKAB":"31.75","LUASWH":290.16,"SRS_ID":"32748"},"geometry":{"type":"Polygon","coordinates":[[[106.897989300448,-6.299062578060874],[106.89218493569146,-6.2989740697997565],[106.8925743940637,-6.302514020327984],[106.88942817022242,-6.3025880708301285],[106.8890808911857,-6.302088204717081],[106.88334809143124,-6.302116449921194],[106.88666698834804,-6.31660121093739],[106.88708037610343,-6.321802842124465],[106.8885917821469,-6.322187357399714],[106.88958092168023,-6.3208121212981005],[106.89015694169753,-6.319270857841438],[106.89359585588372,-6.320943904377021],[106.89560756899752,-6.318351289379524],[106.89629086127708,-6.316571677689229],[106.89609981821371,-6.314978379677329],[106.8940851335636,-6.3145576023279535],[106.8939644354531,-6.314228452356912],[106.89435133084537,-6.309352284571858],[106.89588559083552,-6.3063000732665895],[106.89763786455988,-6.305913336031759],[106.897866293573,-6.303641116367406],[106.90340087257958,-6.303511346587319],[106.90440618067683,-6.302847432772331],[106.90500546370151,-6.302952892072994],[106.90543053084812,-6.303471638783878],[106.9058449820271,-6.303046707042641],[106.9060417254334,-6.299713744628301],[106.90171185940825,-6.29951350568528],[106.90181737498776,-6.299158732762992],[106.90152801178618,-6.299105372309481],[106.897989300448,-6.299062578060874]]]}},{"type":"Feature","id":216,"properties":{"OBJECTID":216,"WADMKD":"Kayu Putih","WADMKC":"Pulogadung","WADMKK":"Kota Adm. Jakarta Timur","KDEPUM":"31.75.02.1006","KDCPUM":"31.75.02","KDPKAB":"31.75","LUASWH":384.52,"SRS_ID":"32748"},"geometry":{"type":"Polygon","coordinates":[[[106.89293926601869,-6.174890461279944],[106.89100384858975,-6.173132129949936],[106.88211716258559,-6.167695282741764],[106.88011744157002,-6.166647828691211],[106.87890340401533,-6.166419499835577],[106.87800991716006,-6.168539631025256],[106.87614773310617,-6.1756877000105925],[106.87544930766047,-6.18819582234572],[106.87811958340988,-6.189338049422872],[106.88093851638659,-6.188743191050338],[106.88144113802373,-6.189784548751813],[106.882015569884,-6.190104639549387],[106.89103979369209,-6.188819710075744],[106.89172218371537,-6.181533698112531],[106.8928440831254,-6.178340697318696],[106.89431715175591,-6.176126859991943],[106.89293926601869,-6.174890461279944]]]}},{"type":"Feature","id":217,"properties":{"OBJECTID":217,"WADMKD":"Jati","WADMKC":"Pulogadung","WADMKK":"Kota Adm. Jakarta Timur","KDEPUM":"31.75.02.1007","KDCPUM":"31.75.02","KDPKAB":"31.75","LUASWH":206.88,"SRS_ID":"32748"},"geometry":{"type":"Polygon","coordinates":[[[106.90514092637835,-6.186406980363601],[106.89129686042894,-6.18877406641312],[106.8911779701092,-6.196778507884194],[106.8901378123834,-6.1988242740866015],[106.89053428497091,-6.200724807055981],[106.89028675233023,-6.202063894419648],[106.89763522391608,-6.202597642692519],[106.89842164255788,-6.202103781549863],[106.90072197857917,-6.20178989416073],[106.90098746167382,-6.201090068981688],[106.90073576363949,-6.200411377293098],[106.90164353430883,-6.198892273684549],[106.90122956055077,-6.198105558575661],[106.90146577491967,-6.196363771739056],[106.90216161721473,-6.196164225874345],[106.90257689255336,-6.195534020235623],[106.90231087005009,-6.194577582074819],[106.90167293569418,-6.193831695717854],[106.90184534494948,-6.1924292071213625],[106.90429693583339,-6.191507968987545],[106.90457590364669,-6.189318473571328],[106.90510741903333,-6.187863765555],[106.90514092637835,-6.186406980363601]]]}},{"type":"Feature","id":218,"properties":{"OBJECTID":218,"WADMKD":"Kampung Melayu","WADMKC":"Jatinegara","WADMKK":"Kota Adm. Jakarta Timur","KDEPUM":"31.75.03.1001","KDCPUM":"31.75.03","KDPKAB":"31.75","LUASWH":47.980000000000004,"SRS_ID":"32748"},"geometry":{"type":"Polygon","coordinates":[[[106.86148329760648,-6.213592315867061],[106.86073232343176,-6.212051196737676],[106.85813045329289,-6.213129090383585],[106.85833225397586,-6.213557242917957],[106.85734117596725,-6.213894200047461],[106.85683588558906,-6.214650655448176],[106.85630347093641,-6.216509755435844],[106.85744749867806,-6.217645402333468],[106.85787214714094,-6.217485357420927],[106.85865768111249,-6.216289953405193],[106.86023413662964,-6.217327923878557],[106.8626501592708,-6.216182588192622],[106.86353456725274,-6.216299756801605],[106.86122914900007,-6.219118719004358],[106.86009086085622,-6.221382182343304],[106.86069083978983,-6.221775515833156],[106.86159401840969,-6.221616042321462],[106.86181234194866,-6.221192151557333],[106.86149849893788,-6.220109503738715],[106.86185780938685,-6.219744657604756],[106.86285830592887,-6.219647268314551],[106.86542890631533,-6.223794292814728],[106.8650917353361,-6.224433360750873],[106.8637965275971,-6.224594805259337],[106.86363921405481,-6.225031240754729],[106.86643894876859,-6.224639993551506],[106.8642541327899,-6.218626831074959],[106.86394395306145,-6.216467256290334],[106.86148329760648,-6.213592315867061]]]}},{"type":"Feature","id":219,"properties":{"OBJECTID":219,"WADMKD":"Bidara Cina","WADMKC":"Jatinegara","WADMKK":"Kota Adm. Jakarta Timur","KDEPUM":"31.75.03.1002","KDCPUM":"31.75.03","KDPKAB":"31.75","LUASWH":124.68,"SRS_ID":"32748"},"geometry":{"type":"Polygon","coordinates":[[[106.86807282698676,-6.226967359684222],[106.8671283222827,-6.226489067041216],[106.86644021385982,-6.224639792877119],[106.86368938444532,-6.2250612144382425],[106.86475283221543,-6.227007413869077],[106.86486336833248,-6.2282394341201135],[106.86330498285412,-6.2308043072588495],[106.86357847121276,-6.231355941691176],[106.86519927378333,-6.232405297086842],[106.86625576310163,-6.233961037966009],[106.86628758891767,-6.23479108016346],[106.86536831497658,-6.234833573204345],[106.86523229955358,-6.235239711929861],[106.86638469559564,-6.23675099844971],[106.86689032558668,-6.238805496659896],[106.86655837193398,-6.239270924666326],[106.86621945961522,-6.238968571958446],[106.86524193937419,-6.236813954682807],[106.86371921967157,-6.237325005113058],[106.86274904226022,-6.240050966870731],[106.8625104856409,-6.242989288444361],[106.86553279302233,-6.243441961199394],[106.86924634227066,-6.244757153973142],[106.87032124640737,-6.241745363023837],[106.86993046736679,-6.2390679657666155],[106.8696740329029,-6.231658616321705],[106.87045934043255,-6.22691956843806],[106.86807282698676,-6.226967359684222]]]}},{"type":"Feature","id":220,"properties":{"OBJECTID":220,"WADMKD":"Bali Mester","WADMKC":"Jatinegara","WADMKK":"Kota Adm. Jakarta Timur","KDEPUM":"31.75.03.1003","KDCPUM":"31.75.03","KDPKAB":"31.75","LUASWH":67.17,"SRS_ID":"32748"},"geometry":{"type":"Polygon","coordinates":[[[106.86563608376036,-6.21439997176311],[106.8623365477368,-6.211518761680781],[106.86085036113678,-6.2120005393216955],[106.86196940041995,-6.214403068437961],[106.86392287930911,-6.21640619892951],[106.8642443854277,-6.218597189323171],[106.8671283222827,-6.226489067041216],[106.8681661071749,-6.226972495938206],[106.87046939212625,-6.226822393573238],[106.8706264523633,-6.22581327400611],[106.86869949155286,-6.219571845614987],[106.86673280203054,-6.215212363604831],[106.86563608376036,-6.21439997176311]]]}},{"type":"Feature","id":221,"properties":{"OBJECTID":221,"WADMKD":"Rawa Bunga","WADMKC":"Jatinegara","WADMKK":"Kota Adm. Jakarta Timur","KDEPUM":"31.75.03.1004","KDCPUM":"31.75.03","KDPKAB":"31.75","LUASWH":84.77,"SRS_ID":"32748"},"geometry":{"type":"Polygon","coordinates":[[[106.86756993824264,-6.214965902322776],[106.86693869694103,-6.21470752973398],[106.86413453110067,-6.212094379070045],[106.86246687624148,-6.211520346194558],[106.86680610712848,-6.215338756670114],[106.86877457998612,-6.219765350561162],[106.87060866081067,-6.225737234710686],[106.87052449401594,-6.226710906346673],[106.87519816325616,-6.226606700119803],[106.87456539560984,-6.22221632387269],[106.87423048855794,-6.2150143863699165],[106.86756993824264,-6.214965902322776]]]}},{"type":"Feature","id":222,"properties":{"OBJECTID":222,"WADMKD":"Cipinang Cempedak","WADMKC":"Jatinegara","WADMKK":"Kota Adm. Jakarta Timur","KDEPUM":"31.75.03.1005","KDCPUM":"31.75.03","KDPKAB":"31.75","LUASWH":160.79,"SRS_ID":"32748"},"geometry":{"type":"Polygon","coordinates":[[[106.87519816325616,-6.226606700119803],[106.87045934043255,-6.22691956843806],[106.86967450342098,-6.231588642414443],[106.86993508222291,-6.239156042577264],[106.8703159002658,-6.241824057557969],[106.86941601032694,-6.244689274258196],[106.87179712509972,-6.245617245922819],[106.87511761764799,-6.246361719608121],[106.87644746428047,-6.243838662239265],[106.87714546859591,-6.243101909923835],[106.8780802063231,-6.239126040109265],[106.87519816325616,-6.226606700119803]]]}},{"type":"Feature","id":223,"properties":{"OBJECTID":223,"WADMKD":"Cipinang Muara","WADMKC":"Jatinegara","WADMKK":"Kota Adm. Jakarta Timur","KDEPUM":"31.75.03.1006","KDCPUM":"31.75.03","KDPKAB":"31.75","LUASWH":266.23,"SRS_ID":"32748"},"geometry":{"type":"Polygon","coordinates":[[[106.89588674155507,-6.216892939259383],[106.89614780027256,-6.216098113586546],[106.89575600198144,-6.213243362000402],[106.89128752292252,-6.213184918448062],[106.88681735759417,-6.2141559648056],[106.88724772569432,-6.218512902570109],[106.882614999574,-6.230027550088732],[106.88308003575747,-6.2306040882558795],[106.88329309656257,-6.234185875810966],[106.88406232321361,-6.234216925315005],[106.88424095610874,-6.235031309623767],[106.8852921163666,-6.235226769881658],[106.88534481011105,-6.2354701538218995],[106.88536442884202,-6.237722660426882],[106.88333709108436,-6.237917809150366],[106.88348361702846,-6.239594409364687],[106.89216841138382,-6.239348180605876],[106.89280564234902,-6.238044680145622],[106.89219574777715,-6.237273877585806],[106.89294192169056,-6.236457054167169],[106.89293120019745,-6.235489312326358],[106.89262099884726,-6.235172398345673],[106.89212795237323,-6.235864595019349],[106.89200432241483,-6.235685198393992],[106.89206039616523,-6.234577816876366],[106.89144742444928,-6.232429999922385],[106.89001096583915,-6.231043729001574],[106.8900128203639,-6.229709615895836],[106.8907518503541,-6.2288216492376565],[106.89163241295267,-6.228522516656513],[106.89132585405119,-6.22802842741749],[106.89143775008912,-6.227296673785907],[106.89279951609913,-6.226501289656124],[106.89342837835862,-6.225126878826502],[106.89361870071129,-6.222708314231659],[106.8945953402407,-6.2217649913629405],[106.89565484042124,-6.22138333094387],[106.89612837204889,-6.219528650411154],[106.89590172556382,-6.218872806577593],[106.89502726909699,-6.2180996714036585],[106.89521649769169,-6.217139003074522],[106.89588674155507,-6.216892939259383]]]}},{"type":"Feature","id":224,"properties":{"OBJECTID":224,"WADMKD":"Cipinang Besar Selatan","WADMKC":"Jatinegara","WADMKK":"Kota Adm. Jakarta Timur","KDEPUM":"31.75.03.1007","KDCPUM":"31.75.03","KDPKAB":"31.75","LUASWH":169.88,"SRS_ID":"32748"},"geometry":{"type":"Polygon","coordinates":[[[106.88663612542871,-6.2199773557985045],[106.88722459524352,-6.2186059671910625],[106.88714585287497,-6.217727158897103],[106.88555985283091,-6.218195862110959],[106.88563777810926,-6.219279532357978],[106.88525558607621,-6.220113957773365],[106.8847815005722,-6.220189115765892],[106.88402830514252,-6.219695240554842],[106.88367513890907,-6.220129781235056],[106.88206274073706,-6.220109888893764],[106.88181202355905,-6.2207021201404125],[106.88075907363663,-6.220564894373812],[106.8808705227473,-6.22211261257591],[106.87989612366347,-6.2228048110187055],[106.87969899541402,-6.223359376446535],[106.87917972668015,-6.223349086787606],[106.87846802010557,-6.2227945692933755],[106.87742529161501,-6.223658951967567],[106.87736268735354,-6.224523332304751],[106.87636020025758,-6.226051515817591],[106.87514650388606,-6.226146026651004],[106.87793943256862,-6.237895424580958],[106.87795879800464,-6.240030492932472],[106.88355351725735,-6.239752462239502],[106.88323778587514,-6.2380877969504835],[106.8853652181554,-6.237738234173002],[106.88534274095815,-6.235275143042064],[106.88429848858485,-6.235072026345643],[106.88417986957472,-6.234317763749391],[106.88329963380724,-6.234236625556967],[106.88309517500875,-6.230677630623349],[106.88259598397237,-6.23009760055068],[106.88663612542871,-6.2199773557985045]]]}},{"type":"Feature","id":225,"properties":{"OBJECTID":225,"WADMKD":"Cipinang Besar Utara","WADMKC":"Jatinegara","WADMKK":"Kota Adm. Jakarta Timur","KDEPUM":"31.75.03.1008","KDCPUM":"31.75.03","KDPKAB":"31.75","LUASWH":113.17,"SRS_ID":"32748"},"geometry":{"type":"Polygon","coordinates":[[[106.88539320081767,-6.219657722339614],[106.88564151098227,-6.218076985997144],[106.88696929267925,-6.217697909305433],[106.88707551077091,-6.217273541423109],[106.88671519484801,-6.21416780656287],[106.87422707121834,-6.2149083589736795],[106.87456539560984,-6.22221632387269],[106.87530295975138,-6.226103070669805],[106.87633123318312,-6.226225543373108],[106.87651963974135,-6.225442760450603],[106.87732072118969,-6.224605794218477],[106.87742529161501,-6.223658951967567],[106.87839920089233,-6.222805612349255],[106.87909111666477,-6.223342121081326],[106.87982136126229,-6.223261057020027],[106.87983561463992,-6.222849606273764],[106.88091641486005,-6.221976839044049],[106.88085315575206,-6.2204669866849525],[106.88167923825807,-6.220731460760459],[106.88219272944228,-6.220039376202254],[106.88366958876111,-6.220126971960001],[106.88402830514252,-6.219695240554842],[106.8850128692699,-6.220199772776538],[106.88539320081767,-6.219657722339614]]]}},{"type":"Feature","id":226,"properties":{"OBJECTID":226,"WADMKD":"Kramatjati","WADMKC":"Kramatjati","WADMKK":"Kota Adm. Jakarta Timur","KDEPUM":"31.75.04.1001","KDCPUM":"31.75.04","KDPKAB":"31.75","LUASWH":151.54,"SRS_ID":"32748"},"geometry":{"type":"Polygon","coordinates":[[[106.8748986322529,-6.279991730717177],[106.87360966134952,-6.2767561903648],[106.87283429229086,-6.273632397432432],[106.87262237932863,-6.270298094219612],[106.8729866888773,-6.264788720116596],[106.86572452589962,-6.263244057383395],[106.86556748391023,-6.26412261974653],[106.86598112986321,-6.26812910030521],[106.86723848368263,-6.270282767678041],[106.86690761043239,-6.271569718038589],[106.86711130844928,-6.2747780996418525],[106.86872294809828,-6.277200347692281],[106.86920262265726,-6.278467965589698],[106.87016466091002,-6.279326135290285],[106.87182668830293,-6.281798133781104],[106.87068895589154,-6.285866222149648],[106.87064783812065,-6.286988882589713],[106.87269645066017,-6.287303381078619],[106.87336943044856,-6.286485434854635],[106.87469831657893,-6.285880381592161],[106.87474260188631,-6.2853018519060555],[106.87614258643931,-6.284647291636438],[106.87460993484045,-6.28057783308743],[106.8748986322529,-6.279991730717177]]]}},{"type":"Feature","id":227,"properties":{"OBJECTID":227,"WADMKD":"Tengah","WADMKC":"Kramatjati","WADMKK":"Kota Adm. Jakarta Timur","KDEPUM":"31.75.04.1002","KDCPUM":"31.75.04","KDPKAB":"31.75","LUASWH":195.20000000000002,"SRS_ID":"32748"},"geometry":{"type":"Polygon","coordinates":[[[106.87167134709868,-6.2824426421288715],[106.87182668830293,-6.281798133781104],[106.87011325468168,-6.279276227316965],[106.86941982932905,-6.278745147127716],[106.86825558377845,-6.279000416668441],[106.86849086096781,-6.279627442033633],[106.86795470722609,-6.282310470881131],[106.86386303466797,-6.281533215199042],[106.86437917685492,-6.2837898600933135],[106.86413785455255,-6.28447114996068],[106.86297202627033,-6.284707952283409],[106.86238506187043,-6.286391175452252],[106.86096432456442,-6.286804556308812],[106.86062664958291,-6.286310018989512],[106.85975655508946,-6.28630774717396],[106.85896636137427,-6.288387922567122],[106.85894531266416,-6.28886909809055],[106.86017406606284,-6.290269549166483],[106.86024808955327,-6.29109992360441],[106.85945188685804,-6.292537146648795],[106.86039486926772,-6.294002016423712],[106.86149919597833,-6.293696152985424],[106.8622181333233,-6.293731511438261],[106.86250081208712,-6.294055848064772],[106.86471273043622,-6.293925872808604],[106.86497782214614,-6.294591770194235],[106.86525539399453,-6.294603962914215],[106.8656500662489,-6.296426687259814],[106.86552038111708,-6.297870742697135],[106.86693432205185,-6.298318669655729],[106.86672892191368,-6.299119947388025],[106.86927451966714,-6.30005177711016],[106.87098641818352,-6.297496248379342],[106.8720098805974,-6.2935948077635055],[106.87064253256042,-6.287718765676674],[106.87068895589154,-6.285866222149648],[106.87167134709868,-6.2824426421288715]]]}},{"type":"Feature","id":228,"properties":{"OBJECTID":228,"WADMKD":"Dukuh","WADMKC":"Kramatjati","WADMKK":"Kota Adm. Jakarta Timur","KDEPUM":"31.75.04.1003","KDCPUM":"31.75.04","KDPKAB":"31.75","LUASWH":172.67000000000002,"SRS_ID":"32748"},"geometry":{"type":"Polygon","coordinates":[[[106.87734885640567,-6.2858612175615285],[106.8749351480257,-6.280073528233783],[106.874690639231,-6.280128446045886],[106.87458628572045,-6.280510052548944],[106.87615800260943,-6.28460465827971],[106.87480952425582,-6.285258493184495],[106.87471960072362,-6.285824088139586],[106.87302950057617,-6.286740714797576],[106.87289522371101,-6.287193691950477],[106.87230441234975,-6.287166075719637],[106.87172745318905,-6.288170191421065],[106.87206871698793,-6.288956511763855],[106.87290317323261,-6.289703244281017],[106.87324854637018,-6.29076560884559],[106.87400887706524,-6.291370095120857],[106.87312738742193,-6.292541455899452],[106.87373164805082,-6.293071177142122],[106.8737719498373,-6.2945673251677805],[106.87524137129111,-6.295038596705524],[106.87520920859058,-6.295699833844343],[106.87418169906992,-6.296328164643361],[106.87432563489854,-6.297218288188172],[106.8738291528845,-6.297209809945422],[106.8741229115758,-6.297971931693119],[106.87310395767165,-6.2982561110769195],[106.87268703706684,-6.299023644592937],[106.87302835323455,-6.299367848756591],[106.87299918256778,-6.300256293413252],[106.87352202542407,-6.300702990132396],[106.87457675566247,-6.299948751807559],[106.87471131062915,-6.301657521442901],[106.87528140507025,-6.301966120009757],[106.87602186581603,-6.301711586195345],[106.87709324890587,-6.302239398940658],[106.87739486287097,-6.303637847912488],[106.87819510624824,-6.304156041140204],[106.87820396278062,-6.3050950716246685],[106.87922691658488,-6.30548139141068],[106.8792751375884,-6.306410550740353],[106.88399669096124,-6.305593131053948],[106.88245160978082,-6.2983726815822285],[106.87734885640567,-6.2858612175615285]]]}},{"type":"Feature","id":229,"properties":{"OBJECTID":229,"WADMKD":"Batu Ampar","WADMKC":"Kramatjati","WADMKK":"Kota Adm. Jakarta Timur","KDEPUM":"31.75.04.1004","KDCPUM":"31.75.04","KDPKAB":"31.75","LUASWH":253.57,"SRS_ID":"32748"},"geometry":{"type":"Polygon","coordinates":[[[106.86631370687094,-6.268811454966966],[106.8660089301317,-6.268199525182284],[106.86579510809196,-6.268223745343009],[106.86585532998808,-6.268796088695094],[106.86475733737547,-6.2686476832240485],[106.86442863614911,-6.269141403901043],[106.86359139388482,-6.268941251557486],[106.85921821162124,-6.269196325981336],[106.85519080342732,-6.277203372052076],[106.85498948555117,-6.278073983835361],[106.8557167000618,-6.29282654524531],[106.85783600909134,-6.2925621396347475],[106.85784981597013,-6.292231916617029],[106.85935900031488,-6.292250999701291],[106.8601740541984,-6.291216934313484],[106.86015473759247,-6.29007130629114],[106.85892248621082,-6.288772113778893],[106.85923711517744,-6.28720877739937],[106.85975655508946,-6.28630774717396],[106.86071771319509,-6.286352202749183],[106.86079063399937,-6.286745056562047],[106.8623562903223,-6.2863935057871645],[106.86305676610596,-6.284629491793142],[106.86413785455255,-6.28447114996068],[106.86438156587872,-6.2838565752802795],[106.86377409193166,-6.281539839440552],[106.8677631501621,-6.282355523366242],[106.86808332441295,-6.282048600057925],[106.86850651793947,-6.279578920071236],[106.86831506840122,-6.27912242643173],[106.8692689998799,-6.278687736179212],[106.86872294809828,-6.277200347692281],[106.86709380329016,-6.274710585813316],[106.86691321869955,-6.271494489864988],[106.86723337073975,-6.270209237735232],[106.86631370687094,-6.268811454966966]]]}},{"type":"Feature","id":230,"properties":{"OBJECTID":230,"WADMKD":"Balekambang","WADMKC":"Kramatjati","WADMKK":"Kota Adm. Jakarta Timur","KDEPUM":"31.75.04.1005","KDCPUM":"31.75.04","KDPKAB":"31.75","LUASWH":168.16,"SRS_ID":"32748"},"geometry":{"type":"Polygon","coordinates":[[[106.8574869744241,-6.267580576278672],[106.85561914235049,-6.267581535731589],[106.8564467731113,-6.270467178648421],[106.85597490916146,-6.270516662687702],[106.85523260711538,-6.269604036430161],[106.85487019038023,-6.269795346751116],[106.85499999944918,-6.270697571587382],[106.85651488765058,-6.271700044753621],[106.85675516297435,-6.272599654241868],[106.85548020583879,-6.272596946282556],[106.85445136698577,-6.271945907839689],[106.85359542577412,-6.2719580307128835],[106.8533592106318,-6.273296586907923],[106.85195740135998,-6.273191110853722],[106.85132575465914,-6.273599761180632],[106.85196615980836,-6.275073783874416],[106.85167562415988,-6.276230130678334],[106.85080718822398,-6.276726336765788],[106.84925188378104,-6.276610212314373],[106.84679028296696,-6.279109084405002],[106.84777465274134,-6.280017641042239],[106.85040455572657,-6.279644691423924],[106.84764886177588,-6.282824869640651],[106.84785823371237,-6.283452221231677],[106.8485323269061,-6.2833390975702565],[106.84883497538227,-6.283612590381863],[106.84769830083322,-6.2848644382847105],[106.84735260060219,-6.285715408786395],[106.84747491032529,-6.286674252805179],[106.848468003687,-6.288097262163007],[106.84937455542844,-6.288559887810851],[106.85027920686797,-6.287914728152354],[106.85119957605329,-6.288320638630168],[106.8509129007123,-6.289653387431945],[106.8493919601242,-6.290345832964772],[106.85021077808064,-6.292678765792263],[106.85110890637247,-6.2929890964105875],[106.85189040171866,-6.291084403949293],[106.8538599178645,-6.290243110671491],[106.8545201072468,-6.290451327618092],[106.8543419506613,-6.2915323152948295],[106.85262905357197,-6.293541315071322],[106.85233706029985,-6.294723997405394],[106.8537648483508,-6.2936801580969],[106.85457807201897,-6.294344329981946],[106.8546107485511,-6.293507039048915],[106.85513319025979,-6.2934515676563025],[106.85572241418761,-6.2944067645649575],[106.85501074572507,-6.277751657032758],[106.85985830339264,-6.267754063081179],[106.8574869744241,-6.267580576278672]]]}},{"type":"Feature","id":231,"properties":{"OBJECTID":231,"WADMKD":"Cililitan","WADMKC":"Kramatjati","WADMKK":"Kota Adm. Jakarta Timur","KDEPUM":"31.75.04.1006","KDCPUM":"31.75.04","KDPKAB":"31.75","LUASWH":176.78,"SRS_ID":"32748"},"geometry":{"type":"Polygon","coordinates":[[[106.87240646744063,-6.256749021584259],[106.87122178172797,-6.255710584277705],[106.87012597255945,-6.257577358424475],[106.86936470462848,-6.258169279315814],[106.86800344976957,-6.2579783996437195],[106.86802641811667,-6.256321560752938],[106.86363024709179,-6.255924010638762],[106.86382051476605,-6.258081588739218],[106.86034986389933,-6.258378039092553],[106.85916339597267,-6.262882792265503],[106.8568388414345,-6.262848443592037],[106.85532483312173,-6.261768263735995],[106.85466470642977,-6.261946004638632],[106.85429286110531,-6.262240384267551],[106.85455728179173,-6.262767611649502],[106.8571695885537,-6.263939732433919],[106.85686989617977,-6.264260757075375],[106.85432427978779,-6.2646493326453045],[106.85396036587079,-6.265176828004339],[106.85525626056842,-6.266071571068218],[106.85560336690297,-6.267548586220928],[106.8596680500329,-6.2676955772974265],[106.85913558375633,-6.269152136435548],[106.8594217586704,-6.269249616364783],[106.86380934065929,-6.268921405369564],[106.86438355384516,-6.26916193842472],[106.8649544490869,-6.26860592264676],[106.86583096543008,-6.2687860064249525],[106.86572452589962,-6.263244057383395],[106.8729854237469,-6.264760049573487],[106.87322009220813,-6.259425181244632],[106.87265529557824,-6.256769229091065],[106.87240646744063,-6.256749021584259]]]}},{"type":"Feature","id":232,"properties":{"OBJECTID":232,"WADMKD":"Cawang","WADMKC":"Kramatjati","WADMKK":"Kota Adm. Jakarta Timur","KDEPUM":"31.75.04.1007","KDCPUM":"31.75.04","KDPKAB":"31.75","LUASWH":189.16,"SRS_ID":"32748"},"geometry":{"type":"Polygon","coordinates":[[[106.87245803597952,-6.254077914450123],[106.87511761764799,-6.246361719608121],[106.87083333156606,-6.2453310314280825],[106.86569670765022,-6.243486832801501],[106.86272383972724,-6.243103240722853],[106.86251114711385,-6.243105136282792],[106.86199314897395,-6.246189431233692],[106.8640035759471,-6.249355596588435],[106.86216785131954,-6.250673312736762],[106.86282234507199,-6.2533758421715575],[106.86232568621799,-6.253852221064892],[106.86120028890183,-6.254034390437526],[106.86061999711438,-6.251415312597927],[106.86038113112647,-6.251048988869012],[106.85993070643397,-6.251025755587515],[106.85804017103537,-6.252420082404602],[106.8575234314514,-6.254205917174959],[106.85778739501276,-6.255307798568325],[106.85955626695197,-6.25434565241551],[106.86050315655362,-6.254708728789327],[106.86067912387905,-6.255572790351087],[106.8592840944079,-6.25681790118787],[106.86034245315477,-6.257030207397235],[106.86040837025394,-6.258110701977218],[106.86095767300716,-6.258264947234117],[106.8637517072615,-6.258115008159008],[106.86355700368722,-6.2559246240275455],[106.86474540435697,-6.255883091984707],[106.86792648086454,-6.256255925815625],[106.86800487290418,-6.257950180550584],[106.86966417506825,-6.25818741267884],[106.87122178172797,-6.255710584277705],[106.87263224940511,-6.2567364282843965],[106.87245803597952,-6.254077914450123]]]}},{"type":"Feature","id":233,"properties":{"OBJECTID":233,"WADMKD":"Gedong","WADMKC":"Pasar Rebo","WADMKK":"Kota Adm. Jakarta Timur","KDEPUM":"31.75.05.1001","KDCPUM":"31.75.05","KDPKAB":"31.75","LUASWH":245.47,"SRS_ID":"32748"},"geometry":{"type":"Polygon","coordinates":[[[106.85816368331406,-6.292235014295189],[106.85574354726738,-6.292818581878243],[106.8558452623215,-6.2943695224292675],[106.8552513089469,-6.293567424310332],[106.85452993802569,-6.293509184100578],[106.85427834306253,-6.296134391596159],[106.85176666404482,-6.295608498052554],[106.85043173971495,-6.295990457726156],[106.85039177098811,-6.296665586384821],[106.85213747976802,-6.297806712556445],[106.85212492394287,-6.299030858253861],[106.85160057221951,-6.29937172080657],[106.85011988378959,-6.298700446268273],[106.84961815686566,-6.299119744041455],[106.8498875425496,-6.29977509971126],[106.85158708583121,-6.301105152407565],[106.85198433744266,-6.300973283760368],[106.8524739306444,-6.299948123819145],[106.8547146778215,-6.29949566395181],[106.85504373620049,-6.301307585680113],[106.8544570973598,-6.302470039177708],[106.85465793521409,-6.303126973808478],[106.85848217127996,-6.305331718948828],[106.85853598729481,-6.305726137946284],[106.8574028460608,-6.3063982087027455],[106.85770911179276,-6.307860163965837],[106.85700533004554,-6.308924784630298],[106.85677175626854,-6.310223648406225],[106.85706290589624,-6.310608015378774],[106.85817915270576,-6.310649985568222],[106.85875775258246,-6.311822206090017],[106.85857153829241,-6.31316867695515],[106.85723740200484,-6.314303543152112],[106.85805425586665,-6.314585323284769],[106.8585788572128,-6.315505291175257],[106.8606412768042,-6.313242270159418],[106.86123324857148,-6.313168777436069],[106.86170627804589,-6.31186056217826],[106.86217393369436,-6.311456731068861],[106.8623722721857,-6.310244834865053],[106.8659979251557,-6.30412191228408],[106.8691597518433,-6.300184797196755],[106.8667303629739,-6.299135308266566],[106.86677203374641,-6.298259966068716],[106.86553183288036,-6.297941381949854],[106.86565853197362,-6.296522270057571],[106.86486780287547,-6.293944345032349],[106.86262455430241,-6.294058060331713],[106.86151987632361,-6.293694666067783],[106.86041423673265,-6.293990387810935],[106.85945073142025,-6.292375113671541],[106.85816368331406,-6.292235014295189]]]}},{"type":"Feature","id":234,"properties":{"OBJECTID":234,"WADMKD":"Baru","WADMKC":"Pasar Rebo","WADMKK":"Kota Adm. Jakarta Timur","KDEPUM":"31.75.05.1002","KDCPUM":"31.75.05","KDPKAB":"31.75","LUASWH":193.04,"SRS_ID":"32748"},"geometry":{"type":"Polygon","coordinates":[[[106.84857403913418,-6.3169689455700775],[106.84892889421744,-6.315470974571707],[106.84805498216564,-6.315069658361129],[106.8470873844221,-6.315745870568446],[106.84627481122153,-6.316931399226773],[106.84474408531489,-6.316470161801008],[106.84427141967195,-6.316637065617015],[106.84404260922085,-6.318096373555588],[106.8436855427651,-6.318445453824447],[106.84242908843105,-6.318000723637339],[106.84016561529089,-6.318462687901952],[106.83838664926401,-6.320595186776682],[106.83836012330741,-6.321240386113095],[106.83892615020136,-6.3216373511280946],[106.84093075244998,-6.321356941921066],[106.84087446269085,-6.321777556949949],[106.8400249359625,-6.322142593081558],[106.83999344632316,-6.322606966931594],[106.84149529279179,-6.32352777117354],[106.84318827858147,-6.326130628064677],[106.84314031124931,-6.3267724715859215],[106.84251119274332,-6.327597324975875],[106.84202115054839,-6.327576742041233],[106.84133065058803,-6.3266851864118605],[106.84021250403605,-6.329333887817365],[106.84179279722542,-6.330823682034727],[106.84318593460178,-6.331226793770432],[106.84365495841061,-6.331685243057369],[106.84517596679713,-6.3316385355939895],[106.84571763876387,-6.331387276898161],[106.84559998283552,-6.330482754977993],[106.84602567289686,-6.33024827120574],[106.84607167967832,-6.330737990408179],[106.84663699575856,-6.330781404851089],[106.84772113913574,-6.329800891199055],[106.85435529522994,-6.330043952975639],[106.85440473537855,-6.329806233931897],[106.85498479103958,-6.3298240226332725],[106.8559022477639,-6.326651050174571],[106.85559142472141,-6.326404882249445],[106.8546243280988,-6.326553506003581],[106.85443010233887,-6.325876903583351],[106.85502333621088,-6.3248707085550615],[106.85382685361769,-6.32441486889111],[106.85371677105033,-6.323918951312607],[106.85245317617559,-6.323502716560885],[106.85245599942623,-6.323192091581046],[106.85170364585697,-6.323092260025894],[106.85147236993075,-6.322157535193516],[106.8518311502241,-6.321901150220466],[106.85184210081175,-6.321284727411941],[106.85045573305206,-6.32008246362913],[106.84996165087982,-6.320386449076839],[106.84917411685512,-6.319547147788985],[106.84914448108934,-6.318843646928944],[106.84830727045183,-6.318376645440138],[106.84696423260472,-6.318181660958134],[106.84709062095251,-6.317604700113679],[106.84793139835155,-6.317621249411936],[106.84857403913418,-6.3169689455700775]]]}},{"type":"Feature","id":235,"properties":{"OBJECTID":235,"WADMKD":"Cijantung","WADMKC":"Pasar Rebo","WADMKK":"Kota Adm. Jakarta Timur","KDEPUM":"31.75.05.1003","KDCPUM":"31.75.05","KDPKAB":"31.75","LUASWH":256.01,"SRS_ID":"32748"},"geometry":{"type":"Polygon","coordinates":[[[106.85508491421972,-6.313869266318847],[106.85473613794623,-6.313532381124947],[106.85463642314184,-6.312350337262971],[106.85274263881487,-6.310933179138386],[106.85237615042065,-6.311078616406344],[106.85217539415233,-6.3126844483190565],[106.85126348636611,-6.3143691953911985],[106.85175179669251,-6.316114992867286],[106.84951950027293,-6.317490192548693],[106.84913679877923,-6.3194822326019775],[106.84996165087982,-6.320386449076839],[106.85038623580434,-6.320007578119572],[106.8518149072619,-6.321231060373044],[106.85184188011787,-6.321891919433765],[106.8514637883902,-6.322116821717127],[106.85170364585697,-6.323092260025894],[106.85361327306052,-6.323771819142733],[106.85382685361769,-6.32441486889111],[106.85500607971969,-6.324818029868485],[106.85444913826039,-6.325865482154528],[106.8546243280988,-6.326553506003581],[106.85576369386916,-6.326511502394432],[106.8553504346254,-6.328207407804923],[106.85676893000819,-6.3284645549737695],[106.85673512243174,-6.329559325673337],[106.85822225816447,-6.330014732682554],[106.85893336194485,-6.329639744751491],[106.86043285990357,-6.329843554444129],[106.86120537110654,-6.329173906746596],[106.8618533325878,-6.32984224757687],[106.86218175856143,-6.330949754106383],[106.86182960719766,-6.331700478559538],[106.86196232355654,-6.332373879439625],[106.86244293894968,-6.332730883444854],[106.8637863527088,-6.333163374962591],[106.86431784587535,-6.332795016391927],[106.8646988663466,-6.333055263425332],[106.86729776725464,-6.332727416903142],[106.86650953408059,-6.330381594884292],[106.86443122624001,-6.328296468427441],[106.86360937244619,-6.326822599614636],[106.86492583570654,-6.3205509178973935],[106.86409668513605,-6.31751448516626],[106.86274188579277,-6.314265330906486],[106.86224549957677,-6.311451806991123],[106.86176567418019,-6.311755091087225],[106.86129934299072,-6.313088419635039],[106.86078754869844,-6.31320489495705],[106.8585788572128,-6.315505291175257],[106.85808348325226,-6.31459152180004],[106.8572367718565,-6.31437900885927],[106.85867724012682,-6.312927356096606],[106.85880044799022,-6.312015211692016],[106.85836278264492,-6.311018890691207],[106.85788941485978,-6.311809088291033],[106.85559553137249,-6.3137506275681385],[106.85508491421972,-6.313869266318847]]]}},{"type":"Feature","id":236,"properties":{"OBJECTID":236,"WADMKD":"Kalisari","WADMKC":"Pasar Rebo","WADMKK":"Kota Adm. Jakarta Timur","KDEPUM":"31.75.05.1004","KDCPUM":"31.75.05","KDPKAB":"31.75","LUASWH":255.13,"SRS_ID":"32748"},"geometry":{"type":"Polygon","coordinates":[[[106.85773119924464,-6.329835481021618],[106.85683805196756,-6.329603594802396],[106.85691376241513,-6.3285099220671395],[106.85541180179113,-6.328216255440698],[106.8549307039158,-6.3300415955946665],[106.85443230285138,-6.329780809173248],[106.85435845702813,-6.330012489726657],[106.84743522565495,-6.329802919417054],[106.84674444564313,-6.330704143772485],[106.84611767820299,-6.3307903277761595],[106.84607689683082,-6.330411119019229],[106.84557351670828,-6.330429896027494],[106.84571763876387,-6.331387276898161],[106.84517596679713,-6.3316385355939895],[106.84346387842828,-6.331675995817975],[106.84184201394834,-6.332275582250256],[106.84018227871648,-6.3321536397542095],[106.83975802559864,-6.33534529943284],[106.84011683584274,-6.335898182661622],[106.84148000043548,-6.335951944067924],[106.84177046743788,-6.336713194392335],[106.84359517001484,-6.336767117880806],[106.84375295408842,-6.337033390207836],[106.84901241741069,-6.336942895385954],[106.8489767685708,-6.337696586685611],[106.84798027761308,-6.338017500047967],[106.84944417478363,-6.338523238858223],[106.84934676957312,-6.339370444000146],[106.8506652643895,-6.340998452625577],[106.85165667467702,-6.341421929682229],[106.85200678326215,-6.3427890959681985],[106.85391521541615,-6.342889923098064],[106.85415445923213,-6.343597172569549],[106.85499897339905,-6.343483204446664],[106.85541762284757,-6.3438843878752245],[106.85631112297762,-6.344047623972596],[106.85798812657124,-6.343863720298232],[106.857892613359,-6.342362511733564],[106.85748226628453,-6.341777532400614],[106.85820557193273,-6.341523413123164],[106.8583585993656,-6.340455308107751],[106.85929693708749,-6.340840215448163],[106.8604030824294,-6.3386345760659815],[106.8618210265871,-6.339001167061755],[106.86229965841372,-6.334996307014114],[106.86269708498422,-6.334811110623132],[106.86271548396856,-6.334228509858509],[106.86243111343578,-6.332523953859263],[106.8619826615951,-6.332464568840399],[106.8618469112769,-6.33177547374816],[106.86219393103354,-6.33081000274083],[106.86127034670592,-6.329224149957509],[106.86049772343343,-6.329879893188153],[106.85992658689999,-6.329560838571576],[106.85967402442385,-6.329865542185122],[106.85902193194951,-6.3295728123539705],[106.85824610708552,-6.330026559552386],[106.85773119924464,-6.329835481021618]]]}},{"type":"Feature","id":237,"properties":{"OBJECTID":237,"WADMKD":"Pekayon","WADMKC":"Pasar Rebo","WADMKK":"Kota Adm. Jakarta Timur","KDEPUM":"31.75.05.1005","KDCPUM":"31.75.05","KDPKAB":"31.75","LUASWH":298.46,"SRS_ID":"32748"},"geometry":{"type":"Polygon","coordinates":[[[106.86733240470997,-6.332747576860557],[106.8647894243999,-6.333054937127284],[106.86420461011643,-6.332866432421848],[106.86366425597501,-6.333183108027458],[106.86339855738363,-6.332836841043363],[106.86250582958442,-6.332807375904041],[106.86272087663609,-6.3346821655694985],[106.86230971293122,-6.334898291647008],[106.86178101616464,-6.339201658969786],[106.8604030824294,-6.3386345760659815],[106.85929693708749,-6.340840215448163],[106.85830313744239,-6.340559537005504],[106.85821660442366,-6.341495681160839],[106.85745669895282,-6.341640553432927],[106.85808915223284,-6.343731599348209],[106.8557667350624,-6.344017087083214],[106.85466100411848,-6.343463402676871],[106.85482480917354,-6.344503827739773],[106.85398345717127,-6.345258005375742],[106.85440720418651,-6.346742074979185],[106.85599562141543,-6.347516017845736],[106.85650837256087,-6.347478295639814],[106.85674006210188,-6.347075567605537],[106.85780531501094,-6.348083666333072],[106.85753777793363,-6.350180278424772],[106.85715789686081,-6.350576314587719],[106.85827517234199,-6.350809784547906],[106.8582974439357,-6.350295920552334],[106.85913314557641,-6.350300096568714],[106.8591159998436,-6.3509920003278495],[106.85959757526548,-6.351787597734344],[106.8601319439349,-6.351888888759449],[106.86061616769697,-6.352781500407934],[106.86126585431197,-6.352808684121515],[106.86212777815797,-6.3540788893893145],[106.8606917373109,-6.354922236288691],[106.86056104714547,-6.355408377852052],[106.86223068713286,-6.357182581777884],[106.86276388880229,-6.356273610865157],[106.86604083287494,-6.356053888618617],[106.86784772775916,-6.354461900955861],[106.86780482008076,-6.353780532588657],[106.86836565933525,-6.353013766386661],[106.8690329739646,-6.353635207866015],[106.86976656125886,-6.351624390070797],[106.8684904694128,-6.351062660172014],[106.86883268017965,-6.350048359595196],[106.86936518483296,-6.3498251773238605],[106.86870763889512,-6.348592253409594],[106.86977213317218,-6.3481502611247205],[106.86960749340699,-6.347149856942637],[106.8704184505582,-6.346966522116822],[106.87014757138408,-6.346455202547526],[106.87135340255175,-6.34568693242778],[106.87170250555891,-6.3459062980751515],[106.87328448278673,-6.343844389760185],[106.87307634602902,-6.343503292919142],[106.87251941095262,-6.343692164966269],[106.87216985955686,-6.3434415258200865],[106.87250454929742,-6.342021905598265],[106.87213460243765,-6.341823744996046],[106.87191369303132,-6.341029350724805],[106.87140879422974,-6.340797760322157],[106.8717232116166,-6.340425746868439],[106.87235811314986,-6.340435520716562],[106.87206490229683,-6.339736664653146],[106.87272295355973,-6.339681046424896],[106.87267246738104,-6.339480070760896],[106.87124370633832,-6.338424902295875],[106.8681771039096,-6.337694645849612],[106.86733240470997,-6.332747576860557]]]}},{"type":"Feature","id":238,"properties":{"OBJECTID":238,"WADMKD":"Jatinegara","WADMKC":"Cakung","WADMKK":"Kota Adm. Jakarta Timur","KDEPUM":"31.75.06.1001","KDCPUM":"31.75.06","KDPKAB":"31.75","LUASWH":649.59,"SRS_ID":"32748"},"geometry":{"type":"Polygon","coordinates":[[[106.9099292973378,-6.192477110615487],[106.90902537035345,-6.192465865277802],[106.90903603056852,-6.191321291682296],[106.90756121696123,-6.1910718270934595],[106.90630921696844,-6.190432032548231],[106.90612115999625,-6.1907458103479245],[106.90468992540843,-6.201797816651648],[106.90236558375157,-6.206992595338281],[106.90084840904102,-6.213304925377354],[106.90703419517155,-6.213593356558795],[106.9247383002024,-6.215770808304994],[106.9247004079048,-6.21126572034811],[106.92595399385783,-6.208550279584867],[106.927743755655,-6.206803628565718],[106.92798487900502,-6.201958112555361],[106.92852164529249,-6.201183291218455],[106.93092243313875,-6.199691005577964],[106.93235445357121,-6.199590335139456],[106.93277650502837,-6.1991354578955935],[106.93309840390761,-6.196766385562274],[106.93221185691144,-6.195485686733468],[106.93231830718135,-6.194088319884769],[106.92796253725403,-6.193935879105224],[106.92738877922174,-6.194291662390503],[106.92708559936789,-6.195350122649264],[106.92657048270337,-6.195776626417265],[106.92595362222151,-6.195050421629802],[106.92484399675777,-6.194512287067537],[106.9228505562214,-6.194345379089031],[106.92259383544092,-6.194657512230084],[106.92139201055542,-6.194765833891007],[106.92146088568161,-6.1936492136464],[106.92090003057271,-6.192717462067689],[106.91081792023509,-6.192767041001862],[106.91081930418922,-6.192499964753375],[106.9099292973378,-6.192477110615487]]]}},{"type":"Feature","id":239,"properties":{"OBJECTID":239,"WADMKD":"Rawa Terate","WADMKC":"Cakung","WADMKK":"Kota Adm. Jakarta Timur","KDEPUM":"31.75.06.1002","KDCPUM":"31.75.06","KDPKAB":"31.75","LUASWH":415.57,"SRS_ID":"32748"},"geometry":{"type":"Polygon","coordinates":[[[106.92388763265663,-6.168692105020179],[106.9235044692429,-6.168187090390117],[106.92416852759881,-6.1664578313037595],[106.92417842939302,-6.165790618281356],[106.92369166583649,-6.16521510291558],[106.92375668902841,-6.163460570615294],[106.92212266840725,-6.162318954435301],[106.92183146625926,-6.162687039771124],[106.92108684402278,-6.1675222818829365],[106.92026482214312,-6.1698894807189895],[106.92118051479993,-6.1759469561464755],[106.92187991426175,-6.178100385364068],[106.92194383996653,-6.179918203650482],[106.92163899235591,-6.180502544588741],[106.92246078802462,-6.1830787830633245],[106.91365384018867,-6.182428159667103],[106.91215176734951,-6.1827254545590185],[106.91023976877526,-6.182315035025027],[106.90653243455527,-6.185731688256887],[106.90579974910248,-6.1867532649200765],[106.90647063589482,-6.1891464332847335],[106.90621656589808,-6.190399262299677],[106.90892323664863,-6.191290022096066],[106.90902537035345,-6.192465865277802],[106.91080345630252,-6.1924743119613295],[106.9110452208343,-6.1927673162619925],[106.92098607457672,-6.1927129806861245],[106.9214776071534,-6.193813111706232],[106.92135499989674,-6.194759998938734],[106.92257358875337,-6.194743569708336],[106.92266957540456,-6.194302377710727],[106.92506113422581,-6.194528397044825],[106.926446698007,-6.195665219877121],[106.92705930301406,-6.195393277042913],[106.9273857258276,-6.1942996704486255],[106.92790820161161,-6.193980730288529],[106.93226710278009,-6.193996185847053],[106.93248115005706,-6.192872627669125],[106.93181693835656,-6.190155683084825],[106.9307233635921,-6.189025564112785],[106.92931807929065,-6.186764174616169],[106.92881229920442,-6.183681260205686],[106.92723019680632,-6.1837372012607545],[106.92701297362626,-6.184119951278286],[106.9263033976014,-6.183713451413093],[106.9263959391921,-6.182717018914243],[106.92776558689783,-6.180274866364093],[106.92776633540241,-6.178308064243106],[106.92751091163322,-6.177248537339593],[106.92706647020258,-6.177361584733416],[106.92665856676469,-6.176579392097271],[106.92681079886488,-6.175704868131884],[106.92625184690891,-6.173410469241846],[106.92678659026134,-6.172599898107022],[106.92606481789375,-6.17201011430792],[106.92528310594126,-6.17184006122635],[106.92599538194054,-6.170699436714237],[106.92535255082475,-6.170222433243141],[106.92588843292599,-6.169769275819299],[106.92565944108061,-6.168712996796301],[106.92388763265663,-6.168692105020179]]]}},{"type":"Feature","id":240,"properties":{"OBJECTID":240,"WADMKD":"Penggilingan","WADMKC":"Cakung","WADMKK":"Kota Adm. Jakarta Timur","KDEPUM":"31.75.06.1003","KDCPUM":"31.75.06","KDPKAB":"31.75","LUASWH":443.02,"SRS_ID":"32748"},"geometry":{"type":"Polygon","coordinates":[[[106.93594247039006,-6.186361109747169],[106.93415114704733,-6.186405910114485],[106.93416607191017,-6.1879228788864165],[106.93375543135242,-6.188493707614011],[106.93291576023314,-6.188154386262182],[106.9318442246155,-6.188187522066626],[106.9297333561087,-6.187268109280306],[106.93067612404772,-6.1889726640381895],[106.93179226517474,-6.19010464127907],[106.9321040452948,-6.191019942296194],[106.93247894415708,-6.192855301920887],[106.9321976571866,-6.195424634439766],[106.93308284543345,-6.19667410910578],[106.93305164392505,-6.198076781340564],[106.93243212597287,-6.199561526939264],[106.93092243313875,-6.199691005577964],[106.92852164529249,-6.201183291218455],[106.92798487900502,-6.201958112555361],[106.92780377207605,-6.206635019121499],[106.9259046251273,-6.208623541304103],[106.92468452978379,-6.2113683961125625],[106.92490590892521,-6.212223377437407],[106.92475329544777,-6.215690230691815],[106.9422216164236,-6.217898170548817],[106.942638657028,-6.215484096894119],[106.94216717857614,-6.2151844466063935],[106.94236623258061,-6.214099515425822],[106.94179885909578,-6.213974277607271],[106.9421776638401,-6.211954029452233],[106.94189805916913,-6.211594707829977],[106.942181541561,-6.210448174304763],[106.94328523059565,-6.210580984141438],[106.94371629725374,-6.208836181367075],[106.94349654585592,-6.207569300240396],[106.94268936681752,-6.207335147996037],[106.94292047724242,-6.20660178664849],[106.94201057577574,-6.206344493821526],[106.94205158594362,-6.206109447240325],[106.94028227170585,-6.205842564871537],[106.94021543527424,-6.205516669213474],[106.94079908844101,-6.200671545410263],[106.94015739561947,-6.199790004173258],[106.9401547238415,-6.1988588744200515],[106.94116033629068,-6.198747560971341],[106.94135982272448,-6.198082994785375],[106.94176630504354,-6.197990770744211],[106.9417507598959,-6.193905202594253],[106.93909377840897,-6.192805451739478],[106.93928100859239,-6.192224318430796],[106.93880214982899,-6.190272076627319],[106.93784782004953,-6.187895692746111],[106.9372268161565,-6.186905424340964],[106.93594247039006,-6.186361109747169]]]}},{"type":"Feature","id":241,"properties":{"OBJECTID":241,"WADMKD":"Cakung Timur","WADMKC":"Cakung","WADMKK":"Kota Adm. Jakarta Timur","KDEPUM":"31.75.06.1004","KDCPUM":"31.75.06","KDPKAB":"31.75","LUASWH":891.61,"SRS_ID":"32748"},"geometry":{"type":"Polygon","coordinates":[[[106.97152195361468,-6.154260786132896],[106.97066255756285,-6.154262831355055],[106.97085449374364,-6.157323948754514],[106.96918827477009,-6.157220035154318],[106.96913982406487,-6.155721214671556],[106.96793432022723,-6.155833239773618],[106.96751145143035,-6.155207519271853],[106.96336636374014,-6.15632088001181],[106.96097667669304,-6.155874289263812],[106.96098352703017,-6.158181503169535],[106.959926393435,-6.158496286908432],[106.95992140507401,-6.158765418805628],[106.9586468865528,-6.158883386856914],[106.95860835604935,-6.159376583086559],[106.95687174639725,-6.158328055440039],[106.95427096885734,-6.157656027189251],[106.95311298041463,-6.158441919733633],[106.95264633830719,-6.1600041800959335],[106.95322896283265,-6.160305145674665],[106.95315172890913,-6.1606683301111245],[106.952699802949,-6.1618774296581496],[106.952042529111,-6.161619119261241],[106.95169615337248,-6.163290750564045],[106.94445918108438,-6.162936611206372],[106.94470424603391,-6.157977113186203],[106.94433113194486,-6.155017813413412],[106.94048345675132,-6.155226052615237],[106.94080077556856,-6.161299484278198],[106.94257308757106,-6.1722903079157945],[106.94308289828128,-6.1887435324493465],[106.94333535791463,-6.192767387980947],[106.94386841688349,-6.193271767683071],[106.94860559584278,-6.193727818083894],[106.94889024164436,-6.19162832137065],[106.94820951269186,-6.191514204392596],[106.94815585527073,-6.190817692131089],[106.94854654670425,-6.185242588797254],[106.95790051011218,-6.187055612259194],[106.95832542531451,-6.185154564943166],[106.9588731520333,-6.185231779269123],[106.95970267361714,-6.1824143514161145],[106.96130247722658,-6.179883780432881],[106.96357434289288,-6.173833349219451],[106.96353483827559,-6.173153899960238],[106.96462042819057,-6.173133802119087],[106.96508413302217,-6.173671426426298],[106.96681774204394,-6.173566220333935],[106.96741023118673,-6.173907402557147],[106.96732476357889,-6.173485478558637],[106.96759653954946,-6.1734396908538836],[106.97274693075084,-6.173712306366126],[106.97302500010548,-6.173217000016806],[106.97253900026159,-6.172929999866766],[106.97201800140952,-6.1707369996141335],[106.97262499998853,-6.169387999231455],[106.97158100037112,-6.168940999358555],[106.97205899988248,-6.1679809996385995],[106.97161399987189,-6.167772000028189],[106.97179000025137,-6.1670990002782675],[106.97153756467581,-6.1669683284460595],[106.97214400060939,-6.165402000422019],[106.97175299986449,-6.165344000220196],[106.97203899959098,-6.1621820004264425],[106.9718320006875,-6.162155000308476],[106.97178899987034,-6.16045199969911],[106.97148500143362,-6.160467999776237],[106.97152195361468,-6.154260786132896]]]}},{"type":"Feature","id":242,"properties":{"OBJECTID":242,"WADMKD":"Pulo Gebang","WADMKC":"Cakung","WADMKK":"Kota Adm. Jakarta Timur","KDEPUM":"31.75.06.1005","KDCPUM":"31.75.06","KDPKAB":"31.75","LUASWH":661.22,"SRS_ID":"32748"},"geometry":{"type":"Polygon","coordinates":[[[106.96688489732705,-6.194447769910242],[106.96707672175526,-6.1928036814250325],[106.9657475342712,-6.1920981512503825],[106.96479404293477,-6.192491353170398],[106.96292319735649,-6.194214598117826],[106.96189211271734,-6.19581380795808],[106.96103479144222,-6.196091413010446],[106.9583741508439,-6.195230418975842],[106.95707914940326,-6.195443871214187],[106.95603120206374,-6.194595916824157],[106.95309388664019,-6.193529706019696],[106.94961223786169,-6.193847786970847],[106.94444226954859,-6.193442776937711],[106.94306642770182,-6.192560447570863],[106.94064472237152,-6.193381171974916],[106.94165595755219,-6.193760652568789],[106.94174902533986,-6.194076728571267],[106.94173053771611,-6.197883733430281],[106.94118819730119,-6.198723763883597],[106.94015511575259,-6.19907979542404],[106.94015830743503,-6.200013235993729],[106.9405815150831,-6.20014420158442],[106.94079903242908,-6.200791594927995],[106.94015857218268,-6.205798984179888],[106.94205776737371,-6.206011086761787],[106.9420120181031,-6.2063362330623075],[106.94290396214066,-6.206444384083228],[106.9427463486316,-6.207152449781228],[106.94345445427355,-6.207511162080929],[106.94350293982599,-6.2087094018518565],[106.94372373288574,-6.2087414554128895],[106.94326620456816,-6.210646580564804],[106.94231079208588,-6.21048090607971],[106.94189805916913,-6.211594707829977],[106.9421776638401,-6.211954029452233],[106.94180144587173,-6.213953398438722],[106.94241340316471,-6.214162608405735],[106.94213576196262,-6.215091268313403],[106.94264701242638,-6.215327612923686],[106.9423967373798,-6.217865806907806],[106.95378991979952,-6.219205569126339],[106.9536744280849,-6.218058236799256],[106.95423003243857,-6.2174847862272085],[106.95498432243488,-6.217412211792509],[106.95703541765812,-6.218149845391773],[106.95761124558402,-6.217767940866269],[106.95823823386694,-6.216578210799731],[106.9590124744418,-6.212445483407246],[106.96029666937686,-6.212287725067217],[106.96032079638012,-6.21177804618506],[106.96119471938857,-6.211709891738063],[106.96282073385517,-6.212170664789081],[106.96297896832242,-6.211115372548543],[106.96504672007863,-6.208004227418691],[106.96621535204667,-6.206971097186126],[106.96632861428246,-6.206279150939504],[106.96586319142274,-6.205843232823143],[106.96631433714819,-6.205291198250351],[106.96572327906193,-6.204973303010783],[106.96651230959066,-6.2031287437985805],[106.96624009842107,-6.2028841353455215],[106.96644760142296,-6.202308737960668],[106.96611685738489,-6.201199670931042],[106.9675638003918,-6.19864553726914],[106.96711143290285,-6.198555202398849],[106.9675156538804,-6.1978175675553375],[106.96656150243487,-6.197363173552124],[106.96635755059428,-6.1951077306252555],[106.96688489732705,-6.194447769910242]]]}},{"type":"Feature","id":243,"properties":{"OBJECTID":243,"WADMKD":"Ujung Menteng","WADMKC":"Cakung","WADMKK":"Kota Adm. Jakarta Timur","KDEPUM":"31.75.06.1006","KDCPUM":"31.75.06","KDPKAB":"31.75","LUASWH":437.73,"SRS_ID":"32748"},"geometry":{"type":"Polygon","coordinates":[[[106.96487832238374,-6.173591516011143],[106.96474624995241,-6.173137770422604],[106.96362067505041,-6.173152315687588],[106.96133216412112,-6.17981960422103],[106.95970267361714,-6.1824143514161145],[106.95892936216278,-6.185175810318356],[106.95827708159237,-6.185356756710095],[106.95790051011218,-6.187055612259194],[106.94854654670425,-6.185242588797254],[106.94808137285948,-6.191497700160037],[106.94894273864365,-6.191596438550273],[106.94866621955589,-6.193730284197665],[106.95315244578147,-6.193540733899907],[106.95593069783396,-6.194547554296052],[106.95707914940326,-6.195443871214187],[106.9583741508439,-6.195230418975842],[106.96110759889531,-6.1960901284194225],[106.96195259383715,-6.195765983097394],[106.96282097396097,-6.194313212721019],[106.9647190199113,-6.192534360712748],[106.96594695688029,-6.192118940827245],[106.9669283997051,-6.192672458572947],[106.96688754464721,-6.1944122506011405],[106.96635200908115,-6.195232643793424],[106.96653334269688,-6.197340030849312],[106.9675156538804,-6.1978175675553375],[106.96711143290285,-6.198555202398849],[106.96870550096104,-6.19860502699819],[106.9697595129589,-6.197939250110012],[106.97047277575398,-6.197900157582481],[106.97005303907824,-6.195417429675651],[106.97040353361497,-6.19526291871599],[106.97063703505815,-6.192121590763434],[106.97125859566519,-6.192618659177489],[106.97140629706875,-6.192461158723917],[106.971990943231,-6.191553319331226],[106.97220075207932,-6.189929693048152],[106.97198897942181,-6.1896051308898645],[106.9730040593306,-6.189441712876365],[106.9732106557248,-6.18558329644192],[106.97247200134571,-6.185359999234982],[106.97319900011628,-6.182832999903723],[106.9731324024308,-6.179863202010612],[106.97339100020609,-6.179230998727718],[106.97290846524199,-6.179037598289426],[106.97317000110384,-6.177332000331388],[106.97281399955088,-6.173725998920238],[106.96743738799886,-6.173437048034238],[106.96755153618274,-6.173867235209371],[106.9672591929749,-6.173890926804869],[106.96487832238374,-6.173591516011143]]]}},{"type":"Feature","id":244,"properties":{"OBJECTID":244,"WADMKD":"Cakung Barat","WADMKC":"Cakung","WADMKK":"Kota Adm. Jakarta Timur","KDEPUM":"31.75.06.1007","KDCPUM":"31.75.06","KDPKAB":"31.75","LUASWH":613.0600000000001,"SRS_ID":"32748"},"geometry":{"type":"Polygon","coordinates":[[[106.94052328420842,-6.1582640280140035],[106.94015736717502,-6.151368204119249],[106.93890160543413,-6.1524780405489565],[106.93572803392091,-6.158486565259794],[106.93340247641677,-6.1583513853261165],[106.93312861877561,-6.159027325440978],[106.92975782721575,-6.159618121047901],[106.92848859577151,-6.160118972426171],[106.92861273380474,-6.160386893346371],[106.92197746415117,-6.1613436627347475],[106.92206617443962,-6.162236026443491],[106.92374534456931,-6.1633963834114205],[106.92366661180726,-6.165106304144873],[106.92419216039116,-6.165936389570301],[106.92418519428116,-6.166595993716452],[106.92350898012447,-6.168354301089894],[106.92380632010611,-6.16867607659261],[106.9256130647258,-6.1686451870156045],[106.92590770209544,-6.169684276343115],[106.92537586442013,-6.170141669418463],[106.92597113590944,-6.1708351565615205],[106.92528466659351,-6.171804680820528],[106.92678659026134,-6.172599898107022],[106.92625176878273,-6.173542337757215],[106.92679748465903,-6.175837229366879],[106.92667350192252,-6.176505563346471],[106.92706647020258,-6.177361584733416],[106.92765903421534,-6.177425268202564],[106.9279254793788,-6.179058148566429],[106.92747595333962,-6.1811628483901515],[106.9263457162249,-6.182825945317495],[106.9263163597017,-6.183772392127713],[106.92710526271932,-6.184120410325205],[106.92724770041379,-6.183737285137462],[106.92864117503865,-6.183619114578629],[106.92939767292509,-6.186886325183894],[106.93170848940743,-6.188129570011483],[106.9338180329652,-6.188443404033981],[106.93414119534086,-6.188093609319013],[106.93419395675416,-6.186347147390152],[106.93559202125664,-6.1862846420507465],[106.93714834241882,-6.186857994919833],[106.9387175833594,-6.189986484008193],[106.93928474297621,-6.192288353276126],[106.9391106739382,-6.1928836864520616],[106.94064472237152,-6.193381171974916],[106.94293687439293,-6.192554548943397],[106.94333535791463,-6.192767387980947],[106.94255450806013,-6.17209198575563],[106.94052328420842,-6.1582640280140035]]]}},{"type":"Feature","id":245,"properties":{"OBJECTID":245,"WADMKD":"Duren Sawit","WADMKC":"Duren Sawit","WADMKK":"Kota Adm. Jakarta Timur","KDEPUM":"31.75.07.1001","KDCPUM":"31.75.07","KDPKAB":"31.75","LUASWH":463.72,"SRS_ID":"32748"},"geometry":{"type":"Polygon","coordinates":[[[106.92417020479951,-6.220433916229927],[106.91846107200548,-6.220662080850737],[106.91673238135607,-6.220898384158112],[106.91645481357608,-6.221201154724219],[106.91567847085601,-6.220911862129519],[106.91236764640745,-6.225077389827745],[106.91007832675109,-6.224019155558208],[106.90889083507257,-6.22408437305797],[106.90750138069298,-6.222992526386381],[106.90471912873565,-6.222795320848494],[106.90470445977633,-6.225074282278016],[106.90344835818378,-6.2275181386704554],[106.9049889192307,-6.228078340646389],[106.9049024869757,-6.230355292122452],[106.9051367485958,-6.230504054564154],[106.90869500865283,-6.230550189736474],[106.90879330143181,-6.231837596658225],[106.90911002858556,-6.232000628297262],[106.90840688263836,-6.233226110640673],[106.9100514531045,-6.233415788002272],[106.90988525715387,-6.239164509976281],[106.91042865457061,-6.23917699515627],[106.91059558219317,-6.240496287860106],[106.91093602455004,-6.240598535439007],[106.91078730393727,-6.242140642311895],[106.90972906904547,-6.24537648984822],[106.91008856334152,-6.246477649945102],[106.9098272918783,-6.247316135704994],[106.91034417941353,-6.247627958992502],[106.91436568905462,-6.248377811409785],[106.92101717285959,-6.247706005569375],[106.92007261165759,-6.244927069278468],[106.92045442365907,-6.243727232621824],[106.92131456782649,-6.2428923386704085],[106.92170985064968,-6.241668988431016],[106.9223236983648,-6.241039222178713],[106.92220320990718,-6.23986676778413],[106.92378544715737,-6.2344550305981175],[106.92321667995517,-6.229662610605486],[106.92465324056515,-6.225946283567038],[106.92417020479951,-6.220433916229927]]]}},{"type":"Feature","id":246,"properties":{"OBJECTID":246,"WADMKD":"Pondok Bambu","WADMKC":"Duren Sawit","WADMKK":"Kota Adm. Jakarta Timur","KDEPUM":"31.75.07.1002","KDCPUM":"31.75.07","KDPKAB":"31.75","LUASWH":404.76,"SRS_ID":"32748"},"geometry":{"type":"Polygon","coordinates":[[[106.89809728042579,-6.22309029511236],[106.89368689143075,-6.223180721863378],[106.89342743586208,-6.22512153693778],[106.89279951609913,-6.226501289656124],[106.89193029178364,-6.226772846774721],[106.89143775008912,-6.227296673785907],[106.89130864843017,-6.22793744220122],[106.89163241295267,-6.228522516656513],[106.8907518503541,-6.2288216492376565],[106.8900128203639,-6.229709615895836],[106.89002042257022,-6.231112092436286],[106.8914900367999,-6.232572418127364],[106.89207436671101,-6.234649811260836],[106.89184461791102,-6.235064382045287],[106.89200880792129,-6.235714572243789],[106.89262099884726,-6.235172398345673],[106.89293571984435,-6.235475299115609],[106.89294192169056,-6.236457054167169],[106.89220339060248,-6.237224525720337],[106.89280603625592,-6.238020502959342],[106.89216841138382,-6.239348180605876],[106.89436685978326,-6.240177338845661],[106.8993661006409,-6.244092023942753],[106.90637241704577,-6.246606720306384],[106.90978070756822,-6.247477089893526],[106.9100792779399,-6.246572330678843],[106.90974594899386,-6.245282675722098],[106.91078730393727,-6.242140642311895],[106.91093109905361,-6.240704840068658],[106.91059494297458,-6.240303676197826],[106.91060357131957,-6.239181014152375],[106.90988797756957,-6.238973897731614],[106.91010909755116,-6.233498923644679],[106.9084131715792,-6.233324503440077],[106.9084347106582,-6.232825386717866],[106.9090808506993,-6.232195098549261],[106.90874581220064,-6.231904299959036],[106.90875038328006,-6.230735911182238],[106.90843267393552,-6.230548594033555],[106.90495811744317,-6.230503332809679],[106.90494432491757,-6.228260206182428],[106.90336721158944,-6.227305891254757],[106.90479324583103,-6.224921934590529],[106.9046015827933,-6.223362345331969],[106.9022869257025,-6.224306550095895],[106.89976628730031,-6.224432174349289],[106.89913622044699,-6.224402591559301],[106.899153285373,-6.2232554563089595],[106.89809728042579,-6.22309029511236]]]}},{"type":"Feature","id":247,"properties":{"OBJECTID":247,"WADMKD":"Klender","WADMKC":"Duren Sawit","WADMKK":"Kota Adm. Jakarta Timur","KDEPUM":"31.75.07.1003","KDCPUM":"31.75.07","KDPKAB":"31.75","LUASWH":304.76,"SRS_ID":"32748"},"geometry":{"type":"Polygon","coordinates":[[[106.89904277832348,-6.213277708561729],[106.8957565193517,-6.21319910619881],[106.89611913111193,-6.216264236040828],[106.89588674155507,-6.216892939259383],[106.8952883884056,-6.2170155781122665],[106.89502891696662,-6.218189720390111],[106.89593493704491,-6.218948148555575],[106.89614177689323,-6.219833413361098],[106.89560020534029,-6.221407019267991],[106.89398580928022,-6.222259870155507],[106.89358965981293,-6.222781638269093],[106.89368689143075,-6.223180721863378],[106.899153285373,-6.2232554563089595],[106.89905809175018,-6.224398501143059],[106.9000449840792,-6.224434527407449],[106.90297195694318,-6.224093079627185],[106.90451024244423,-6.223406277571462],[106.90466428166317,-6.222783076019699],[106.90762374080568,-6.223014559216095],[106.9087418290488,-6.224028695689816],[106.91015041155835,-6.224031972976965],[106.91227450525153,-6.225073852192668],[106.91558667543478,-6.220959846220039],[106.91630087588933,-6.221267304123479],[106.91673238135607,-6.220898384158112],[106.91811169593224,-6.220701631368924],[106.92416020958144,-6.220373746169882],[106.92472338203892,-6.219224896577006],[106.924728080008,-6.2159530968457535],[106.92405884281176,-6.21568885493876],[106.90588914292988,-6.213475726330743],[106.89904277832348,-6.213277708561729]]]}},{"type":"Feature","id":248,"properties":{"OBJECTID":248,"WADMKD":"Pondok Kelapa","WADMKC":"Duren Sawit","WADMKK":"Kota Adm. Jakarta Timur","KDEPUM":"31.75.07.1004","KDCPUM":"31.75.07","KDPKAB":"31.75","LUASWH":565.26,"SRS_ID":"32748"},"geometry":{"type":"Polygon","coordinates":[[[106.92704079788992,-6.231325037268341],[106.9262509000012,-6.2308463276084725],[106.9263242308957,-6.228553951727543],[106.92588154219057,-6.228443096218028],[106.92508906725266,-6.226980038148147],[106.92449473068575,-6.2267015511015815],[106.92322909436844,-6.229490835222086],[106.92381869478409,-6.234234018420317],[106.92218512700138,-6.239932845672598],[106.92236985231611,-6.240870402965784],[106.92008733717556,-6.244741673607366],[106.9210110120316,-6.247670392022472],[106.92099800757178,-6.25074028778524],[106.9217422122355,-6.251493350796653],[106.92151053037904,-6.251719848107455],[106.92184078960923,-6.252680523137292],[106.92161930755348,-6.253119131409469],[106.92223511140602,-6.254980838567963],[106.92525944422226,-6.254318749691703],[106.92558509822744,-6.254757354362238],[106.92566718999663,-6.254394486295668],[106.92681095641181,-6.254515283839493],[106.92721083283018,-6.25409486025673],[106.93095761718766,-6.254275415548721],[106.93115392295032,-6.253604407620646],[106.93470947957834,-6.253664957166135],[106.9347840491197,-6.253341855058746],[106.93576498101146,-6.253504847356709],[106.93608422836711,-6.253162759717937],[106.94074142499362,-6.253574398112805],[106.94121540214789,-6.253184329644365],[106.94159346287113,-6.253285852571937],[106.94191304716855,-6.2526784783134834],[106.94343049841999,-6.252765812327987],[106.94400252170348,-6.2523963287554745],[106.94374478562811,-6.249396336108933],[106.9443919997774,-6.246857928376937],[106.94406000022899,-6.24659152844334],[106.94400695822961,-6.245338114300019],[106.94498913523982,-6.2454984520977455],[106.94491450009693,-6.243798961952511],[106.9437076368647,-6.243834177940249],[106.94362704463774,-6.239248834587029],[106.94322916672917,-6.238726944604018],[106.94284539262688,-6.238707502584488],[106.9426050293914,-6.237278302045133],[106.94059777504849,-6.23700263661106],[106.93940273465775,-6.236244355098961],[106.93947105259376,-6.233726412409581],[106.93877842782227,-6.233709524798859],[106.93841965238073,-6.232831238621446],[106.93569414742116,-6.232699913910358],[106.93537174130795,-6.233262042582645],[106.93474401834403,-6.2331553275750835],[106.93480979554712,-6.232639764593546],[106.92999710230518,-6.23241691733478],[106.92914547057963,-6.231824586174962],[106.928750491617,-6.231963756811192],[106.9281279572046,-6.231335550592356],[106.92704079788992,-6.231325037268341]]]}},{"type":"Feature","id":249,"properties":{"OBJECTID":249,"WADMKD":"Malaka Sari","WADMKC":"Duren Sawit","WADMKK":"Kota Adm. Jakarta Timur","KDEPUM":"31.75.07.1005","KDCPUM":"31.75.07","KDPKAB":"31.75","LUASWH":131.9,"SRS_ID":"32748"},"geometry":{"type":"Polygon","coordinates":[[[106.9321319311547,-6.2312523744359645],[106.93221954090032,-6.228910243880853],[106.93149512158028,-6.225904924007993],[106.93218380140804,-6.2249157100115],[106.93233408424751,-6.222200717369512],[106.93114420984428,-6.2190688339766425],[106.93137889657872,-6.216606525011639],[106.92478745758726,-6.215811211773306],[106.9247678225555,-6.219039470826437],[106.92417020479951,-6.220433916229927],[106.9246541437113,-6.225349022149491],[106.92447542540083,-6.226607799772784],[106.92508906725266,-6.226980038148147],[106.92578934042314,-6.228406773377763],[106.92630111699083,-6.228483489308715],[106.92621895040928,-6.230773279157333],[106.92697665940534,-6.231311998261122],[106.92812098381212,-6.2313324839987185],[106.928750491617,-6.231963756811192],[106.92911688340355,-6.2317975653547935],[106.92999710230518,-6.23241691733478],[106.93207944622932,-6.232515673118005],[106.9321319311547,-6.2312523744359645]]]}},{"type":"Feature","id":250,"properties":{"OBJECTID":250,"WADMKD":"Malaka Jaya","WADMKC":"Duren Sawit","WADMKK":"Kota Adm. Jakarta Timur","KDEPUM":"31.75.07.1006","KDCPUM":"31.75.07","KDPKAB":"31.75","LUASWH":103.12,"SRS_ID":"32748"},"geometry":{"type":"Polygon","coordinates":[[[106.93793635313477,-6.226468954577802],[106.93783563412003,-6.22436825934268],[106.93890662182208,-6.2233368834388845],[106.93916414542308,-6.220833730555494],[106.93889728140583,-6.218559913034115],[106.93819110777379,-6.218449108907585],[106.93824701173082,-6.2175676375917766],[106.93145339775516,-6.216615427756783],[106.93114323040541,-6.219060639903954],[106.93233408424751,-6.222200717369512],[106.93218380140804,-6.2249157100115],[106.93148204439143,-6.225775764185196],[106.93222020735139,-6.228885706367972],[106.93208297822893,-6.232444904744014],[106.93468730066793,-6.232635625759209],[106.93523905806656,-6.22889226885211],[106.93620342443192,-6.227272379850776],[106.93609135082121,-6.226657041449398],[106.93793635313477,-6.226468954577802]]]}},{"type":"Feature","id":251,"properties":{"OBJECTID":251,"WADMKD":"Pondok Kopi","WADMKC":"Duren Sawit","WADMKK":"Kota Adm. Jakarta Timur","KDEPUM":"31.75.07.1007","KDCPUM":"31.75.07","KDPKAB":"31.75","LUASWH":229.09,"SRS_ID":"32748"},"geometry":{"type":"Polygon","coordinates":[[[106.95153630558991,-6.219236250309191],[106.93825982801529,-6.2174159233201856],[106.93816932088454,-6.218446588591274],[106.93891805209167,-6.21869586371347],[106.93915406160617,-6.2204674236333],[106.93888185493974,-6.223458479376911],[106.93793072508595,-6.224270661727161],[106.9379374847866,-6.226559016636149],[106.9360745243271,-6.22650898534193],[106.93620342443192,-6.227272379850776],[106.93522123334915,-6.228991112669625],[106.93475708320274,-6.233047024229364],[106.9353496739351,-6.233260822580053],[106.93559637364997,-6.232699517072341],[106.93829496591597,-6.232796603851455],[106.93859280119196,-6.233685083098951],[106.93939182635158,-6.233681280291628],[106.93930779690727,-6.235995322552825],[106.94040433841646,-6.236962931610984],[106.94272796544008,-6.237441570895435],[106.94451653502125,-6.236680016351685],[106.9454680915677,-6.236863423003684],[106.94699574474738,-6.230289566590017],[106.9468777234219,-6.2282632194271],[106.9474990410546,-6.22555588255005],[106.94881552542546,-6.222009859157527],[106.95073908079891,-6.2194809680217675],[106.95153630558991,-6.219236250309191]]]}},{"type":"Feature","id":252,"properties":{"OBJECTID":252,"WADMKD":"Makasar","WADMKC":"Makasar","WADMKK":"Kota Adm. Jakarta Timur","KDEPUM":"31.75.08.1001","KDCPUM":"31.75.08","KDPKAB":"31.75","LUASWH":139.96,"SRS_ID":"32748"},"geometry":{"type":"Polygon","coordinates":[[[106.8780141998475,-6.274176052295642],[106.87749406504925,-6.273784884973308],[106.87705994794734,-6.27269741343363],[106.8776867143053,-6.270450058021499],[106.8770579136347,-6.265595281450777],[106.87522907166128,-6.264994504583199],[106.87311279573746,-6.264770025893928],[106.8726619657799,-6.2718163005709675],[106.87356627902771,-6.276640043308391],[106.87690480271978,-6.2846745286724275],[106.88003412619592,-6.285131284271364],[106.8803279839181,-6.282961365378558],[106.88127892458378,-6.282034529641478],[106.8819260064473,-6.280632563168086],[106.88110992440488,-6.277203005055011],[106.88117952791283,-6.27613411858753],[106.88158319335687,-6.275946298831034],[106.88162516044599,-6.274278058402422],[106.88220479503742,-6.273642978637448],[106.88226419486251,-6.272648131672458],[106.8818262838188,-6.2725367185958225],[106.8780141998475,-6.274176052295642]]]}},{"type":"Feature","id":253,"properties":{"OBJECTID":253,"WADMKD":"Pinangranti","WADMKC":"Makasar","WADMKK":"Kota Adm. Jakarta Timur","KDEPUM":"31.75.08.1002","KDCPUM":"31.75.08","KDPKAB":"31.75","LUASWH":237.02,"SRS_ID":"32748"},"geometry":{"type":"Polygon","coordinates":[[[106.88259496989586,-6.272369430850845],[106.8821169815662,-6.272402165793826],[106.88226365261468,-6.273529852303714],[106.88165957264226,-6.274153028247367],[106.88157975298611,-6.2760131418652465],[106.88117303078582,-6.276163217383979],[106.88112674199662,-6.277724196118233],[106.88147997525282,-6.27794365515612],[106.88195903729402,-6.280464365954325],[106.88127892458378,-6.282034529641478],[106.8804011391366,-6.282811531659936],[106.8802779557826,-6.284736318272548],[106.88000862668753,-6.285159192854939],[106.87745129891316,-6.2846954452438935],[106.87690480271978,-6.2846745286724275],[106.87697236665014,-6.284961670628314],[106.88232042362657,-6.297994745932581],[106.88332698894656,-6.30202371507448],[106.88937640372924,-6.3020867471296125],[106.88942170318705,-6.302525453727665],[106.88972147325111,-6.302584259360013],[106.89257265556972,-6.302547188577468],[106.89213761341513,-6.298980278352548],[106.8925853856869,-6.298977504146514],[106.89280366615695,-6.297266789219702],[106.89062819158688,-6.296387951588881],[106.88962234274707,-6.2946774898748465],[106.88942667803994,-6.293356856841043],[106.88860064338124,-6.292037413708754],[106.88853744313607,-6.291093722436467],[106.88691298233779,-6.289611269442074],[106.8868410578291,-6.287973729437397],[106.8861009799125,-6.28562740582359],[106.88618487043598,-6.28366618161799],[106.88540943356088,-6.281833219152134],[106.88474084460873,-6.281219692723227],[106.88453476644526,-6.278466125981689],[106.88351665608312,-6.2764818626748635],[106.88259496989586,-6.272369430850845]]]}},{"type":"Feature","id":254,"properties":{"OBJECTID":254,"WADMKD":"Kebon Pala","WADMKC":"Makasar","WADMKK":"Kota Adm. Jakarta Timur","KDEPUM":"31.75.08.1003","KDCPUM":"31.75.08","KDPKAB":"31.75","LUASWH":228.20000000000002,"SRS_ID":"32748"},"geometry":{"type":"Polygon","coordinates":[[[106.87882272276534,-6.240026475336944],[106.8779506041927,-6.240064795634299],[106.8772283361419,-6.242995108592033],[106.87625055902859,-6.244133539439631],[106.87249189474133,-6.253817758780013],[106.87240593858155,-6.255633519071427],[106.87322009220813,-6.259425181244632],[106.87298957074788,-6.264601086412993],[106.87825015804184,-6.26585086170122],[106.88012208721032,-6.265561552872651],[106.88229795532041,-6.2670502800219134],[106.88338637594889,-6.266939683651885],[106.88370542411215,-6.266717993658399],[106.88324325527152,-6.265637184855406],[106.88415226574064,-6.264254062800509],[106.8821179074194,-6.2625886116350955],[106.88266856590886,-6.260579879927925],[106.88247639172172,-6.259927071443993],[106.88272176743948,-6.258953707407596],[106.88173534876212,-6.258728122964347],[106.88226217563269,-6.258309351019178],[106.88210318610061,-6.257956104173938],[106.88253461179096,-6.257181667644429],[106.88213900104967,-6.2566485422858165],[106.88237553429147,-6.256293059573077],[106.88208989640842,-6.255480347405903],[106.88114897463173,-6.253622759054707],[106.88171099927943,-6.252677198096106],[106.88142263457904,-6.249926360562701],[106.88192481727637,-6.2484680087123134],[106.88161868903362,-6.24787845740648],[106.87966087438238,-6.246420478876479],[106.87988839084078,-6.245833334879076],[106.87905017235387,-6.244068470449985],[106.87942495457807,-6.241891311981098],[106.87888266435225,-6.2411774454127364],[106.87882272276534,-6.240026475336944]]]}},{"type":"Feature","id":255,"properties":{"OBJECTID":255,"WADMKD":"Halim Perdana Kusuma","WADMKC":"Makasar","WADMKK":"Kota Adm. Jakarta Timur","KDEPUM":"31.75.08.1004","KDCPUM":"31.75.08","KDPKAB":"31.75","LUASWH":1291.33,"SRS_ID":"32748"},"geometry":{"type":"Polygon","coordinates":[[[106.891210708039,-6.241413194852012],[106.88793260193941,-6.241082995557011],[106.87945276076549,-6.241699569997418],[106.87904284640675,-6.244204488270222],[106.87988839084078,-6.245833334879076],[106.87966087438238,-6.246420478876479],[106.88161868903362,-6.24787845740648],[106.88195953462203,-6.248670788882231],[106.88142251520922,-6.250068924667403],[106.88168609922806,-6.252810006575384],[106.88113743862952,-6.253474269318326],[106.88231230662517,-6.2561533419027455],[106.8821290292908,-6.256698461444153],[106.88252717526811,-6.257039475226787],[106.88211178477164,-6.257810354307102],[106.88223737243425,-6.2583288048849255],[106.88188216982978,-6.258620069602243],[106.88276437239463,-6.258870945747493],[106.88248722764698,-6.259831358827724],[106.88263989181073,-6.260784463857765],[106.88214576723237,-6.262395803431996],[106.8842250038117,-6.264119804899228],[106.88326129189916,-6.265534830777551],[106.88369630602345,-6.266700544814577],[106.88338637594889,-6.266939683651885],[106.88229795532041,-6.2670502800219134],[106.88012208721032,-6.265561552872651],[106.87830810190809,-6.265849158717226],[106.87712302106031,-6.265591837801227],[106.87770548735924,-6.270333028668553],[106.87710659856596,-6.272930703978776],[106.87768060726422,-6.274057642554754],[106.87825843843554,-6.274175809374138],[106.88255442928738,-6.272201976423231],[106.88354061932539,-6.276556902569649],[106.88455211784819,-6.278533448298763],[106.88474084460873,-6.281219692723227],[106.88538896518304,-6.281786182636173],[106.8861896706478,-6.283571711415944],[106.88599070666776,-6.28443713134334],[106.88682408596136,-6.28791845460305],[106.88679637113731,-6.289319664956903],[106.88795678164907,-6.290598462258032],[106.896310808674,-6.2894293731630935],[106.89736033241844,-6.288650797992177],[106.89998170394743,-6.285353726585052],[106.90864585928527,-6.284365399442598],[106.90852400882704,-6.282858864736323],[106.90795151035479,-6.282342044436916],[106.90871103394223,-6.281633916922572],[106.90895088475669,-6.280872965559792],[106.90861395242244,-6.278954644661092],[106.90934356265858,-6.275932312927068],[106.90913226698979,-6.2745032081852665],[106.90926932388682,-6.273688004821801],[106.91004883578579,-6.272652938648841],[106.90977472174175,-6.2722831709214315],[106.90871395744175,-6.272862808138373],[106.90830992419654,-6.272004773554292],[106.907033583442,-6.272247479357624],[106.9065153368358,-6.271586464043818],[106.90607132762156,-6.271713527650174],[106.9057629501816,-6.2713751680170535],[106.90552595558843,-6.270330109057447],[106.90422819797502,-6.2702958454428],[106.90495631187312,-6.269155130720313],[106.90562018160753,-6.2688638855819],[106.90553737672289,-6.267768857566733],[106.90496345168161,-6.267757436435576],[106.90505339405912,-6.26642255872709],[106.90456655742715,-6.266122746682469],[106.90500056972124,-6.265543109950439],[106.90476214944982,-6.264716485423967],[106.90527325772261,-6.264418101053805],[106.90506767243151,-6.263340204000399],[106.9055045397885,-6.263206003050422],[106.90442236190528,-6.261978201421436],[106.90542123272205,-6.2600112578137015],[106.90634670035436,-6.259413828146365],[106.90637393557395,-6.258998481627064],[106.90540693355756,-6.258563078636636],[106.90525657032117,-6.257933155945109],[106.90613058574164,-6.257685760775621],[106.90644185873875,-6.256983795170839],[106.9056983567763,-6.256278091128098],[106.90506094333442,-6.256789466038471],[106.90495520313516,-6.256324089553627],[106.90419218796715,-6.256923401271363],[106.90394479856087,-6.256342384892736],[106.90455158956033,-6.254955357902627],[106.90323144176463,-6.2538877700253215],[106.90347531133963,-6.253035601098055],[106.9022229573229,-6.251695354739595],[106.90175612240093,-6.2504991488968376],[106.9017459791504,-6.249514605397374],[106.9010608767942,-6.249245513560677],[106.90117908533571,-6.248524545373633],[106.90037084821806,-6.248226917067032],[106.899734380581,-6.246277173627722],[106.89550887168127,-6.243967932658947],[106.89330408916462,-6.243253817388861],[106.89348132392827,-6.242750148799718],[106.89324455576704,-6.242369727080288],[106.89368210062322,-6.2421363772840905],[106.89319964541596,-6.241671042813545],[106.891210708039,-6.241413194852012]]]}},{"type":"Feature","id":256,"properties":{"OBJECTID":256,"WADMKD":"Cipinang Melayu","WADMKC":"Makasar","WADMKK":"Kota Adm. Jakarta Timur","KDEPUM":"31.75.08.1005","KDCPUM":"31.75.08","KDPKAB":"31.75","LUASWH":258.8,"SRS_ID":"32748"},"geometry":{"type":"Polygon","coordinates":[[[106.89398400985775,-6.239955905662139],[106.89288389973113,-6.239584860774223],[106.88974855794233,-6.239454203947534],[106.87895241718584,-6.239976500630959],[106.87885328788163,-6.2410957123831885],[106.87945276076549,-6.241699569997418],[106.88775204665001,-6.241080322979906],[106.89307207707344,-6.241656577857651],[106.89370719917572,-6.242068180059201],[106.89328041293939,-6.242294350273798],[106.89330408916462,-6.243253817388861],[106.89548950461902,-6.2439585822111505],[106.89958640686893,-6.246135073428704],[106.90037084821806,-6.248226917067032],[106.90117345182394,-6.248510264144276],[106.9010608767942,-6.249245513560677],[106.9017459791504,-6.249514605397374],[106.90171381041233,-6.2503185800470495],[106.90219435644175,-6.251586668363679],[106.90354876109406,-6.253175776718719],[106.90321917162949,-6.253821521624912],[106.90455158956033,-6.254955357902627],[106.90394479856087,-6.256342384892736],[106.90419218796715,-6.256923401271363],[106.90454546428063,-6.256887025414141],[106.9048725995628,-6.256333580557448],[106.90506094333442,-6.256789466038471],[106.9056983567763,-6.256278091128098],[106.9064666348423,-6.257003826670523],[106.90611778455812,-6.257700738071183],[106.90560345722119,-6.257984036625043],[106.90528027336488,-6.257770507021291],[106.90550537487387,-6.258686029573766],[106.90615026417275,-6.2587392836644185],[106.90641103113697,-6.259109847106272],[106.90540224736978,-6.260210837872464],[106.91040949324919,-6.258042788065304],[106.91009000056631,-6.25539699929991],[106.91139052618128,-6.255466835776894],[106.91197559313328,-6.2550906721744575],[106.913049601191,-6.256102522686852],[106.91475394680613,-6.256208964623119],[106.91496681256746,-6.256941017796036],[106.91554299981401,-6.25695499906098],[106.91657485112084,-6.256184824722985],[106.91680882965935,-6.256307701416346],[106.91712918959254,-6.254838335743103],[106.91828962518603,-6.254845148050313],[106.91830400885573,-6.253896772995263],[106.91870079689788,-6.253813175353225],[106.91857706357575,-6.252578234170345],[106.91765057771744,-6.252321478920882],[106.91777384077858,-6.2519420314289595],[106.91906446482882,-6.251257571308322],[106.92043055701966,-6.251216943205251],[106.92068161792695,-6.253681621112814],[106.92108533298448,-6.253643033629755],[106.92176444402072,-6.255102806305324],[106.92221940842582,-6.254985347025848],[106.92144468158536,-6.251853080917658],[106.92170264502327,-6.251291044105235],[106.92099466885017,-6.250725120648518],[106.92118352468107,-6.2502638290749974],[106.92084007735419,-6.249407451844125],[106.92106399224663,-6.248236409795875],[106.92085966319681,-6.24785288804958],[106.91351947472393,-6.248334159602281],[106.90624138816963,-6.246561455132604],[106.89896909743383,-6.243908730982861],[106.89398400985775,-6.239955905662139]]]}},{"type":"Feature","id":257,"properties":{"OBJECTID":257,"WADMKD":"Ciracas","WADMKC":"Ciracas","WADMKK":"Kota Adm. Jakarta Timur","KDEPUM":"31.75.09.1001","KDCPUM":"31.75.09","KDPKAB":"31.75","LUASWH":399.07,"SRS_ID":"32748"},"geometry":{"type":"Polygon","coordinates":[[[106.87554831709028,-6.314601363046464],[106.87474663279228,-6.3142082500547225],[106.87339803169674,-6.315858930893719],[106.87247022562353,-6.3200593607110305],[106.87090787882941,-6.319575508441839],[106.87025701010353,-6.320777745133733],[106.86965564770739,-6.3234743398289215],[106.86768233370952,-6.322936771688596],[106.8670062805482,-6.322203743585387],[106.86481458567563,-6.321896242730682],[106.86360831167798,-6.325911780632173],[106.86385217428328,-6.327481534430615],[106.86643483492841,-6.330270605121821],[106.8673012639857,-6.332114771039172],[106.8681088055576,-6.337526635285532],[106.87124370633832,-6.338424902295875],[106.87275208791628,-6.33952834484086],[106.87369608162525,-6.337879720893249],[106.87447759208574,-6.337260825585391],[106.87409292240112,-6.3367034376207],[106.8744562619707,-6.335806652847414],[106.87489213429703,-6.335851601336864],[106.87480975842074,-6.335142357629645],[106.87537727543734,-6.335034481705233],[106.876014383068,-6.334159348804424],[106.8766230686,-6.334131832574135],[106.87743346987722,-6.333129941358931],[106.87765726356736,-6.332208876096727],[106.87818864261521,-6.331865529918238],[106.87831841527303,-6.331204846640635],[106.87913935267558,-6.33083949231269],[106.8795905576665,-6.331298581127528],[106.88083719501252,-6.330878680224685],[106.88048440241481,-6.330317196555112],[106.88091119098964,-6.329338132701548],[106.88023139518265,-6.327947873357935],[106.8863921954364,-6.329308769186535],[106.88672022342348,-6.331714865210012],[106.8873692621637,-6.331776053057896],[106.88701299764695,-6.319435744263788],[106.88516995827841,-6.31839452158755],[106.8834295888058,-6.318796723572553],[106.88155594995817,-6.318219972549978],[106.88070215490062,-6.317068453799727],[106.87858884238508,-6.316161909326761],[106.8779084645745,-6.315341846406643],[106.87586206659246,-6.314329107173446],[106.87554831709028,-6.314601363046464]]]}},{"type":"Feature","id":258,"properties":{"OBJECTID":258,"WADMKD":"Cibubur","WADMKC":"Ciracas","WADMKK":"Kota Adm. Jakarta Timur","KDEPUM":"31.75.09.1002","KDCPUM":"31.75.09","KDPKAB":"31.75","LUASWH":495.34000000000003,"SRS_ID":"32748"},"geometry":{"type":"Polygon","coordinates":[[[106.87296140126831,-6.339688111671152],[106.87208013527986,-6.33972473097072],[106.87235811314986,-6.340435520716562],[106.87175768982436,-6.340426120558337],[106.87138959384744,-6.340894846389319],[106.87203553401638,-6.341070985131867],[106.87207556061045,-6.341762979030722],[106.87254854074561,-6.342144931121083],[106.87225216669528,-6.343562177849014],[106.87299215497251,-6.343453579025174],[106.87329833580826,-6.343804667569983],[106.87171714611767,-6.345913708894678],[106.87139131913212,-6.345657852798429],[106.87119412011403,-6.346015921975296],[106.8702075636897,-6.346336907005328],[106.87033550459823,-6.347087205264326],[106.86969056174517,-6.347049263572245],[106.8698412373588,-6.34804488003293],[106.86870673832702,-6.348553528393667],[106.8693687343518,-6.349749210696581],[106.86877473412477,-6.350171382811738],[106.86850574364118,-6.350967604404623],[106.86976566695948,-6.351727387417652],[106.8694585981271,-6.3519853271464575],[106.8692795244329,-6.353259086831344],[106.86882915191589,-6.353373563317826],[106.86929881443412,-6.354375322632335],[106.87040563496659,-6.352773679670372],[106.87111364598238,-6.3527475213905245],[106.87162106191319,-6.353178076796819],[106.87101423396759,-6.353395963161013],[106.87105093871516,-6.353627876884869],[106.8720916806981,-6.353798743760257],[106.87245215091109,-6.35507155490648],[106.87295893823617,-6.354924732927837],[106.87335385212096,-6.355691206780109],[106.87427056609359,-6.35594624543962],[106.87298759794814,-6.357558467039822],[106.87199198742965,-6.357973398796058],[106.8722700459065,-6.3588193756174345],[106.87135817991545,-6.359906355620058],[106.8714665408119,-6.360116479173388],[106.87270926602442,-6.361255459989267],[106.87364536940662,-6.360919547178943],[106.8739480167002,-6.36129642107649],[106.87654941492428,-6.361916133422767],[106.87732208804597,-6.361351154641818],[106.87895665156617,-6.361086853567385],[106.8786970326021,-6.361365295130545],[106.87904253133154,-6.361689379858422],[106.87833011694957,-6.361987991107556],[106.87796258958757,-6.363238677845946],[106.87825557921073,-6.363919970694914],[106.87884328903284,-6.363894604774024],[106.8796072727123,-6.364721325392365],[106.88024164692777,-6.364289428647585],[106.88066023372701,-6.364551926443271],[106.88088406232109,-6.365228758726783],[106.88064919404724,-6.366195918691998],[106.8811241612471,-6.366614021717286],[106.8822596282119,-6.366197226295189],[106.88207651971705,-6.365160870905852],[106.88243057855533,-6.364879691954112],[106.8836455558515,-6.364977222382721],[106.88325149826576,-6.365934362597525],[106.88376764562003,-6.366636676993554],[106.88388644888336,-6.367741442826528],[106.88313934366985,-6.368268612589412],[106.88266749969397,-6.369855818561922],[106.88363051044651,-6.370340314344218],[106.8831123661675,-6.37159537321915],[106.88392890766006,-6.372076215865602],[106.88478499997579,-6.372007222019002],[106.88468221373257,-6.372489009968245],[106.88739602843543,-6.37261188837959],[106.88901710188401,-6.3679495219954685],[106.88961496099104,-6.3686243266787725],[106.89327980722277,-6.370046021337292],[106.89564958197373,-6.37143177289689],[106.89286764901102,-6.356170837136287],[106.89156348105584,-6.3514010516531165],[106.88898269765751,-6.352260801000238],[106.88009464341765,-6.351641427046156],[106.87835284634102,-6.351161509943897],[106.87667931656466,-6.349578205404326],[106.87921409909255,-6.339921168747572],[106.87400851341562,-6.340547381410187],[106.87296140126831,-6.339688111671152]]]}},{"type":"Feature","id":259,"properties":{"OBJECTID":259,"WADMKD":"Kelapa Dua Wetan","WADMKC":"Ciracas","WADMKK":"Kota Adm. Jakarta Timur","KDEPUM":"31.75.09.1003","KDCPUM":"31.75.09","KDPKAB":"31.75","LUASWH":336.14,"SRS_ID":"32748"},"geometry":{"type":"Polygon","coordinates":[[[106.88397600041648,-6.328790054708084],[106.88025868566586,-6.3278945630573356],[106.88088262732299,-6.329239613238091],[106.88047410426225,-6.3302253142188665],[106.88084419923186,-6.330829200078988],[106.8795905576665,-6.331298581127528],[106.87913935267558,-6.33083949231269],[106.87831841527303,-6.331204846640635],[106.87822406942217,-6.331827023547797],[106.87765726356736,-6.332208876096727],[106.87760579796164,-6.332843678988945],[106.8766069569179,-6.334192125838521],[106.87596400602962,-6.3341905141690695],[106.875342112289,-6.335096567146793],[106.87482462740492,-6.335198114061292],[106.87483560933528,-6.335867771932537],[106.87441017763892,-6.3358044016855946],[106.87412684285472,-6.336994493277198],[106.87454412032693,-6.337088286697483],[106.87362847641687,-6.3379304888162],[106.87353933934868,-6.338594757579268],[106.87283969755062,-6.339323321574913],[106.87400851341562,-6.340547381410187],[106.87922140844039,-6.339863357585284],[106.87667931656466,-6.349578205404326],[106.8783891676745,-6.351190257335042],[106.88001971841828,-6.35163440102916],[106.88914009360283,-6.352239018006299],[106.89150410736417,-6.351178967829175],[106.89008064135771,-6.3459332543148],[106.88742030376216,-6.33190254363741],[106.88675797899884,-6.331856761903781],[106.88651098810816,-6.329428063750235],[106.88518764756672,-6.328846893170776],[106.88397600041648,-6.328790054708084]]]}},{"type":"Feature","id":260,"properties":{"OBJECTID":260,"WADMKD":"Susukan","WADMKC":"Ciracas","WADMKK":"Kota Adm. Jakarta Timur","KDEPUM":"31.75.09.1004","KDCPUM":"31.75.09","KDPKAB":"31.75","LUASWH":222.73000000000002,"SRS_ID":"32748"},"geometry":{"type":"Polygon","coordinates":[[[106.87278670342334,-6.319238482825556],[106.87337924033555,-6.315905183251421],[106.87532958788319,-6.313004066798723],[106.87505591807403,-6.312331941435682],[106.87596101029403,-6.312066476159332],[106.87636655890668,-6.310541290751981],[106.87627768845034,-6.309323322362797],[106.87403161435655,-6.308327010081751],[106.87328273724775,-6.307414244922902],[106.87277071918874,-6.30517621944815],[106.87192957859185,-6.304280421658917],[106.87094441687252,-6.303837936734739],[106.86833953140581,-6.303629850620655],[106.86698903219043,-6.302987634549577],[106.86593329840524,-6.304227893060243],[106.86217742622064,-6.310889538447658],[106.86274188579277,-6.314265330906486],[106.86484501742805,-6.319917505759088],[106.86480795268639,-6.321715396622601],[106.86729666803026,-6.322302476165888],[106.86781158007952,-6.322977412589981],[106.86965564770739,-6.3234743398289215],[106.87028549692165,-6.320713557570806],[106.87087941027004,-6.319604010133902],[106.8724507452273,-6.320079398033691],[106.87278670342334,-6.319238482825556]]]}},{"type":"Feature","id":261,"properties":{"OBJECTID":261,"WADMKD":"Rambutan","WADMKC":"Ciracas","WADMKK":"Kota Adm. Jakarta Timur","KDEPUM":"31.75.09.1005","KDCPUM":"31.75.09","KDPKAB":"31.75","LUASWH":232.46,"SRS_ID":"32748"},"geometry":{"type":"Polygon","coordinates":[[[106.87088136304916,-6.287014079949096],[106.87064756956886,-6.287003493689931],[106.87072867412743,-6.288603876552891],[106.87202201959488,-6.2932818549571],[106.87155244568791,-6.2957755807763185],[106.87027919864288,-6.298846342805014],[106.86693448790425,-6.30294034570032],[106.86825742355728,-6.3036133900702715],[106.8710186133394,-6.303848827639328],[106.87181361584774,-6.30418452193081],[106.87277071918874,-6.30517621944815],[106.87320697899385,-6.307234304560399],[106.87403161435655,-6.308327010081751],[106.8761473360911,-6.3091076234221335],[106.8763760736623,-6.31047534610194],[106.87601959876987,-6.311965004410434],[106.87505944327103,-6.312301318887172],[106.87538188919558,-6.312878292575428],[106.87480949375134,-6.31424104393824],[106.87541776628528,-6.314530347234073],[106.87601391359524,-6.3143858094412],[106.87789623822879,-6.315334579617243],[106.87858884238508,-6.316161909326761],[106.88058179405098,-6.316958547307268],[106.88159465732949,-6.31822808011851],[106.88365436489535,-6.318888172645381],[106.88515088463339,-6.318390940701564],[106.88701299764695,-6.319435744263788],[106.88651057934351,-6.315828325405377],[106.88416873368813,-6.305643707924904],[106.88233231263362,-6.305711198833358],[106.87941416198038,-6.306380378987479],[106.87912773739455,-6.305315687616721],[106.87823114758656,-6.305097582121314],[106.87813238160352,-6.304013113041321],[106.87744114595344,-6.30370597219924],[106.8771843835702,-6.302309876272187],[106.87602186581603,-6.301711586195345],[106.87531734209054,-6.301972859572484],[106.87471131062915,-6.301657521442901],[106.87457675566247,-6.299948751807559],[106.87360982603808,-6.3007039731005285],[106.87308194275197,-6.300350753562071],[106.87302835323455,-6.299367848756591],[106.87269659139092,-6.299116735662361],[106.87323969374472,-6.298189973673363],[106.87404844938916,-6.298064544145769],[106.87382495059667,-6.297296101433426],[106.87432186676807,-6.2970286018314745],[106.87413522632299,-6.296395761869697],[106.875139388115,-6.295863294801748],[106.87518355626486,-6.294964049575069],[106.8738266786312,-6.294695259915281],[106.87355318087837,-6.293654562848867],[106.87370931890014,-6.292910562314204],[106.87313864002016,-6.2927351498903965],[106.87315296577698,-6.292461453813219],[106.87408257440799,-6.291533474056865],[106.87333265666769,-6.290936842946025],[106.87284000696071,-6.289588998395759],[106.87199481355816,-6.288816026907141],[106.87172745318905,-6.288170191421065],[106.87206825731178,-6.287523611587778],[106.87088136304916,-6.287014079949096]]]}},{"type":"Feature","id":262,"properties":{"OBJECTID":262,"WADMKD":"Cipayung","WADMKC":"Cipayung","WADMKK":"Kota Adm. Jakarta Timur","KDEPUM":"31.75.10.1001","KDCPUM":"31.75.10","KDPKAB":"31.75","LUASWH":247.19,"SRS_ID":"32748"},"geometry":{"type":"Polygon","coordinates":[[[106.89423052091344,-6.3221771987766875],[106.8944022866561,-6.3213968617319845],[106.89414100131617,-6.321165604566036],[106.89030531298728,-6.319333668794704],[106.88864196917285,-6.322184830634179],[106.88708037610343,-6.321802842124465],[106.88728114632005,-6.330813470052958],[106.88901618472931,-6.340373766450168],[106.89156340094858,-6.339921199559531],[106.89244829194264,-6.3390628833894835],[106.89311039911777,-6.3391764532979336],[106.89372659986029,-6.338858000599032],[106.89459233944842,-6.3370391775794],[106.89496560037199,-6.337102500236827],[106.89739340028297,-6.334992199610524],[106.89748921563373,-6.33455611286256],[106.89716125568565,-6.3342160848707305],[106.89500053543428,-6.333437812014389],[106.89628965376879,-6.332567611323036],[106.89735873141086,-6.33236992742226],[106.89855566416473,-6.331090065426099],[106.89999009210659,-6.331064296231308],[106.9018119975477,-6.327789657762047],[106.90641417279642,-6.324233028379419],[106.90704239316293,-6.322912658809266],[106.90447270996884,-6.322551286793884],[106.90386721868667,-6.322205297923925],[106.90329574156695,-6.322502008930688],[106.90259133822319,-6.322392005222036],[106.90219700856547,-6.3222744764119],[106.90232730444897,-6.321730584047865],[106.90104721737819,-6.321356339408383],[106.89912691494308,-6.324419258654898],[106.89905755144862,-6.325382597387363],[106.89803703821833,-6.327816990809735],[106.89579900499675,-6.326306286311839],[106.89557086862844,-6.325190366725693],[106.89457218893887,-6.323644486570856],[106.89481360428542,-6.323055831732338],[106.89423052091344,-6.3221771987766875]]]}},{"type":"Feature","id":263,"properties":{"OBJECTID":263,"WADMKD":"Cilangkap","WADMKC":"Cipayung","WADMKK":"Kota Adm. Jakarta Timur","KDEPUM":"31.75.10.1002","KDCPUM":"31.75.10","KDPKAB":"31.75","LUASWH":572.53,"SRS_ID":"32748"},"geometry":{"type":"Polygon","coordinates":[[[106.91374585623291,-6.320228526259671],[106.91374766008524,-6.315366119888611],[106.91222480955295,-6.315215243584131],[106.91199750085597,-6.320483145139662],[106.90946241674507,-6.3205892006786915],[106.90921241982947,-6.324459875581008],[106.90614473228862,-6.324474847001471],[106.90206595207975,-6.327496860612204],[106.89999859885884,-6.330987090164426],[106.89842288256102,-6.331161112296495],[106.89728326043365,-6.332429491886403],[106.8963600474386,-6.332543266173162],[106.89497136517117,-6.333478005165111],[106.89727745678755,-6.334280119289105],[106.89751365597672,-6.334940622900845],[106.89587240055556,-6.336026500433402],[106.89496560037199,-6.337102500236827],[106.89459270040777,-6.337037799263245],[106.89372768121002,-6.338855673925798],[106.89472480060427,-6.339629200091654],[106.89678502162435,-6.340041000936363],[106.89925053284891,-6.341447215131809],[106.89886261616738,-6.34200664728456],[106.89791108214823,-6.342404803289606],[106.89742650011448,-6.343739000928568],[106.89845053027587,-6.344482959279856],[106.89912293973629,-6.343495031004176],[106.89976490742721,-6.343685726900539],[106.90090699894965,-6.345191879563625],[106.9015707316193,-6.347534981825493],[106.9015042870059,-6.347998113829756],[106.90046146189307,-6.3491909145857335],[106.90037231955502,-6.350148116875886],[106.89969634557276,-6.3515595830831],[106.90107164658552,-6.352107736771964],[106.90338582022616,-6.3520407201351725],[106.90414627454848,-6.350902786584993],[106.90561889193162,-6.3470109309202565],[106.90752870835836,-6.343927912806436],[106.90914564196213,-6.34340857260592],[106.90976031458493,-6.342791780361928],[106.90989637261951,-6.342194173580042],[106.90934203018799,-6.340812321184385],[106.91016360773563,-6.338932439777547],[106.91116135612417,-6.339188696581956],[106.91159108400197,-6.340271055589729],[106.91568626687177,-6.341253605084429],[106.91617583442734,-6.340991712401551],[106.9179229270088,-6.341307255712816],[106.91868134532541,-6.341829507776995],[106.91967915644275,-6.341559138299622],[106.91938410340325,-6.340561668074434],[106.91895059008631,-6.339949831585533],[106.91835046572663,-6.339862106981349],[106.91825069661462,-6.33923274386454],[106.9195534520513,-6.338706644234555],[106.91909357358975,-6.337294029865536],[106.9196827276285,-6.336673466098284],[106.91949427442592,-6.335202959729896],[106.91979116799735,-6.333571156772645],[106.92060875033613,-6.3330086527383305],[106.92095424880695,-6.330854764603748],[106.9205211861637,-6.330426462417468],[106.9200669526835,-6.327737610890353],[106.9192417560018,-6.327267905117672],[106.91831938359394,-6.32725168935582],[106.91922883362903,-6.326349216055246],[106.9190044551903,-6.325316092925999],[106.9205626928687,-6.325039220877219],[106.92081681918157,-6.3246494648239615],[106.91948743859096,-6.324328265620954],[106.92010238755113,-6.323550101420466],[106.92009715054925,-6.321350101096561],[106.91599281640664,-6.32020605523417],[106.91562858578499,-6.320585955969307],[106.91376300713294,-6.320563246383631],[106.91374585623291,-6.320228526259671]]]}},{"type":"Feature","id":264,"properties":{"OBJECTID":264,"WADMKD":"Pondok Ranggon","WADMKC":"Cipayung","WADMKK":"Kota Adm. Jakarta Timur","KDEPUM":"31.75.10.1003","KDCPUM":"31.75.10","KDPKAB":"31.75","LUASWH":472.49,"SRS_ID":"32748"},"geometry":{"type":"Polygon","coordinates":[[[106.91568626687177,-6.341253605084429],[106.9116448992922,-6.340303349617109],[106.9110779038639,-6.339090311567591],[106.91023136510981,-6.338864677183626],[106.90934203018799,-6.340812321184385],[106.90989119202534,-6.342111266150433],[106.90969808700386,-6.342873946213676],[106.90914564196213,-6.34340857260592],[106.90752870835836,-6.343927912806436],[106.90566656635016,-6.346924737550861],[106.90418102603768,-6.350802929607669],[106.90325904123948,-6.352263774257395],[106.90242925385509,-6.352011714632703],[106.90122399530703,-6.352235320409846],[106.9014123470949,-6.3528644115723845],[106.90253383316343,-6.353501048606524],[106.9018253416422,-6.354175204994517],[106.90197495574449,-6.3552161166272905],[106.90146723725682,-6.355181517259846],[106.90146699414085,-6.354866585859916],[106.9004196231582,-6.354121784721018],[106.8995936414269,-6.354675576958104],[106.89948691390185,-6.355345521092051],[106.89648075541784,-6.353951677578322],[106.89621828428406,-6.354101539756375],[106.89567812898463,-6.355929237998846],[106.89597800133834,-6.3572775888480555],[106.8955607255635,-6.357396417613004],[106.89584618993298,-6.358412816939114],[106.89473820142916,-6.358983201928539],[106.89343545454976,-6.35910448626346],[106.89564958197373,-6.37143177289689],[106.89632097565635,-6.371517291081363],[106.89613502568169,-6.3693173814197905],[106.89681027782258,-6.369847500125321],[106.89755431056604,-6.368840157702822],[106.901275640191,-6.370207186586505],[106.90163192815501,-6.369274201658952],[106.90113056466424,-6.3691236260539235],[106.9005891189121,-6.369617454037852],[106.90006099099975,-6.369270818391667],[106.90017805698622,-6.368939999763677],[106.90216784464604,-6.366978637417567],[106.90515073697712,-6.362992563740042],[106.9057027720518,-6.360664499575744],[106.90629256275018,-6.3596794210083125],[106.9067230839435,-6.359971600315567],[106.9071859746596,-6.35970247477454],[106.90689790888305,-6.36062003683854],[106.90766238929325,-6.361150178445662],[106.90859472236654,-6.361178610423792],[106.9092011110133,-6.361755000408632],[106.90870244244934,-6.361915939419212],[106.90877513344098,-6.362337736281673],[106.91007230960446,-6.3630879676465355],[106.91032463706028,-6.3636645242566745],[106.91311233088886,-6.3646905345738105],[106.9142665630417,-6.36554481073265],[106.91503112663604,-6.363971853890041],[106.91492908874457,-6.3631975917256876],[106.91604077262923,-6.363153809876478],[106.91621018958647,-6.362731218160574],[106.91472073744394,-6.361639981937521],[106.914776802925,-6.361183616570813],[106.91540688376911,-6.36089046629081],[106.91547925385755,-6.360482778284953],[106.91438057530408,-6.360260718288153],[106.91420830173274,-6.359896184321093],[106.91447251041913,-6.359226866302625],[106.91364770157621,-6.358715020118405],[106.91467467691393,-6.358376184853651],[106.91475067618279,-6.357573581056325],[106.91601161806858,-6.356383290900054],[106.9171299945859,-6.356521442776104],[106.91676593704,-6.355674830918216],[106.91542106640742,-6.354969558787959],[106.9159880912689,-6.354599076142643],[106.91614882796293,-6.353784182919451],[106.91678600676602,-6.353661279172556],[106.9172688046505,-6.353039119828765],[106.91667219387801,-6.352540922776707],[106.91681771191126,-6.351846253162842],[106.91652571892892,-6.351343559095284],[106.91782464236645,-6.350382613724949],[106.91693924540812,-6.349199308255807],[106.91611690299538,-6.348889501691912],[106.91623254483892,-6.348461770438084],[106.917240635732,-6.347935750765997],[106.91668098635364,-6.346869276620831],[106.91629694142168,-6.346882125154262],[106.9159043301033,-6.346329614970903],[106.91726633371188,-6.346128311986054],[106.91697508655082,-6.345799946608334],[106.91733567524186,-6.343792580813304],[106.91809295831399,-6.343905420429222],[106.919483514586,-6.343538506700534],[106.91926798541164,-6.342908768622071],[106.91859507397461,-6.342614667819111],[106.918654125568,-6.341962853590372],[106.91812383879073,-6.341418482372883],[106.91617583442734,-6.340991712401551],[106.91568626687177,-6.341253605084429]]]}},{"type":"Feature","id":265,"properties":{"OBJECTID":265,"WADMKD":"Munjul","WADMKC":"Cipayung","WADMKK":"Kota Adm. Jakarta Timur","KDEPUM":"31.75.10.1004","KDCPUM":"31.75.10","KDPKAB":"31.75","LUASWH":190.73,"SRS_ID":"32748"},"geometry":{"type":"Polygon","coordinates":[[[106.89386740018139,-6.338962900360013],[106.8924924714317,-6.339008689156315],[106.89156340094858,-6.339921199559531],[106.88906408031323,-6.340628254948584],[106.89025030511837,-6.34669299618061],[106.89340634395002,-6.3590471749126465],[106.893636112915,-6.359092114939746],[106.89490514941743,-6.358966701563638],[106.8957790092273,-6.358500754347737],[106.89556304980403,-6.357402062640237],[106.89599806289797,-6.357320277182115],[106.89570582581293,-6.355609423898187],[106.89642942193558,-6.353859569117263],[106.8966702227604,-6.354241546961681],[106.89947178064025,-6.355375378670009],[106.8995936414269,-6.354675576958104],[106.9004196231582,-6.354121784721018],[106.90176497902726,-6.35534750133013],[106.9020798188887,-6.354988584440495],[106.90181667719354,-6.354288937619149],[106.90253393485166,-6.353632271003313],[106.9014123470949,-6.3528644115723845],[106.90107164658552,-6.352107736771964],[106.89985798097526,-6.351591512199526],[106.89978770230502,-6.351286551579226],[106.90037231955502,-6.350148116875886],[106.90039317015457,-6.349313764640559],[106.90158895387317,-6.347613857299082],[106.90101271530027,-6.345331435763545],[106.89976490742721,-6.343685726900539],[106.89918609906445,-6.343504847117454],[106.89845053027587,-6.344482959279856],[106.89731720037186,-6.343697600407183],[106.89791108214823,-6.342404803289606],[106.89884160043852,-6.342021799795124],[106.89925053284891,-6.341447215131809],[106.8971100044121,-6.340180664898781],[106.89522474716001,-6.339835344416672],[106.89386740018139,-6.338962900360013]]]}},{"type":"Feature","id":266,"properties":{"OBJECTID":266,"WADMKD":"Setu","WADMKC":"Cipayung","WADMKK":"Kota Adm. Jakarta Timur","KDEPUM":"31.75.10.1005","KDCPUM":"31.75.10","KDPKAB":"31.75","LUASWH":284.47,"SRS_ID":"32748"},"geometry":{"type":"Polygon","coordinates":[[[106.91570596470864,-6.302666585953074],[106.91473753343698,-6.302426723569426],[106.91394936414663,-6.303234815564882],[106.91369842877982,-6.3068452775564054],[106.91040110486692,-6.307093415697989],[106.90831746818571,-6.308992028246065],[106.90727921727003,-6.311248950821118],[106.90590459593257,-6.312902503927848],[106.90623312007887,-6.313844374362807],[106.90616895009663,-6.315920138547989],[106.90657654998007,-6.316462342562569],[106.90611786857716,-6.316559712624646],[106.90632030300212,-6.317562328724655],[106.90612007156481,-6.318410604407778],[106.90834153265675,-6.318842091273325],[106.90756023929008,-6.320416458065946],[106.90699562533928,-6.323112970206556],[106.90641417279642,-6.324233028379419],[106.90902668482146,-6.324453191112668],[106.90941119756144,-6.3206744581586065],[106.90975078289738,-6.320448781194887],[106.91192313154906,-6.320540527754169],[106.91219030258476,-6.315234434793888],[106.91363213042725,-6.315238035011463],[106.91374834773944,-6.32054687056794],[106.91555956428346,-6.320605151664374],[106.91630319258371,-6.3202611552730374],[106.9198823359446,-6.321160426559933],[106.92010238755113,-6.323550101420466],[106.91948743859096,-6.324328265620954],[106.92083333287337,-6.324522111567338],[106.92148354467182,-6.3242197346368485],[106.9216562936586,-6.322857730415662],[106.92129509130403,-6.3225307926877],[106.92113346491287,-6.32165967477416],[106.9205555546026,-6.321265870604075],[106.9211865876085,-6.319251418891443],[106.92071973655246,-6.318511882552124],[106.92084537330344,-6.3180350394197635],[106.9214649850855,-6.318072158926638],[106.92200179126208,-6.3176138746703465],[106.92222451043415,-6.316278996315585],[106.92192041332098,-6.315680799235144],[106.92281128521145,-6.31414319289741],[106.92236229664849,-6.314015826054648],[106.92174051468756,-6.3124551923086845],[106.92062408433796,-6.312035942427041],[106.92121286272722,-6.3094091346273915],[106.92064692602322,-6.3083211277458044],[106.92115660655833,-6.3078542773771655],[106.92093817197171,-6.307356018162974],[106.92156206557522,-6.307218960955221],[106.92146926759784,-6.305598548701382],[106.92176765168864,-6.304928967006964],[106.92140787789668,-6.304606312958978],[106.92176336919049,-6.3033628066952865],[106.9213450600962,-6.3032286044476775],[106.92106577202178,-6.302353986583472],[106.91570596470864,-6.302666585953074]]]}},{"type":"Feature","id":267,"properties":{"OBJECTID":267,"WADMKD":"Bambu Apus","WADMKC":"Cipayung","WADMKK":"Kota Adm. Jakarta Timur","KDEPUM":"31.75.10.1006","KDCPUM":"31.75.10","KDPKAB":"31.75","LUASWH":352.22,"SRS_ID":"32748"},"geometry":{"type":"Polygon","coordinates":[[[106.90724776358334,-6.299659430436929],[106.90609442639611,-6.299664701910514],[106.90597166744064,-6.302970450715978],[106.90543053084812,-6.303471638783878],[106.90500546370151,-6.302952892072994],[106.90440618067683,-6.302847432772331],[106.90340087257958,-6.303511346587319],[106.897866293573,-6.303641116367406],[106.89763786455988,-6.305913336031759],[106.89588559083552,-6.3063000732665895],[106.89441697055334,-6.309048098856256],[106.8939569384314,-6.314507754589152],[106.89610485637823,-6.314937764761072],[106.89625310772088,-6.316447227327032],[106.89560756899752,-6.318351289379524],[106.89365889287029,-6.320936008625035],[106.89432684984483,-6.321230240405004],[106.89424771863794,-6.322325495720928],[106.89481360428542,-6.323055831732338],[106.89461745619303,-6.32361212167491],[106.89557086862844,-6.325190366725693],[106.89567869494476,-6.326202731762377],[106.8965162256525,-6.326939415047789],[106.89785473363959,-6.327467584609843],[106.8979628836182,-6.327832501872129],[106.89905755144862,-6.325382597387363],[106.89912691494308,-6.324419258654898],[106.90102979932172,-6.321390654336385],[106.90229710064509,-6.321669433332682],[106.90225484593368,-6.322106212940128],[106.90259133822319,-6.322392005222036],[106.90356016942076,-6.322480969851019],[106.90395181438639,-6.322219600646978],[106.90438628244607,-6.322522145970561],[106.90689952388195,-6.322874167092876],[106.9075590912002,-6.320420029970076],[106.90847527579538,-6.318963911019018],[106.90620358568339,-6.318494725971309],[106.90609913735464,-6.316603237336824],[106.90656804691254,-6.316462874608928],[106.90609708607745,-6.315500123435651],[106.90626744285487,-6.3139738511319505],[106.90596461779994,-6.31281851925933],[106.9072937820162,-6.311174391799812],[106.90820568492467,-6.309138254744214],[106.91034155944374,-6.30715343664052],[106.9136807903485,-6.30693522060283],[106.91392473399135,-6.30331156592539],[106.91478088957697,-6.302359273906957],[106.91206289000124,-6.302741515585295],[106.91245717176095,-6.301708834241875],[106.9110746320995,-6.300602249663186],[106.90988529308261,-6.30147168584535],[106.90878642867425,-6.301541247437906],[106.90850796371343,-6.301383286364028],[106.90858847832368,-6.299765304409816],[106.90724776358334,-6.299659430436929]]]}},{"type":"Feature","id":641,"properties":{"OBJECTID":641,"WADMKD":"Pulau Harapan","WADMKC":"Kepulauan Seribu Utara","WADMKK":"Kab. Adm. Kep. Seribu","KDEPUM":"31.01.01.1003","KDCPUM":"31.01.01","KDPKAB":"31.01","LUASWH":468.76,"SRS_ID":"32748"},"geometry":{"type":"MultiPolygon","coordinates":[[[[106.55020507168318,-5.499327784583689],[106.54874106978421,-5.4991893865963775],[106.54811125912691,-5.499631629556797],[106.54792290568909,-5.499264240332654],[106.54725214671275,-5.4997993279635855],[106.54666831001802,-5.499567549697448],[106.54677259569442,-5.499985760683219],[106.5464473497957,-5.500441161685005],[106.54272545527503,-5.5044809418659355],[106.5427014951429,-5.505148446352709],[106.5433989820495,-5.505122634002751],[106.54402674000988,-5.50554136785123],[106.5445413340086,-5.504808971310436],[106.54957221736699,-5.5025875363523],[106.55296975785348,-5.502274700280234],[106.55405513188383,-5.503109490283042],[106.55665439279885,-5.5017949586342185],[106.55733478268556,-5.500966444720718],[106.55695064891435,-5.500347395033181],[106.5548767027078,-5.500322742590776],[106.5545990300638,-5.500263340109935],[106.5547145553579,-5.499981196253829],[106.55405793570107,-5.499855138986471],[106.55310260611812,-5.5002334182561965],[106.55290494463685,-5.5006585751986385],[106.55230754998243,-5.500231729806645],[106.55077666071394,-5.5000135688323795],[106.5510456660944,-5.499536041996155],[106.55020507168318,-5.499327784583689]]],[[[106.58034960594689,-5.658115744200602],[106.58026101280541,-5.657937296151254],[106.58023103115819,-5.6579725118380475],[106.58034960594689,-5.658115744200602]]],[[[106.57902960136927,-5.656090898067313],[106.57895235935023,-5.65569596630771],[106.57893941314191,-5.655779653281168],[106.57902960136927,-5.656090898067313]]],[[[106.579376037556,-5.655935248579389],[106.57937533239023,-5.65568293525158],[106.57924348639533,-5.655422684591495],[106.579376037556,-5.655935248579389]]],[[[106.57769212635316,-5.654737192683967],[106.57683422097307,-5.654229173611165],[106.57786827011111,-5.654770664074987],[106.57769212635316,-5.654737192683967]]],[[[106.57910145440948,-5.650467757062893],[106.57891753978475,-5.650170356704726],[106.57909088130451,-5.650460486269465],[106.57858040183287,-5.651547493271444],[106.57818337990439,-5.651352984135227],[106.57828865158311,-5.650605420574543],[106.57816539580783,-5.651137783219792],[106.57759263283525,-5.650972277448376],[106.57762173710528,-5.650375872685967],[106.5775045633896,-5.650538529070281],[106.57761455366423,-5.651133572992048],[106.57812518185344,-5.651453868273017],[106.57802355678118,-5.652229345088353],[106.57601835516708,-5.651850698214479],[106.57560982661046,-5.653232634602384],[106.57387912318814,-5.653094987561841],[106.57555167315647,-5.653335883288911],[106.57729268212749,-5.654406763103347],[106.57846272990166,-5.6543013466483645],[106.5784046199149,-5.654682897756221],[106.57793063093148,-5.6547591364446],[106.57930993118654,-5.6545361357889234],[106.57938876141583,-5.654131712781724],[106.5805367112002,-5.653767294018145],[106.5811182276925,-5.653243984189939],[106.58018977504422,-5.652562687148262],[106.57806586590884,-5.6522338899670475],[106.5781138816407,-5.651870401756228],[106.5789031260473,-5.651898033807965],[106.57910145440948,-5.650467757062893]]],[[[106.57786513604827,-5.63423346027189],[106.57803605312084,-5.633909835627711],[106.5761394941655,-5.634255137565946],[106.57522638613852,-5.6347822503544265],[106.57562137741095,-5.636309864124982],[106.5761816229051,-5.6364506663318465],[106.57852543730915,-5.635601651162227],[106.58264903590089,-5.636098884336492],[106.58558899479182,-5.63499447327009],[106.58194951403061,-5.633976179933043],[106.57997464489895,-5.6343370977645835],[106.57891209886972,-5.6349532472325405],[106.57815350239682,-5.634748048680025],[106.57786513604827,-5.63423346027189]]],[[[106.57335008626549,-5.627625494965751],[106.5731618929502,-5.626999898333438],[106.57255368801188,-5.62691122201131],[106.57168574136422,-5.627107242130995],[106.57131130909347,-5.627609177343222],[106.57153434317648,-5.6280896907220415],[106.57312040400143,-5.62778904827634],[106.57333253244724,-5.628188594777461],[106.57359576814899,-5.62810613135378],[106.57335008626549,-5.627625494965751]]],[[[106.58377689991451,-5.618621582936868],[106.5818526366239,-5.6194096560612214],[106.58210833906557,-5.619683197005297],[106.58144502769917,-5.620287207996099],[106.58178767072754,-5.620839241640456],[106.58375144680328,-5.620922991908167],[106.58527011094404,-5.620183237822336],[106.58538970572688,-5.61915981075745],[106.58377689991451,-5.618621582936868]]],[[[106.57309982045045,-5.618216865177856],[106.57249112314315,-5.618202555130025],[106.57183308261695,-5.618625568642652],[106.57223536965937,-5.6187918134495],[106.57330701238975,-5.618329879046639],[106.57309982045045,-5.618216865177856]]],[[[106.58252210201839,-5.6101993519631455],[106.57740295898186,-5.610478909762745],[106.57401222808379,-5.611002392103289],[106.57339821507331,-5.611329600709165],[106.5728176248256,-5.6124717418464565],[106.5726440366878,-5.6137625658783925],[106.57320927810486,-5.6145002059615114],[106.57419068623845,-5.614892809703771],[106.57546369813043,-5.6146310701557445],[106.57858079161537,-5.612441965794431],[106.58195962676635,-5.611490180636404],[106.5829684047057,-5.610601487086231],[106.58252210201839,-5.6101993519631455]]],[[[106.56736542790931,-5.607812921618294],[106.56778565792779,-5.607146382596573],[106.56739859879917,-5.606575312032859],[106.56695443261431,-5.607435090100786],[106.56736542790931,-5.607812921618294]]],[[[106.60321048071522,-5.605432107218648],[106.60359843500012,-5.604634609439049],[106.60292137627394,-5.604886020187122],[106.60281045666105,-5.605123900323958],[106.60321048071522,-5.605432107218648]]],[[[106.5458072247693,-5.605525681688429],[106.54559197881787,-5.605319537079969],[106.54666722308642,-5.604595930158355],[106.54641438113143,-5.603666855600407],[106.5440593336992,-5.604415091742384],[106.54285396172533,-5.605829686444366],[106.5434876442938,-5.606254520426485],[106.54411534517155,-5.606023205317286],[106.54427159941498,-5.60641562523775],[106.54495135367523,-5.606201230107639],[106.54459734067726,-5.606211222168996],[106.5445343293131,-5.60584806701002],[106.5451521055714,-5.605545063735702],[106.54534737384438,-5.6058872718659805],[106.5458072247693,-5.605525681688429]]],[[[106.54955296896668,-5.598903618979988],[106.5499048011275,-5.598686626182256],[106.54983103625877,-5.598265768955233],[106.54864389881907,-5.598398541054991],[106.54877876842343,-5.5988568776213565],[106.54955296896668,-5.598903618979988]]],[[[106.55272457407929,-5.598620830814398],[106.55292546430798,-5.598184527261163],[106.55264952832331,-5.597870288359646],[106.55237832036988,-5.598232939718341],[106.55272457407929,-5.598620830814398]]],[[[106.56223713519613,-5.593613952820094],[106.56059723678254,-5.592542129731302],[106.55935019365333,-5.593310634708652],[106.55862087666021,-5.5942992940574845],[106.55759243381576,-5.594826679929695],[106.55681449511385,-5.595538230657227],[106.5568674318705,-5.595897170155472],[106.55713572332262,-5.5960617131462955],[106.55950328607824,-5.595371668705704],[106.56223713519613,-5.593613952820094]]],[[[106.5685823576036,-5.593944470250334],[106.57003179959146,-5.592515957190793],[106.5701765959579,-5.591959998921677],[106.5696769100029,-5.591488864779926],[106.56835392793616,-5.591431759274841],[106.56688818228974,-5.592250292893593],[106.56685962910707,-5.592754737774715],[106.5673565259744,-5.593431097329308],[106.5679256258119,-5.593925434300613],[106.5685823576036,-5.593944470250334]]],[[[106.54359553827194,-5.591169502823038],[106.54249622602535,-5.5912658713510215],[106.54159503434265,-5.59224543332601],[106.54283394105448,-5.592730996737905],[106.54414481827648,-5.5923231040089325],[106.54359553827194,-5.591169502823038]]],[[[106.5584724444096,-5.59005734339725],[106.55771235601426,-5.590080210130476],[106.55744803795615,-5.590593974736907],[106.5582469043109,-5.590995970732973],[106.5587556560219,-5.590489059858978],[106.5584724444096,-5.59005734339725]]],[[[106.55481155468786,-5.588955676935665],[106.55141368380093,-5.589919358212064],[106.55116918834064,-5.589744817255795],[106.55095311209637,-5.589859113441195],[106.55112601011562,-5.590794221216436],[106.55297130028207,-5.590620282596361],[106.5556095220448,-5.58970765661901],[106.55559352305431,-5.589290139290235],[106.55481155468786,-5.588955676935665]]],[[[106.54561837819114,-5.586616302724365],[106.5444035640826,-5.586690331298721],[106.54423996667084,-5.5871189510450785],[106.5445690350159,-5.587708476757198],[106.545929377673,-5.588536114327329],[106.54710942911875,-5.588525226890673],[106.54821890804536,-5.587638092437652],[106.54803012242141,-5.586897436413445],[106.54561837819114,-5.586616302724365]]],[[[106.59221184592221,-5.5841526737190765],[106.59140643375527,-5.584165947049913],[106.5899475384495,-5.584791474652461],[106.58787180936633,-5.587271060620005],[106.5883592563345,-5.587126860815445],[106.58833223388415,-5.587438814087685],[106.58864632329256,-5.5872674917662035],[106.5885142632785,-5.587681519204342],[106.58991816082982,-5.587826988884953],[106.5916012629355,-5.587135243734363],[106.59238326827908,-5.585764862293993],[106.59221184592221,-5.5841526737190765]]],[[[106.5520180264032,-5.584420565566554],[106.55222503904632,-5.584002970968503],[106.55196805566506,-5.583885187822715],[106.5512328042028,-5.584434843086124],[106.55157187571834,-5.584716809281708],[106.5520180264032,-5.584420565566554]]],[[[106.5701754556651,-5.582097578802521],[106.56835183558506,-5.582356978611277],[106.56728821739361,-5.582867373176376],[106.56799111085755,-5.583353933655059],[106.56913416582958,-5.583223429894357],[106.57066312214414,-5.582323345269998],[106.5701754556651,-5.582097578802521]]],[[[106.59607261966453,-5.5808613881882545],[106.59645053692999,-5.580498283580295],[106.59640972044338,-5.579768828858565],[106.59525596576538,-5.579006659007155],[106.59418808832278,-5.579080359695187],[106.59265690364627,-5.579833460947644],[106.59266047503473,-5.580747174369085],[106.59319228266386,-5.581018432324157],[106.59571927001937,-5.581132645980017],[106.59607261966453,-5.5808613881882545]]],[[[106.55097470327695,-5.5773965846051965],[106.55026681385272,-5.57742236167561],[106.54888276059262,-5.5781738749225385],[106.54718774384656,-5.580383407677675],[106.54715767572078,-5.5819805036390635],[106.54779483865379,-5.583308239848634],[106.54893743310438,-5.583668208355992],[106.54989998261193,-5.582798207258064],[106.55031580697148,-5.579846340436615],[106.55113112698075,-5.5790503291440565],[106.55097470327695,-5.5773965846051965]]],[[[106.58162658120533,-5.574664593425448],[106.58106894961904,-5.574228987569211],[106.58040432702494,-5.5745065649987655],[106.5797856657137,-5.576088905782089],[106.58009499694504,-5.577112073985858],[106.58083699721114,-5.577103973746326],[106.58243316066623,-5.575802015756796],[106.58162658120533,-5.574664593425448]]],[[[106.55904862369174,-5.572798507797863],[106.55980535982296,-5.57187240234382],[106.55899627578026,-5.571308964775395],[106.55648763428539,-5.571088699707733],[106.55554605781853,-5.571722991845137],[106.55560795215234,-5.572100800938228],[106.55621566302972,-5.572434746986458],[106.55904862369174,-5.572798507797863]]],[[[106.5405811796664,-5.574622340940354],[106.54172308986749,-5.5741500491314],[106.5432601691349,-5.572429159259559],[106.54336067988758,-5.571398056030826],[106.54290858179296,-5.570815088662207],[106.54200438678812,-5.570791293843712],[106.54090983613736,-5.5713861589791875],[106.54008408040174,-5.57345228428295],[106.5391728286713,-5.574348587553476],[106.53960442268313,-5.574742571948655],[106.5405811796664,-5.574622340940354]]],[[[106.58464651380889,-5.571595818761308],[106.5853817671753,-5.570960503347027],[106.58544627375845,-5.569803634844338],[106.5851445092235,-5.569258868731472],[106.5842873977807,-5.569897570389579],[106.58397193730403,-5.570671398231806],[106.58406175658706,-5.571300637429776],[106.58464651380889,-5.571595818761308]]],[[[106.55073603085512,-5.570840388211553],[106.55159263785227,-5.569631620616479],[106.55083120983812,-5.569127175729691],[106.55007929970972,-5.569284219995097],[106.54942256801107,-5.570478709255679],[106.54988894433045,-5.571006949998675],[106.55073603085512,-5.570840388211553]]],[[[106.5254859783806,-5.567607525383682],[106.52522456208891,-5.567779727098969],[106.52538982666532,-5.568587624896502],[106.52747998729731,-5.5707232737874985],[106.52837118622027,-5.570490245090157],[106.52955161060768,-5.568600639837576],[106.52912162389524,-5.567856230088272],[106.5254859783806,-5.567607525383682]]],[[[106.56609594804848,-5.567266437217089],[106.56631009962274,-5.566443144002692],[106.56561529697352,-5.5662242329325045],[106.56545825306613,-5.567218848351369],[106.56609594804848,-5.567266437217089]]],[[[106.52697869967454,-5.556661696324245],[106.52597188858748,-5.556997117813471],[106.52565822731991,-5.557941011944664],[106.52795227589806,-5.5574936502841865],[106.52785369572659,-5.556790186862218],[106.52697869967454,-5.556661696324245]]],[[[106.53243868308375,-5.554154375137491],[106.53037056767788,-5.555250749243888],[106.53065895084653,-5.556239219319207],[106.53162342582121,-5.556324880262085],[106.53239113797021,-5.555766468848836],[106.53274525212345,-5.554526139624782],[106.53243868308375,-5.554154375137491]]],[[[106.54418664366732,-5.551643609878872],[106.54319443488386,-5.551604146256174],[106.54106425585614,-5.552675224695267],[106.54059452962741,-5.55492055582486],[106.54140116718953,-5.5554131039990775],[106.54276851187362,-5.5553133280804845],[106.54345616679934,-5.555036898624068],[106.54535077597293,-5.553316954144052],[106.54568570489442,-5.552043358984567],[106.54418664366732,-5.551643609878872]]],[[[106.52987427072199,-5.549321232105716],[106.52921754127993,-5.5490737671066634],[106.52718072076493,-5.549387855752508],[106.52644784803593,-5.550234943653034],[106.52745062813676,-5.550720355285577],[106.52928654489305,-5.550558549578706],[106.53002655844381,-5.550039829219349],[106.52987427072199,-5.549321232105716]]],[[[106.51983623724125,-5.551369858674404],[106.52088052211236,-5.549958558205027],[106.52101252495865,-5.549323610257905],[106.52065393406792,-5.548771401869364],[106.51929455361359,-5.549237949898818],[106.5182316427698,-5.550156249440402],[106.51805723417856,-5.55071321468344],[106.51828874975678,-5.5510937564133185],[106.51983623724125,-5.551369858674404]]],[[[106.57841802085876,-5.53998810330522],[106.57883762628111,-5.539590021788565],[106.57845370793746,-5.539600693252561],[106.57841802085876,-5.53998810330522]]],[[[106.53636803870447,-5.534536296192599],[106.53456742309318,-5.534989261291734],[106.52978691263407,-5.537658557311706],[106.53074022422989,-5.537989753830178],[106.53437691982889,-5.537038796108507],[106.53606621563527,-5.535902954710839],[106.53636803870447,-5.534536296192599]]],[[[106.5440327264269,-5.528192868695879],[106.54336156179453,-5.528026554376088],[106.54149641192421,-5.528581749969862],[106.54110396025278,-5.528298098192994],[106.54125893516634,-5.528735877595362],[106.54014011884554,-5.529666783791726],[106.53928351176329,-5.531636977907693],[106.5395593862035,-5.531968957291633],[106.54023991217737,-5.531788117741427],[106.54405195273723,-5.529552569721312],[106.54437675036172,-5.528888699595777],[106.5440327264269,-5.528192868695879]]],[[[106.52582223100372,-5.523192703916863],[106.52652655229755,-5.522602597660034],[106.52662793407919,-5.521941735838902],[106.52625053362466,-5.521212990686681],[106.5256413916131,-5.520994082055955],[106.52410901937841,-5.522060080854229],[106.52434310207086,-5.522725137445264],[106.52582223100372,-5.523192703916863]]],[[[106.52063662290867,-5.51691093958071],[106.52076396830151,-5.516065711374183],[106.52039926111765,-5.516486561718431],[106.52063662290867,-5.51691093958071]]],[[[106.52746823161145,-5.512438779796374],[106.5260244852668,-5.51288606782132],[106.5258625408106,-5.513555492367497],[106.52714520982916,-5.514511240732558],[106.52872945482935,-5.514342432665969],[106.52906093036893,-5.513366798010098],[106.52820576120173,-5.51251913596901],[106.52746823161145,-5.512438779796374]]],[[[106.53841195938107,-5.512541048315455],[106.53844534417978,-5.511366518335092],[106.53803528309297,-5.5111028838116765],[106.53679369787741,-5.511071245147586],[106.5347992322774,-5.511724533914083],[106.53327232173004,-5.512576738580019],[106.53333219912648,-5.513661179446844],[106.53235290884415,-5.515523687662826],[106.53279642967942,-5.515789011270019],[106.53515919039364,-5.5142759201703],[106.53671451903747,-5.51387786532791],[106.53841195938107,-5.512541048315455]]],[[[106.53448751066625,-5.503536514757366],[106.53507739867713,-5.502896703774379],[106.53451047658491,-5.501999303732519],[106.53309062964833,-5.501386923739406],[106.53187902529636,-5.501606988745727],[106.53172384711908,-5.502564244628462],[106.5320490393314,-5.503115486030443],[106.53302295682872,-5.503595402134846],[106.53448751066625,-5.503536514757366]]],[[[106.57934491444482,-5.491863871967796],[106.57792953505361,-5.49168212091891],[106.57653575234606,-5.492348065270332],[106.57599818180506,-5.494137175449145],[106.57640365556362,-5.494994700045867],[106.57836621801505,-5.494299648626164],[106.58054892362776,-5.492421737000048],[106.58008294700176,-5.491751522076115],[106.57934491444482,-5.491863871967796]]],[[[106.39353409319865,-5.479852550262571],[106.39518718102705,-5.478276411886963],[106.39475264910993,-5.477591432003225],[106.39191900706959,-5.477619510332522],[106.39055041424771,-5.478845299244286],[106.3905254929144,-5.479587677426453],[106.39201623141774,-5.480994894681418],[106.39330902703097,-5.4805696240471375],[106.39304757288782,-5.480082273903622],[106.39343243270433,-5.479862652837417],[106.39368230791439,-5.4803220390366985],[106.39353409319865,-5.479852550262571]]],[[[106.52745866161922,-5.476037774814963],[106.52363446192311,-5.477732736942287],[106.52252434863146,-5.478634714248751],[106.52245481277991,-5.4792594984361465],[106.52349861391527,-5.479616081863044],[106.52467719371542,-5.479443745037282],[106.52601489355814,-5.478148375198463],[106.52745866161922,-5.476037774814963]]],[[[106.43813091926533,-5.464300177738607],[106.437772172314,-5.4645929298208085],[106.43786674809547,-5.465084245052832],[106.43839619411177,-5.465385007076288],[106.43913306157307,-5.465071556003872],[106.43852071238908,-5.464327307196837],[106.43813091926533,-5.464300177738607]]],[[[106.54598203511442,-5.462730318217516],[106.54557681873406,-5.462542784591393],[106.54494889087498,-5.462867673740373],[106.54481936262907,-5.463772891696387],[106.54597436510824,-5.463742020060344],[106.54598203511442,-5.462730318217516]]],[[[106.55723687704781,-5.460928284989878],[106.55719471424092,-5.460696117293098],[106.55664557723718,-5.460986917337745],[106.55632691676401,-5.460712219664457],[106.55624356955529,-5.4611511181661445],[106.55518017577553,-5.460963487958868],[106.55503243678208,-5.461375136103509],[106.55362982496717,-5.4612811492190465],[106.55329907995686,-5.461657104171859],[106.55333124032545,-5.462826868000813],[106.55278987516901,-5.463984217041715],[106.55298023161646,-5.464817027958438],[106.55363505527895,-5.46533534278652],[106.55484271862798,-5.465594955434594],[106.55714825424093,-5.464351050375808],[106.55777020876904,-5.462123471945386],[106.5582379378024,-5.461667759774141],[106.55723687704781,-5.460928284989878]]],[[[106.57263521362212,-5.456523932322417],[106.57183742663356,-5.455763071112132],[106.57042168703141,-5.455372882769275],[106.56671715918395,-5.457034482174155],[106.56616129334026,-5.458638135764226],[106.56659984317676,-5.460067383581778],[106.56812550508539,-5.459785630203724],[106.56965342631655,-5.458828297270109],[106.56984639259333,-5.45897333336364],[106.57225376225084,-5.457434170289003],[106.5720641440628,-5.456917336186077],[106.57219104767952,-5.4566254547967485],[106.57282654176508,-5.4568207307360845],[106.57263521362212,-5.456523932322417]]],[[[106.5647521132019,-5.4523857848409705],[106.56434284587925,-5.452769671559479],[106.5646140443969,-5.452797648398018],[106.5647521132019,-5.4523857848409705]]],[[[106.49280854279125,-5.42214495773311],[106.49390785520761,-5.421202692227445],[106.4945418439847,-5.419146110405674],[106.49359431575566,-5.418686112325991],[106.4921659606137,-5.418516464595123],[106.49100043731727,-5.418853651375401],[106.49012048664275,-5.419919939199976],[106.49043340709095,-5.422207440365439],[106.49170699765504,-5.423106587912527],[106.49280854279125,-5.42214495773311]]],[[[106.47110309973972,-5.41562999435748],[106.47209745131376,-5.41472557335382],[106.47319702721725,-5.412976894711847],[106.47255457192892,-5.412227365086058],[106.47138863586812,-5.412322542735333],[106.47042440623581,-5.412981895117989],[106.47019890607787,-5.414773388293866],[106.47044698422363,-5.4154381677554095],[106.47110309973972,-5.41562999435748]]],[[[106.4609158975709,-5.208420744133196],[106.46099436579824,-5.207272775895942],[106.46237344495042,-5.2065979303312115],[106.46227290916173,-5.206401717688293],[106.46087935874975,-5.206999875592245],[106.4609158975709,-5.208420744133196]]],[[[106.46293170541563,-5.202474270869292],[106.46061814140816,-5.203006541108617],[106.45949666933646,-5.203738959649189],[106.45934135711262,-5.206149663002728],[106.46049037226778,-5.207429015034567],[106.46042996330641,-5.20817115003156],[106.46064574361259,-5.207169921030008],[106.46037884573417,-5.206454524100044],[106.46188965011953,-5.2063905813653095],[106.46162235489021,-5.20603154582227],[106.46190445880994,-5.205720466772974],[106.46185944933843,-5.20447471795764],[106.46231373918431,-5.205443968317735],[106.46196689627654,-5.203985729826317],[106.46326967677437,-5.203109675857322],[106.46293170541563,-5.202474270869292]]]]}},{"type":"Feature","id":642,"properties":{"OBJECTID":642,"WADMKD":"Pulau Panggang","WADMKC":"Kepulauan Seribu Utara","WADMKK":"Kab. Adm. Kep. Seribu","KDEPUM":"31.01.01.1001","KDCPUM":"31.01.01","KDPKAB":"31.01","LUASWH":98.57000000000001,"SRS_ID":"32748"},"geometry":{"type":"MultiPolygon","coordinates":[[[[106.61506284102026,-5.742041185637679],[106.61416871227095,-5.742250829075975],[106.61428052036912,-5.742601585247391],[106.61376098843141,-5.743327082894649],[106.6133764007884,-5.7432217098566465],[106.61363924827101,-5.743584468281418],[106.61300072838223,-5.745068643780267],[106.61254691738995,-5.744651192135841],[106.61242758674963,-5.744883118621391],[106.61234331861415,-5.745671625211333],[106.61195883809368,-5.745857222853906],[106.61251477657319,-5.746130383328765],[106.61247169295558,-5.746540526716156],[106.61223300422714,-5.746895663847794],[106.61170999977571,-5.746782178898233],[106.61187310780412,-5.7462201399923565],[106.61153071528568,-5.746824468306424],[106.61212713444714,-5.747246306101315],[106.61150249078904,-5.7491697925500995],[106.61214670571346,-5.749608108251821],[106.61265312703718,-5.749554606291677],[106.61459990518662,-5.747432603244412],[106.61500419310289,-5.748109355121319],[106.61492954676841,-5.747418798625021],[106.61529788839384,-5.746762068396234],[106.6156325348646,-5.746817462434082],[106.61611680312835,-5.747075585092361],[106.61557000997769,-5.748095729296783],[106.61548178058574,-5.750535563006846],[106.61562837573906,-5.748372117251638],[106.61633455826801,-5.74720352382541],[106.61516520739895,-5.746529464374432],[106.61613121301171,-5.743532271421385],[106.61568107583807,-5.742194734125318],[106.61506284102026,-5.742041185637679]]],[[[106.55392838788593,-5.769711002963456],[106.55282763660706,-5.769509387207408],[106.55240315509792,-5.770373642754167],[106.55303657205734,-5.770890075334235],[106.55317763890476,-5.770665996889964],[106.55258131034702,-5.770322797199956],[106.55293216292594,-5.769834651441546],[106.55336413720246,-5.769790383444772],[106.5543178263236,-5.771577832771358],[106.55369989896563,-5.771723623274118],[106.55320044924453,-5.771001852025872],[106.5531185407769,-5.77139402337419],[106.55402336808699,-5.772011148750539],[106.55482982695865,-5.771380863323941],[106.55392838788593,-5.769711002963456]]],[[[106.560098619256,-5.771802543233429],[106.56129566120426,-5.7701062872956035],[106.56127559631254,-5.769416213167394],[106.55993724409922,-5.7698771363855625],[106.55895252193353,-5.771195678958015],[106.55915715698058,-5.77185241058766],[106.560098619256,-5.771802543233429]]],[[[106.58409366779603,-5.7604449162427205],[106.58368593784367,-5.76045511703636],[106.58344805633635,-5.761911156158729],[106.58262152508308,-5.762517789091367],[106.58202768483638,-5.76362973512943],[106.58127201585405,-5.7671054938522355],[106.58203023634299,-5.764554625763319],[106.5827841759033,-5.765371670961869],[106.58348454157291,-5.765388518356474],[106.58372759320767,-5.763691970874024],[106.58429513290989,-5.762578778632937],[106.58385065993544,-5.761278376911041],[106.58409366779603,-5.7604449162427205]]],[[[106.58092382901067,-5.766974539126626],[106.58207769618026,-5.762354655843543],[106.58291737308036,-5.760939982102358],[106.58288378431988,-5.760101297104454],[106.58182962969643,-5.761862925552034],[106.58092382901067,-5.766974539126626]]],[[[106.60754664322334,-5.759303804783108],[106.60712230726948,-5.75932838014611],[106.60707685644584,-5.759956486289605],[106.60821585244233,-5.759960229610988],[106.60845896589453,-5.759579423156526],[106.60754664322334,-5.759303804783108]]],[[[106.58650840792883,-5.759589798372811],[106.58722667901841,-5.7581245463708],[106.58636291832187,-5.759440259952948],[106.58650840792883,-5.759589798372811]]],[[[106.58321100818219,-5.757979808165329],[106.58333730983107,-5.75751362028545],[106.5830911473556,-5.7574698331927205],[106.582793660016,-5.757791755152132],[106.58288989210865,-5.758447909834277],[106.58321100818219,-5.757979808165329]]],[[[106.58472541007238,-5.759649474833875],[106.58412853895355,-5.759406153444506],[106.58388966556245,-5.75831752329924],[106.58411341794034,-5.757356271143905],[106.58352774718469,-5.75850240090262],[106.58362128855342,-5.7600263650889065],[106.5856913209802,-5.7597656389725],[106.58595681737215,-5.759413013364531],[106.58472541007238,-5.759649474833875]]],[[[106.61502964284607,-5.751098785552868],[106.61501848780878,-5.749081545709839],[106.61494790910385,-5.7494396146290185],[106.61502964284607,-5.751098785552868]]],[[[106.61901666087044,-5.739558411624783],[106.61889916998066,-5.739551971171951],[106.61906740828316,-5.739701115002855],[106.61901666087044,-5.739558411624783]]],[[[106.59753218426552,-5.739349991783661],[106.59715469040734,-5.73896315934869],[106.5965677841407,-5.739376429146009],[106.59703445535908,-5.739877305731395],[106.59753218426552,-5.739349991783661]]],[[[106.59541602010646,-5.73855164529652],[106.59534536964387,-5.738489026452276],[106.59622666939649,-5.739226234962108],[106.59541602010646,-5.73855164529652]]],[[[106.60306688580772,-5.737581748254583],[106.60308825981924,-5.737533495057887],[106.6030025724189,-5.737535506690514],[106.60306688580772,-5.737581748254583]]],[[[106.60266487121312,-5.737505678980849],[106.60272016691296,-5.737451920376174],[106.6026254753655,-5.737470308574425],[106.60266487121312,-5.737505678980849]]],[[[106.60186322136772,-5.737278285809478],[106.59966331280172,-5.737469157029319],[106.59809137220324,-5.738015868972539],[106.5976322747844,-5.739098269720192],[106.59819083482718,-5.739233787244498],[106.59785279907204,-5.738963147193253],[106.59819257068959,-5.7387245015698936],[106.5990537598961,-5.739049240450655],[106.59909343120921,-5.73929002140675],[106.59850334341509,-5.739272718976932],[106.59878802221152,-5.739337820804695],[106.59999073442954,-5.739584305827787],[106.60114269424457,-5.739347661111343],[106.60152119896121,-5.739854513017427],[106.60146525412503,-5.740438413622238],[106.60190166879472,-5.740271757232778],[106.60381572922445,-5.7426356686691715],[106.60357259865881,-5.740731734263407],[106.60319407516947,-5.74007456684436],[106.60326866966028,-5.7390125028989],[106.60286367320441,-5.738434631270791],[106.60304055200244,-5.737904511153603],[106.6026481391327,-5.737522776273421],[106.6023256698086,-5.737826155212227],[106.60227100089983,-5.737334501224981],[106.60186322136772,-5.737278285809478]]],[[[106.60981617228418,-5.737928711729184],[106.61001101262737,-5.737012005430492],[106.60972048127282,-5.73676881886325],[106.60936098429482,-5.73784675376962],[106.60981617228418,-5.737928711729184]]],[[[106.6033278530407,-5.733893253171034],[106.60265978478571,-5.734289305682453],[106.60052927503851,-5.734078396349438],[106.59849883585188,-5.735374272744884],[106.60008075329753,-5.736111241413989],[106.6013081589498,-5.735895107337989],[106.60289050060587,-5.735262566082398],[106.6033278530407,-5.733893253171034]]],[[[106.57163317227375,-5.729978178960353],[106.57203687580805,-5.7295693652694775],[106.57188328139414,-5.729423092226211],[106.57013490612412,-5.730027532223316],[106.57080532302429,-5.730236149429791],[106.57163317227375,-5.729978178960353]]],[[[106.56593996833426,-5.7110457331257924],[106.56610580218363,-5.7107021768235136],[106.56533533480176,-5.710862459328262],[106.56593996833426,-5.7110457331257924]]],[[[106.5761299630721,-5.707732541666863],[106.57629536477408,-5.709087318424453],[106.57667133556542,-5.708895944133484],[106.5761299630721,-5.707732541666863]]],[[[106.53661497542022,-5.699551603297781],[106.53489086531998,-5.6993036988825],[106.5341004768328,-5.699713866760881],[106.53391931078586,-5.700562398011326],[106.5350715903347,-5.701312979073718],[106.54057909909184,-5.701865807154098],[106.54277420538135,-5.701152144962839],[106.54368943936107,-5.700268761997458],[106.54303113169671,-5.699726784694367],[106.53661497542022,-5.699551603297781]]],[[[106.7133595647606,-5.69532044661076],[106.71311655229101,-5.694956423825087],[106.71345954928054,-5.693652262741049],[106.71247034728438,-5.693778431125543],[106.71161757666486,-5.694641880120861],[106.7110732887948,-5.696071069605348],[106.71117357734316,-5.6965533702392825],[106.71136113692286,-5.696676386112563],[106.71284189966958,-5.695461520327941],[106.71309363674361,-5.695470563066225],[106.71354334664498,-5.696502481280479],[106.7133595647606,-5.69532044661076]]]]}},{"type":"Feature","id":643,"properties":{"OBJECTID":643,"WADMKD":"Pulau Pari","WADMKC":"Kepulauan Seribu Selatan","WADMKK":"Kab. Adm. Kep. Seribu","KDEPUM":"31.01.02.1003","KDCPUM":"31.01.02","KDPKAB":"31.01","LUASWH":174.23,"SRS_ID":"32748"},"geometry":{"type":"MultiPolygon","coordinates":[[[[106.62897926206458,-5.854209296319245],[106.62470745918915,-5.854818582164139],[106.62178604123568,-5.854729785861774],[106.62152350122855,-5.8552457386052685],[106.62080420818815,-5.855578321848165],[106.61776600355229,-5.856188804645473],[106.61611995915399,-5.856897351434687],[106.61472366468091,-5.8568447990095045],[106.61463306594067,-5.858503461959545],[106.61332507624896,-5.8608692611337965],[106.6119681969308,-5.8620121869577035],[106.61055629136696,-5.862630077175115],[106.61001468943765,-5.863530949155353],[106.60914529423118,-5.8639513392596205],[106.61034285966598,-5.863977992410717],[106.612676807866,-5.862847360553457],[106.61488433241763,-5.860956838561515],[106.61815953644097,-5.859321051783272],[106.61924652713766,-5.859785025787797],[106.62005608033056,-5.861390808551136],[106.61941050183549,-5.859412254136279],[106.6185796454393,-5.859265559798585],[106.61867949861409,-5.858997370905471],[106.61958567322198,-5.8586132320008515],[106.62059204675236,-5.860995205425396],[106.62020175060562,-5.859932202921003],[106.62045447874368,-5.8598027965565915],[106.61988099655031,-5.858755980812022],[106.62038181709006,-5.85792160310851],[106.62143122232422,-5.857790569927836],[106.62379089855483,-5.856295755807324],[106.62744570573969,-5.855094641429165],[106.6303288193691,-5.854904283864002],[106.63122904792911,-5.8545513312808195],[106.63071620082879,-5.854179385090662],[106.62897926206458,-5.854209296319245]]],[[[106.52209057168275,-5.954664758664035],[106.52177977411758,-5.9543255380638],[106.52090372132606,-5.954199834259903],[106.51980812937065,-5.955125394780463],[106.5200154579727,-5.956320161635216],[106.5193439967207,-5.957011119844697],[106.51973343970839,-5.957925860330126],[106.51935073982818,-5.959463246850743],[106.5195632058971,-5.96010701164155],[106.52176350867491,-5.959800869647794],[106.52275519900151,-5.95880115197468],[106.52240496472513,-5.95664994992616],[106.52270512343773,-5.955987949924441],[106.52254089900062,-5.954830723247261],[106.52209057168275,-5.954664758664035]]],[[[106.63212812215777,-5.9456502517964145],[106.63355062706668,-5.944059329564782],[106.6333167608591,-5.942925451035059],[106.63117708927726,-5.94236461194057],[106.62989336088461,-5.942444591256401],[106.62794745281664,-5.943094241331349],[106.62788490265335,-5.943564216011808],[106.62914439029903,-5.9445848719512355],[106.63212812215777,-5.9456502517964145]]],[[[106.59219803413193,-5.933690893035951],[106.59204931023156,-5.93354696274067],[106.59149551027487,-5.935302209059627],[106.59002394707534,-5.936164007554595],[106.59136453031098,-5.93564691342135],[106.59178670912645,-5.935879163962451],[106.59272566272432,-5.938235362889976],[106.59261464763078,-5.939425055270636],[106.59330591929591,-5.938898749207003],[106.59441705414402,-5.939182842411354],[106.5953520373403,-5.940750251678893],[106.59663851602147,-5.940295431166776],[106.59678893081364,-5.939392935049363],[106.59652618084509,-5.940092052066042],[106.59544078324907,-5.940486647708824],[106.59467899732445,-5.939013213706242],[106.59609957188253,-5.938280600969218],[106.59701956770287,-5.9390570050312075],[106.59727163239612,-5.940033591357681],[106.59851286834682,-5.9388043678528275],[106.59851762673176,-5.938209503969297],[106.59786565475467,-5.938204745392172],[106.59743191560321,-5.937786188376753],[106.59778682844585,-5.9375570501739405],[106.59763181367823,-5.937143591962493],[106.5968754533103,-5.936946432343736],[106.59714370401292,-5.936831399196774],[106.59673028373844,-5.936323777047644],[106.59641851671778,-5.936628192230016],[106.59578519040686,-5.936522677119548],[106.59395659317113,-5.934811667230087],[106.59362498474106,-5.935088772584313],[106.59284082772486,-5.934547206188308],[106.59193309890797,-5.93463534724705],[106.59219803413193,-5.933690893035951]]],[[[106.58365575112299,-5.92527703165094],[106.58335353977034,-5.925831666004636],[106.58190122916714,-5.926126554752042],[106.58240091511242,-5.926754734017539],[106.5819930001956,-5.927404536015361],[106.58270977706916,-5.92795037801466],[106.58236780784634,-5.928737627388916],[106.58317065821608,-5.92944390178371],[106.58270174596309,-5.928836828336258],[106.58282985917751,-5.928322216231919],[106.58304309234158,-5.928389805997659],[106.58381463436234,-5.929060857090777],[106.58353077505559,-5.9296146391842806],[106.58387569569575,-5.929287020894833],[106.58495385067668,-5.929767430321035],[106.58473765499868,-5.929405723083207],[106.58559639775794,-5.930017233915475],[106.58667460642914,-5.931515282058509],[106.58706473382193,-5.933823750101173],[106.58760284341533,-5.934169805610786],[106.58759729771161,-5.935039352662621],[106.58800437476043,-5.934945160795454],[106.58816855821561,-5.934704835154846],[106.58768200499883,-5.934070488866243],[106.58882863782613,-5.93364766975169],[106.58931170323226,-5.934175316614772],[106.58878938440883,-5.933531855877586],[106.5896488593109,-5.93246673330563],[106.58902577205114,-5.932543049644164],[106.58875485283949,-5.9321692263315535],[106.58812767581718,-5.932087965996101],[106.5875308970759,-5.929997001781038],[106.5866473592164,-5.9288377775820456],[106.58709051898242,-5.927972603708226],[106.58683255927684,-5.927624688201847],[106.58719914964517,-5.927541601436795],[106.58519050394585,-5.926541552666445],[106.58490105402817,-5.926009750938401],[106.58365575112299,-5.92527703165094]]],[[[106.59923810797679,-5.863004610317631],[106.59933939277359,-5.8625705597388045],[106.5991048560257,-5.862502544219436],[106.59866414929763,-5.863582327747588],[106.59777774400852,-5.863672060410419],[106.59826079558407,-5.866291452246232],[106.59893097901423,-5.866196248738916],[106.59907427425276,-5.865790929367197],[106.59923810797679,-5.863004610317631]]],[[[106.58263997216787,-5.862126671146947],[106.58216437723367,-5.861951670753083],[106.5818383549644,-5.862196182082874],[106.58235940482766,-5.86259901388652],[106.58407527215869,-5.862516010911368],[106.58263997216787,-5.862126671146947]]],[[[106.60053186198843,-5.855596258244883],[106.59980104761348,-5.855560229155443],[106.59961985763071,-5.856554827715978],[106.60066713002453,-5.856991387752073],[106.60118767874953,-5.857814766806772],[106.6019118924397,-5.857659596770902],[106.60140454238025,-5.856246300888432],[106.60053186198843,-5.855596258244883]]],[[[106.62274496312087,-5.854320650249064],[106.62286441637305,-5.854013738562224],[106.62271830811723,-5.853962836271757],[106.62274496312087,-5.854320650249064]]],[[[106.6150772739799,-5.854953282691753],[106.61434210381002,-5.853625222231101],[106.61352288742312,-5.8546805976423935],[106.61463271307578,-5.855467351014427],[106.6150772739799,-5.854953282691753]]],[[[106.60544094305628,-5.853571597996361],[106.60489710074287,-5.853728614993464],[106.60512203604684,-5.855911287931214],[106.6054649732232,-5.855926473716972],[106.60557400743733,-5.856462279579711],[106.60334207686141,-5.857517277820343],[106.60349672363425,-5.857908721071649],[106.60325622466634,-5.858098731681782],[106.6023244146297,-5.858287058709154],[106.60223296788672,-5.859225645628204],[106.60293124524698,-5.859541766943718],[106.6029344014209,-5.859898532879984],[106.6018413702776,-5.860200615836452],[106.60162764979587,-5.8594606473266175],[106.60187939159017,-5.8588826002287275],[106.60136739407332,-5.858724124864308],[106.6012422298184,-5.859447210685729],[106.600969728923,-5.859517035434797],[106.60135406299365,-5.860682515266228],[106.60551948515,-5.859626289653924],[106.60563924115647,-5.858963343156866],[106.60585899367007,-5.859227132210545],[106.60759928698022,-5.859082567171431],[106.60865225973518,-5.858391252076037],[106.60899263169462,-5.855993818872722],[106.6058349085822,-5.856229382007663],[106.60620784782236,-5.855853735565426],[106.60525305000701,-5.855819300419981],[106.60544094305628,-5.853571597996361]]],[[[106.62190603594674,-5.852532401994932],[106.62141362000025,-5.8528416442040845],[106.6217283783241,-5.85334405995319],[106.622112826723,-5.85291612556097],[106.62190603594674,-5.852532401994932]]],[[[106.6208200058346,-5.852474392738569],[106.61963266559937,-5.853195754993919],[106.61928792379176,-5.8541159969728565],[106.61952016701679,-5.8547114498176756],[106.61994408037899,-5.854789857158548],[106.619739983788,-5.854003049908064],[106.62000810810449,-5.85319596836709],[106.62027317574201,-5.8534558515626625],[106.62119377719222,-5.852938044702217],[106.6208200058346,-5.852474392738569]]]]}},{"type":"Feature","id":644,"properties":{"OBJECTID":644,"WADMKD":"Pulau Tidung","WADMKC":"Kepulauan Seribu Selatan","WADMKK":"Kab. Adm. Kep. Seribu","KDEPUM":"31.01.02.1002","KDCPUM":"31.01.02","KDPKAB":"31.01","LUASWH":103.48,"SRS_ID":"32748"},"geometry":{"type":"MultiPolygon","coordinates":[[[[106.48007915791462,-5.793167031969197],[106.4788617038532,-5.793255560640499],[106.47865298429797,-5.793526901426495],[106.48405186571061,-5.795843225005345],[106.48749387685046,-5.796126106957868],[106.49261085895102,-5.7976150665878725],[106.49078114899726,-5.797015062107769],[106.4915349043955,-5.796952472225688],[106.49313968917727,-5.797460400922474],[106.49378044098174,-5.7979868283390195],[106.49321434031047,-5.797820542955793],[106.49351905572678,-5.797954456308412],[106.49719913416956,-5.7990380729213085],[106.49678460364149,-5.799532903987306],[106.49789644826461,-5.7999284637452275],[106.49829420909688,-5.799998249177787],[106.4974271634032,-5.799585714983982],[106.49754153085634,-5.799098540739427],[106.4988528331992,-5.799163835643675],[106.50093242879655,-5.799892070875033],[106.50135992106482,-5.800759991369155],[106.50174612219573,-5.800295144621956],[106.50327512824435,-5.800840369980645],[106.50259827455976,-5.800516041138292],[106.50278996134764,-5.800456529937968],[106.50393364068238,-5.801086671119858],[106.503781152022,-5.800908810062868],[106.50420402916411,-5.800860027006943],[106.50965515720871,-5.802815417045111],[106.51139789842647,-5.802906579919951],[106.51167995156617,-5.80320587055294],[106.51164663015919,-5.804545696211306],[106.51178043568368,-5.803623576968974],[106.51143403031132,-5.802748886122238],[106.51177092796466,-5.802561662702696],[106.5093426299303,-5.801688694699948],[106.50890423811813,-5.8018998510126085],[106.5065515998923,-5.801472134998763],[106.50363306563521,-5.800152892238015],[106.50244442363099,-5.79937491237294],[106.50215510312265,-5.7988110505977275],[106.50116897410557,-5.798627394800409],[106.5004334496517,-5.797933990616195],[106.50085137512053,-5.797543025127392],[106.50100675068596,-5.796549018552289],[106.50065422407182,-5.796613790566079],[106.50067528867008,-5.797430070443457],[106.50035311294117,-5.797722611340361],[106.4996918277796,-5.797121348552735],[106.50039121721316,-5.796393375360514],[106.49951723280866,-5.796959295025182],[106.49876282220723,-5.796566889804906],[106.49856251096199,-5.796747964672958],[106.49718875601101,-5.795614579930515],[106.49628045619728,-5.795319116768213],[106.49523347159915,-5.795214330767283],[106.49406207993083,-5.795936632414618],[106.49143807202827,-5.796212165235638],[106.48269734669698,-5.793324111442623],[106.48007915791462,-5.793167031969197]]],[[[106.556924555738,-5.824148296145301],[106.55630803194208,-5.824360086882347],[106.55705238910193,-5.824179005121115],[106.556924555738,-5.824148296145301]]],[[[106.55593063756723,-5.824003819173451],[106.55590015801094,-5.823802863668411],[106.55527062581301,-5.824247449332185],[106.55517564099829,-5.8246716624472885],[106.55594195056763,-5.824435413697251],[106.55593063756723,-5.824003819173451]]],[[[106.55867926259415,-5.823698133757024],[106.55885630279226,-5.823597249759959],[106.55756443018501,-5.824010349444888],[106.55867926259415,-5.823698133757024]]],[[[106.55678189691677,-5.823535725397874],[106.55682342574192,-5.823468833848842],[106.55674178042136,-5.823504592321734],[106.55678189691677,-5.823535725397874]]],[[[106.55931583083408,-5.822955165686261],[106.55957998501052,-5.8217154831501885],[106.55931824416417,-5.820841745176721],[106.55859549621411,-5.820527652153562],[106.55922295984661,-5.8208535186480805],[106.55947528809193,-5.821653616939847],[106.55931583083408,-5.822955165686261]]],[[[106.54961357883838,-5.820000083584719],[106.54859092834697,-5.820039230153183],[106.55430858324212,-5.823019096207132],[106.55466004977347,-5.823492272846912],[106.55409403505088,-5.824225695946009],[106.55462006538846,-5.824546454412664],[106.55473491676484,-5.823448346622535],[106.555765847332,-5.823611898866739],[106.55720440314684,-5.82291729466571],[106.55786593227172,-5.822161870880131],[106.55785338256702,-5.820775769267446],[106.55825474482903,-5.820616890347004],[106.55552684288125,-5.820160951363834],[106.54961357883838,-5.820000083584719]]],[[[106.54895870098184,-5.814104647036714],[106.54931765089967,-5.814364588759342],[106.55027040585354,-5.814229785706465],[106.54895870098184,-5.814104647036714]]],[[[106.52241262878935,-5.80432958855146],[106.52143544832907,-5.804188557254578],[106.52127506263541,-5.80518783715924],[106.52158097767831,-5.805648764562578],[106.52151049825349,-5.804341189719443],[106.52224854464663,-5.804568847619385],[106.52196135513155,-5.805629845173533],[106.52241262878935,-5.80432958855146]]],[[[106.53564925568945,-5.803324817354002],[106.53545710843096,-5.803385670554596],[106.53584565716156,-5.803448926272588],[106.53591893595957,-5.8044829957361666],[106.53590052780865,-5.803492273168976],[106.53564925568945,-5.803324817354002]]],[[[106.51223831588352,-5.8032820698184535],[106.51202430701062,-5.804249573662913],[106.51238857262821,-5.803437242310693],[106.51223831588352,-5.8032820698184535]]],[[[106.51770961320925,-5.8023917353515495],[106.51679336939048,-5.802766075829801],[106.51619064192792,-5.802500985874635],[106.51716486803932,-5.8032540431464374],[106.52252646580635,-5.804154261142123],[106.5265782068978,-5.8043530976997255],[106.529999427601,-5.804036610642872],[106.52346071160856,-5.802549201571393],[106.51770961320925,-5.8023917353515495]]],[[[106.50590697937047,-5.801897517091565],[106.50555204903033,-5.8017355971476645],[106.50555553175515,-5.8017478487942835],[106.50590697937047,-5.801897517091565]]],[[[106.52893265271801,-5.801668610231214],[106.52898577767056,-5.801641677072551],[106.52894774405503,-5.801625474942246],[106.52893265271801,-5.801668610231214]]],[[[106.50551915466436,-5.801726969640859],[106.50523084080523,-5.801597127852573],[106.5052221400752,-5.801603000209584],[106.50551915466436,-5.801726969640859]]],[[[106.50519418244501,-5.801588670403181],[106.50491792725914,-5.801466127749935],[106.50491697457583,-5.801478024947139],[106.50519418244501,-5.801588670403181]]],[[[106.5048970943821,-5.801459766930112],[106.50441339697817,-5.801265317944202],[106.50460270734212,-5.80135783137193],[106.5048970943821,-5.801459766930112]]],[[[106.50439503022886,-5.801257982911684],[106.5039747224427,-5.801091992443421],[106.50434866094844,-5.8012524116151996],[106.50439503022886,-5.801257982911684]]],[[[106.49889921705235,-5.7997659843618905],[106.49888774539717,-5.800124582004697],[106.50062085810364,-5.800692429262092],[106.49889921705235,-5.7997659843618905]]],[[[106.49876259764432,-5.7964092261856495],[106.49877195740241,-5.796339981016966],[106.49872370360279,-5.796378408145126],[106.49876259764432,-5.7964092261856495]]],[[[106.49964472224103,-5.795885265292288],[106.4990748270716,-5.7958115271049735],[106.49879452291762,-5.796290587193336],[106.49920251115682,-5.795925356702846],[106.49980451795517,-5.796350217389956],[106.50036715613452,-5.7959291066936665],[106.50001062023014,-5.796168489324246],[106.49964472224103,-5.795885265292288]]]]}},{"type":"Feature","id":645,"properties":{"OBJECTID":645,"WADMKD":"Pulau Kelapa","WADMKC":"Kepulauan Seribu Utara","WADMKK":"Kab. Adm. Kep. Seribu","KDEPUM":"31.01.01.1002","KDCPUM":"31.01.01","KDPKAB":"31.01","LUASWH":120.66,"SRS_ID":"32748"},"geometry":{"type":"MultiPolygon","coordinates":[[[[106.56701053599647,-5.64244406693777],[106.5623651514209,-5.643624372555447],[106.56201607658961,-5.643225598370283],[106.56090276820058,-5.643532521857137],[106.56073068341402,-5.643057926901946],[106.5596861809586,-5.643354449254972],[106.55965193167438,-5.643894727754185],[106.55852138909604,-5.644222638388624],[106.55856274932503,-5.644679728306207],[106.55381153515614,-5.646061924619248],[106.55386324035025,-5.6464510614401435],[106.55311338835024,-5.646716707268541],[106.5532466383777,-5.64726398274065],[106.55403804978268,-5.6470584338100585],[106.55414271408448,-5.64744314695374],[106.55761746055651,-5.646455421604711],[106.55818818116202,-5.646536835259597],[106.56726494377668,-5.643741062670311],[106.56805292731335,-5.643095694891312],[106.56793952099196,-5.642638822690908],[106.56701053599647,-5.64244406693777]]],[[[106.53160834784096,-5.690712728552605],[106.532619791377,-5.690292029132087],[106.53252313599353,-5.689372331144542],[106.53149387955457,-5.689547826667631],[106.53101673042848,-5.690288183252099],[106.53160834784096,-5.690712728552605]]],[[[106.5617695056674,-5.686142079874583],[106.56279267491684,-5.685190294678083],[106.56287879644084,-5.684701951103903],[106.56169546095643,-5.685782996751655],[106.56151434964188,-5.68603338757776],[106.5617695056674,-5.686142079874583]]],[[[106.58830834882973,-5.678682804242776],[106.58654365041296,-5.679137711090457],[106.58716463172618,-5.679647562758884],[106.5882562567825,-5.679388199642712],[106.58878388614792,-5.678953378202481],[106.58830834882973,-5.678682804242776]]],[[[106.58318760525569,-5.66893900628846],[106.58011286873491,-5.669307415948496],[106.57913417960606,-5.670252636053939],[106.57877984599287,-5.671185916370725],[106.57919112087532,-5.6713497616613],[106.58183184321955,-5.670452504321642],[106.58406693268947,-5.6700955000766875],[106.58500022144504,-5.669381815194916],[106.5844675564183,-5.668898455023286],[106.58318760525569,-5.66893900628846]]],[[[106.55988129665222,-5.66883604321904],[106.55943031917616,-5.669036526126989],[106.55979531679071,-5.669518457907038],[106.56102984066395,-5.669116163910858],[106.55988129665222,-5.66883604321904]]],[[[106.56802803532803,-5.66758017697357],[106.56875457011904,-5.667162279702832],[106.56868301532975,-5.666725775926411],[106.56819643893897,-5.666687753661302],[106.56763158462452,-5.667151050999909],[106.56759045406633,-5.66751423319965],[106.56802803532803,-5.66758017697357]]],[[[106.56954781110508,-5.660376887132052],[106.56820131936661,-5.660865823637217],[106.56723151228937,-5.661861390241413],[106.56569563534252,-5.662735595587378],[106.5652710172019,-5.66371969112601],[106.56578308011886,-5.663663947688892],[106.56595130135574,-5.663989770599192],[106.5684398158201,-5.662648407592605],[106.5703419206186,-5.661036709707903],[106.57014504578902,-5.660568505078807],[106.56954781110508,-5.660376887132052]]],[[[106.56452483936471,-5.657092634284713],[106.56437180221296,-5.656954388232665],[106.56436345428563,-5.657364998343299],[106.56480592866461,-5.658297220986868],[106.56453117474392,-5.658579089674061],[106.56491483536063,-5.658548927568945],[106.56495770412238,-5.657354309751584],[106.56452483936471,-5.657092634284713]]],[[[106.57238433671931,-5.656339910800827],[106.57199942395641,-5.656661056894373],[106.5722340876173,-5.656647149340912],[106.57238433671931,-5.656339910800827]]],[[[106.5694702013278,-5.65547458197731],[106.56943374779468,-5.655154227234998],[106.56928926705521,-5.655242363017628],[106.5694702013278,-5.65547458197731]]],[[[106.56984513834551,-5.655706814029187],[106.57086508780512,-5.65508446629126],[106.56998536107494,-5.655508560294003],[106.56984513834551,-5.655706814029187]]],[[[106.57190489412584,-5.65470855506989],[106.57162712990798,-5.654948302226862],[106.57179559302656,-5.655726298837249],[106.57190489412584,-5.65470855506989]]],[[[106.57203608126662,-5.6520158252192365],[106.57185794710165,-5.652345812649123],[106.5711096893572,-5.652252466220015],[106.57092896127132,-5.65261131067117],[106.56967159099769,-5.652435263648948],[106.5696477394358,-5.652191199306716],[106.56893980125264,-5.653139871370455],[106.56798308779064,-5.653186712441381],[106.5677614896021,-5.6535446848307105],[106.56751384485158,-5.653198675062481],[106.56788453666135,-5.652991756448195],[106.56703347229784,-5.653302899661082],[106.56673873103188,-5.652849059192775],[106.5669071006934,-5.653241072260519],[106.56643282770565,-5.653654895602507],[106.56606962560454,-5.653016766628229],[106.56583947925684,-5.653332759179357],[106.56609980600864,-5.653845859348998],[106.56545999087845,-5.6548054096308595],[106.5651031910981,-5.654855401930429],[106.56427474193016,-5.656680301225305],[106.56676032962709,-5.657004414215321],[106.56785657780881,-5.656255546738573],[106.5689116859167,-5.656129920034196],[106.56937690261886,-5.655709568314316],[106.56908154571137,-5.65523113619647],[106.56944698786458,-5.654775762883535],[106.56984300222936,-5.654841454058797],[106.5695771250848,-5.655024118240224],[106.57005178011788,-5.654875664384916],[106.57160107008845,-5.6541947810338],[106.57147808983596,-5.65370782624913],[106.57316884041077,-5.653231553376025],[106.5735522545629,-5.653912152263438],[106.57378068421446,-5.655913279079345],[106.57322489997757,-5.656501877550419],[106.57399516241803,-5.6566812137084765],[106.57379175930447,-5.653242166072889],[106.57314595971813,-5.652407900571012],[106.5728212506852,-5.652641123008304],[106.57267356388903,-5.6522162674083],[106.57203608126662,-5.6520158252192365]]],[[[106.56920916533102,-5.648526618972229],[106.56872705657008,-5.648796857897808],[106.56780387680125,-5.6486650078467235],[106.56726047440254,-5.649236983851989],[106.56620380120742,-5.649446982369875],[106.56509447624893,-5.6492200408219215],[106.56450431340451,-5.648713172184635],[106.56410935855268,-5.64887200989231],[106.56451147831845,-5.64956421931278],[106.56500106926754,-5.649348404309114],[106.56702359173477,-5.649613984738845],[106.56733696723197,-5.650061170135769],[106.56797657033273,-5.650200826974858],[106.56766853188049,-5.650190920782957],[106.56764925083786,-5.649745432418291],[106.5684369033198,-5.6500196066373665],[106.5685432196815,-5.649606045928725],[106.56926074654979,-5.649752698303042],[106.56955454297332,-5.64938186692642],[106.56947212134699,-5.648640879668484],[106.56920916533102,-5.648526618972229]]],[[[106.5688169679513,-5.648429561655459],[106.56811050567994,-5.648287746277162],[106.56881220876888,-5.648445266070234],[106.5688169679513,-5.648429561655459]]],[[[106.56784911272874,-5.64822325017824],[106.56767969472794,-5.648259179788592],[106.56807563662147,-5.648265365604092],[106.56784911272874,-5.64822325017824]]],[[[106.55594169031001,-5.642411948966644],[106.55566637503394,-5.641335381208408],[106.55519513718403,-5.641401497875296],[106.5556562484297,-5.642406621124755],[106.55594169031001,-5.642411948966644]]],[[[106.54629992002886,-5.623783104909969],[106.54457607291833,-5.623569276844961],[106.54399176958412,-5.623725725142066],[106.54363016497948,-5.6242352018330255],[106.54401043920001,-5.624753293207369],[106.54478831888069,-5.625007300940806],[106.54804168721076,-5.6246492279304015],[106.54804605456597,-5.624113964025945],[106.54766573085661,-5.62381641688426],[106.54629992002886,-5.623783104909969]]],[[[106.56163799316488,-5.619840354091875],[106.56080630274457,-5.620147288005231],[106.56123103788394,-5.6207504818945955],[106.56173857465329,-5.620547693254026],[106.56163799316488,-5.619840354091875]]],[[[106.55068137438772,-5.620552118838767],[106.5516148787871,-5.619032670713121],[106.5553398030805,-5.6177054616462145],[106.55660497370164,-5.616733777350996],[106.55654688239056,-5.61604748943147],[106.55525894143199,-5.614561381760808],[106.55428919314444,-5.6142390609580595],[106.55360216169737,-5.614448801693674],[106.55056121098222,-5.616818744709173],[106.55020839431535,-5.618753352163236],[106.54913353398855,-5.620459319692469],[106.54950640737567,-5.6208383298206295],[106.55068137438772,-5.620552118838767]]]]}},{"type":"Feature","id":646,"properties":{"OBJECTID":646,"WADMKD":"Pulau Untung Jawa","WADMKC":"Kepulauan Seribu Selatan","WADMKK":"Kab. Adm. Kep. Seribu","KDEPUM":"31.01.02.1001","KDCPUM":"31.01.02","KDPKAB":"31.01","LUASWH":129.4,"SRS_ID":"32748"},"geometry":{"type":"MultiPolygon","coordinates":[[[[106.6909508140916,-5.97076136978105],[106.68972405116408,-5.970777008375705],[106.6891363244101,-5.971919150081934],[106.6892380357001,-5.974999264766015],[106.689872874212,-5.975309041836955],[106.69177117978285,-5.97761510241323],[106.6935348640953,-5.977693261996703],[106.69496253973576,-5.97837140869074],[106.6952388403462,-5.977230549911285],[106.69478821612043,-5.974180562639958],[106.69543611157653,-5.9732412734433815],[106.69503166497006,-5.972114041447556],[106.69416667034957,-5.971723889384668],[106.69422361245189,-5.971440877423616],[106.6935562797336,-5.971846927412349],[106.69286212184915,-5.971282728613117],[106.69153214761752,-5.9712355340934105],[106.69134029218137,-5.9708135117720085],[106.6909508140916,-5.97076136978105]]],[[[106.73588396664998,-6.038562012779194],[106.73569187598149,-6.037502560875108],[106.73542068694722,-6.040184090892132],[106.73622711398946,-6.039982528003819],[106.73650106064314,-6.039356392889142],[106.73588396664998,-6.038562012779194]]],[[[106.74671167310139,-6.034214873786521],[106.74589984434375,-6.034352557787628],[106.74557851635406,-6.035161084678655],[106.74622202487308,-6.0372180794254495],[106.74663238996867,-6.037312129810193],[106.74772449040718,-6.03686281095467],[106.74799365732244,-6.03512426814611],[106.74761779610279,-6.034365315697031],[106.74671167310139,-6.034214873786521]]],[[[106.73528225281689,-6.032174097076883],[106.73442052798721,-6.032052629742478],[106.73354902465377,-6.032544374002308],[106.7333746568314,-6.0334554171378265],[106.73362887971402,-6.034198524750336],[106.7345415437503,-6.034763337846146],[106.73533789009059,-6.0344297325781024],[106.73518187070337,-6.034976582097358],[106.73595497069368,-6.034726359675355],[106.73662278509765,-6.03313463861207],[106.73578038424556,-6.032250445050379],[106.73528225281689,-6.032174097076883]]],[[[106.74561267759829,-6.026023212407964],[106.74519089695863,-6.024952468810077],[106.74487637605904,-6.026487076908265],[106.7453258980046,-6.026691592982928],[106.74561267759829,-6.026023212407964]]],[[[106.8317824047984,-6.0068578169403795],[106.83184535862559,-6.006255038266072],[106.83162631366748,-6.006354451251745],[106.8317824047984,-6.0068578169403795]]],[[[106.78217606756219,-6.003305411453073],[106.78193409499852,-6.002975638226893],[106.78094480523436,-6.00285975016276],[106.77980292417314,-6.002863442778418],[106.77951853490866,-6.003201027790352],[106.78051313304127,-6.004787219229491],[106.7815407762759,-6.005563114226286],[106.78270847201374,-6.0042512447732355],[106.78217606756219,-6.003305411453073]]],[[[106.84713503573556,-5.985050318255572],[106.84776500883538,-5.984444088908269],[106.84737602723673,-5.983936309590016],[106.84678321412999,-5.984233264148477],[106.84713503573556,-5.985050318255572]]],[[[106.70579200420889,-5.974985770916107],[106.70527948165783,-5.975303153069766],[106.70438635091811,-5.9750704155985845],[106.7032268766021,-5.975372504938878],[106.70240379276724,-5.976758674808263],[106.70588222998977,-5.979341955773564],[106.70841496071563,-5.980338354552242],[106.71058432376893,-5.979255315320588],[106.7102758051122,-5.978991152382031],[106.71067134591867,-5.978186746735924],[106.7113526186438,-5.978447637816984],[106.71031439491212,-5.980080246702145],[106.71122256111659,-5.979117181773427],[106.71142030800236,-5.978475326197578],[106.71028736655403,-5.976060504898763],[106.70801822541924,-5.9752009718488805],[106.70743723502373,-5.9754853142748185],[106.70579200420889,-5.974985770916107]]],[[[106.84546216163037,-5.955259876043681],[106.84364378111437,-5.954659708188544],[106.84265869798696,-5.954886019630985],[106.8419410766258,-5.955493263926782],[106.84137385896102,-5.956646543862145],[106.84231990041329,-5.958068516652164],[106.84330991710931,-5.958482831658054],[106.84502454434188,-5.9602671397521325],[106.84574089764578,-5.960468871260237],[106.8463530761432,-5.959390704687767],[106.84645344464617,-5.957836477624215],[106.84711703283328,-5.95749275061549],[106.84724934028714,-5.956951757949774],[106.8470193250117,-5.956432241885098],[106.84546216163037,-5.955259876043681]]]]}}],"metadata":{"source":"Jakarta Satu Geoportal (DKI Jakarta Provincial Government)","service":"https://jakartasatu.jakarta.go.id/server/rest/services/Batas_Administrasi_Update/Batas_Administrasi_DKI_Jakarta_Update_View/MapServer/3","dataset":"Batas Administrasi Kelurahan","accessedAt":"2026-09-25T08:27:00.718Z","confidence":"High — official government GIS service, live-queried","featureCount":267}}