{"type":"FeatureCollection","features":[{"type":"Feature","id":1,"properties":{"OBJECTID":1,"WADMKC":"Johar Baru","WADMKK":"Kota Adm. Jakarta Pusat","KDCPUM":"31.71.08","KDPKAB":"31.71","LUASWH":236.76,"SRS_ID":"32748"},"geometry":{"type":"Polygon","coordinates":[[[106.85781959902037,-6.174535303092934],[106.85768338158923,-6.173987281671872],[106.84570664055144,-6.175083269376308],[106.84505754658502,-6.175474509780559],[106.84675635142092,-6.1806380133638665],[106.85536599395785,-6.1920972561485055],[106.85998654394885,-6.189195259042261],[106.86264974633053,-6.188622580144728],[106.86374559210385,-6.188050234756804],[106.86243486058298,-6.185511836048091],[106.86171674361962,-6.181523302414548],[106.86144706071869,-6.181192005635604],[106.85989062373159,-6.181059344282952],[106.85781959902037,-6.174535303092934]]]}},{"type":"Feature","id":2,"properties":{"OBJECTID":2,"WADMKC":"Penjaringan","WADMKK":"Kota Adm. Jakarta Utara","KDCPUM":"31.72.01","KDPKAB":"31.72","LUASWH":4052.4700000000003,"SRS_ID":"32748"},"geometry":{"type":"MultiPolygon","coordinates":[[[[106.7256273690149,-6.089087464250393],[106.72368907005276,-6.090399352181585],[106.72233966997793,-6.091919125697117],[106.72094780927807,-6.091458041856878],[106.7193867819129,-6.092591307550857],[106.7186072675546,-6.091634174000977],[106.71655027506698,-6.09191346339735],[106.71386599976393,-6.094636000136183],[106.71462800008916,-6.095489000137287],[106.714418138177,-6.0957852734210425],[106.71225574785288,-6.095732804074682],[106.71060852315117,-6.096578106187079],[106.710758968105,-6.096804464193678],[106.71142337737773,-6.096441140633981],[106.71248832931974,-6.097411108626752],[106.7130541086968,-6.097483446840942],[106.71436018155107,-6.098940048301509],[106.71752886026326,-6.105039612721183],[106.72729244058704,-6.117413207871813],[106.7314882940996,-6.121430386410034],[106.7333971370976,-6.123172620825926],[106.73858042598401,-6.126799833666146],[106.74408292472367,-6.129550262597967],[106.75066592840254,-6.1342997716832475],[106.75628548338996,-6.136591249049013],[106.76821151595098,-6.140654184177937],[106.77275728615624,-6.141465998112003],[106.77514790524926,-6.141529035206308],[106.77555777834282,-6.1419314670967555],[106.77543737570039,-6.1436548581394135],[106.77485953879363,-6.145440370439414],[106.77726339368151,-6.1440635238569525],[106.78778032104461,-6.1431852691710525],[106.78938819530616,-6.142429437070472],[106.7904932359769,-6.142285952317199],[106.79207707958292,-6.142795234244212],[106.80056297855427,-6.141883564283466],[106.80021600924422,-6.135840394594225],[106.8004754417526,-6.134722435595931],[106.80116920402638,-6.13365993488377],[106.8025103646534,-6.132881823633571],[106.81048250392337,-6.130838111355103],[106.80950702492412,-6.127951837001884],[106.80965505859442,-6.126846912704177],[106.80922879932615,-6.124534626932288],[106.80877535923379,-6.123723939974785],[106.80818282516556,-6.11837355627026],[106.80764579456887,-6.116083901449606],[106.80728531139547,-6.116094167292761],[106.80706730316652,-6.115314849060003],[106.80599410056126,-6.108430894630752],[106.80618821387338,-6.107908752342205],[106.80381106359648,-6.094433384168767],[106.80303206491328,-6.094575620022318],[106.80446291000105,-6.1019616828036165],[106.80244244721186,-6.102270645050056],[106.80198230075352,-6.09986272118955],[106.80087404201474,-6.099996334406877],[106.7997849343711,-6.094778341450202],[106.80011641971707,-6.09660637197572],[106.79889644844135,-6.096784427309022],[106.7984494115545,-6.094290542216078],[106.80055708798783,-6.092442560137453],[106.79820584024844,-6.094145678945473],[106.79997392189394,-6.103946560623441],[106.79946235705296,-6.104022175408585],[106.79986956512501,-6.106221060981979],[106.79943026843667,-6.10741461692358],[106.79762647570739,-6.108105651728649],[106.79752485069199,-6.108791488978254],[106.7961659200979,-6.108869849950605],[106.7959737944135,-6.1072653143894415],[106.79580060369952,-6.105408204310474],[106.7962437489888,-6.104051686820007],[106.79664210893922,-6.103915238281535],[106.79654704734273,-6.1005618717434755],[106.79710792323704,-6.095152381642273],[106.79670787786958,-6.094258136650681],[106.79601588214581,-6.0939741171288775],[106.79528860188712,-6.094394992822942],[106.7955816033502,-6.095050107424904],[106.79616164688815,-6.0948304713875725],[106.79649949512087,-6.095087717993038],[106.79634154033438,-6.097004197270718],[106.7943496237864,-6.097998383320218],[106.79422615742655,-6.098516833549297],[106.7939233753045,-6.101388372100823],[106.79431667015797,-6.102940946553729],[106.79408287241647,-6.1049898860688145],[106.7935765879916,-6.1055102757826685],[106.79041984088956,-6.106831262231989],[106.7901351334151,-6.107987295217884],[106.79041436192864,-6.107996190655564],[106.78726351171846,-6.108112403343195],[106.78709321436921,-6.109059879947976],[106.78690369583917,-6.10824269105062],[106.78638686327726,-6.108061910655231],[106.78566402061773,-6.108087140414289],[106.78515259242941,-6.10853682338847],[106.78251306016759,-6.108558460569439],[106.77781200296862,-6.106658779038945],[106.77808650306295,-6.105721785134749],[106.77772376122383,-6.106534514390858],[106.77657585763654,-6.106042319222489],[106.77732020385209,-6.106561164625161],[106.776958525717,-6.107566249029316],[106.77655899678676,-6.1075785269067735],[106.77642333316363,-6.107947754190193],[106.77593334234412,-6.107779230787699],[106.77452586990856,-6.110116942846522],[106.7742316677508,-6.10982416041748],[106.77499092574556,-6.10780932784671],[106.77471129408657,-6.107696997616909],[106.77491592966656,-6.106993557034034],[106.77554995683836,-6.106685298338627],[106.77716680440265,-6.102597133010379],[106.77661239242545,-6.103720108898948],[106.77491332814586,-6.1038583688484485],[106.77449944502638,-6.104908460409263],[106.77222606641162,-6.104567416344832],[106.77142938455786,-6.104216673411569],[106.77215587645107,-6.102279327821371],[106.77135665666388,-6.103753640643628],[106.76998846355933,-6.103301372814271],[106.76927299811074,-6.102962744419574],[106.76726574278577,-6.100667032341242],[106.76654542099168,-6.100458293940383],[106.76471103465545,-6.098990354642846],[106.76352500122738,-6.10027522077437],[106.76357647420419,-6.100484386090246],[106.76463839661794,-6.099976157095499],[106.76498232642761,-6.100123326118367],[106.76407151441092,-6.102766545937477],[106.76308830842704,-6.103444212917339],[106.76065732466462,-6.1040278436423225],[106.76078771955176,-6.10383552591148],[106.76038036174788,-6.1036836223595605],[106.75999975457262,-6.104121108135004],[106.7593291856776,-6.104034947878385],[106.75934509905407,-6.103820959993397],[106.75839691918347,-6.104055941655049],[106.75569618241589,-6.103554462892798],[106.75217939143715,-6.100909694987512],[106.75073479488827,-6.1008485874237515],[106.75031819042991,-6.100342090424335],[106.75024819802302,-6.099538019130543],[106.7485992472189,-6.100218964865124],[106.74689285094524,-6.099897821322065],[106.7464248058633,-6.101269998708819],[106.7457127348354,-6.100661609895314],[106.74498872301494,-6.10178517913817],[106.74408624115749,-6.101888155254437],[106.74180590364344,-6.101245777576343],[106.74154292271953,-6.101992048998524],[106.74106847188766,-6.10200120264076],[106.74063500895643,-6.101858452158152],[106.74057578300182,-6.100791121139704],[106.73824023330462,-6.099451106601679],[106.737731941425,-6.099673630585559],[106.73742071922172,-6.100274050042058],[106.73637280458385,-6.099578771015418],[106.73641604895843,-6.098572690387094],[106.7339178991716,-6.096038565262363],[106.73328111074579,-6.095804362576966],[106.73169441884384,-6.097688548286148],[106.7312798873232,-6.0976016556867325],[106.73113206957737,-6.096993187439764],[106.730011173655,-6.096202483957198],[106.72911613782045,-6.094826149177109],[106.72855182318011,-6.09474716698089],[106.72727256339591,-6.093612067550267],[106.72757021601902,-6.092985401284833],[106.72718978140112,-6.092786714283393],[106.72677644723245,-6.091727999323446],[106.7267007055879,-6.092194862575172],[106.72615254673121,-6.09232048213005],[106.72589873514423,-6.091684909091128],[106.72698905242542,-6.090067915054455],[106.72630426843376,-6.089845079974088],[106.7256273690149,-6.089087464250393]]],[[[106.79326510878235,-6.100265440079515],[106.7911850507047,-6.100408599172646],[106.79140674958141,-6.103828156821128],[106.79189602344032,-6.103846049434228],[106.7918967868519,-6.103612588682683],[106.79270784102552,-6.1038368309790565],[106.79283668621291,-6.103583827211615],[106.79332462159688,-6.103827120186075],[106.79326510878235,-6.100265440079515]]],[[[106.7921753717554,-6.096576814308612],[106.79154464156741,-6.0970747130493255],[106.79130317337153,-6.099412649077727],[106.7932366921318,-6.099744736819589],[106.79354087591798,-6.097151233223108],[106.7921753717554,-6.096576814308612]]],[[[106.79352827810445,-6.092845303559681],[106.79168767767533,-6.093183777431573],[106.79087717281449,-6.0943205308560096],[106.79028978733962,-6.100365759245506],[106.78996571825256,-6.100507449719164],[106.78991586956023,-6.101326471987449],[106.79040149120318,-6.106659071637891],[106.79125026200227,-6.106266931746952],[106.79088866018678,-6.104820770958534],[106.79125464407495,-6.104814796642301],[106.79128260141442,-6.105512122587251],[106.79164480910862,-6.105752448270589],[106.79201557382193,-6.105528534098539],[106.79191685680789,-6.104862491408902],[106.79219622798689,-6.104801828131493],[106.79258055708503,-6.105350765590516],[106.79334629630307,-6.104705456658221],[106.79311024140712,-6.10420455470634],[106.79098877997646,-6.104256248813977],[106.7908856748482,-6.1003542411308445],[106.7915452230871,-6.095695157360212],[106.79313929781334,-6.096527099931253],[106.79376799000643,-6.096453214310438],[106.79429531718166,-6.095855873224319],[106.79485402198716,-6.093315905168403],[106.79352827810445,-6.092845303559681]]],[[[106.7810630147301,-6.0908672964203285],[106.77894075682839,-6.091036968728443],[106.77846295459331,-6.091427912314577],[106.77867991608815,-6.091687375774203],[106.77882245506842,-6.091283605205397],[106.7792358571767,-6.091177767381491],[106.78002107742348,-6.094651080591916],[106.77975562287118,-6.095037657125282],[106.78017874526473,-6.095012951166499],[106.77995228755917,-6.094305965985488],[106.78095936642508,-6.094697124966247],[106.78125501125346,-6.097090119960912],[106.78126680941507,-6.095679068856375],[106.78159799088397,-6.095307473191405],[106.7813735766431,-6.09539107583431],[106.7813161546421,-6.095012472373408],[106.78210652615985,-6.092627604837616],[106.78296159087381,-6.0936852980203655],[106.78300082132854,-6.094621112627714],[106.78333575466269,-6.0943875406466885],[106.78307638512769,-6.093568421439854],[106.7810630147301,-6.0908672964203285]]],[[[106.73444466993935,-6.081767175580569],[106.73332891133816,-6.0823822268956915],[106.72942085441915,-6.085809775446376],[106.72873460158993,-6.087141780047041],[106.72872151901832,-6.088087173702368],[106.72894026624773,-6.088829594707531],[106.7357068872584,-6.095208476571036],[106.73654113591436,-6.095377002187234],[106.7375225857787,-6.094783260266532],[106.73838912930108,-6.093217868299786],[106.74064568738933,-6.087353533425607],[106.74009240432918,-6.087519099067026],[106.7379353950123,-6.085827777951671],[106.73593131783933,-6.08337990197018],[106.73463572241802,-6.082452326225216],[106.73428973398707,-6.082011453973529],[106.73444466993935,-6.081767175580569]]],[[[106.75216313836334,-6.074102949549632],[106.75118729923017,-6.074556341275403],[106.74957459443613,-6.078368157623677],[106.74724839535762,-6.081973109126512],[106.74278613577914,-6.08639382343874],[106.74138981779903,-6.0883541716139815],[106.73791906158854,-6.095834823413925],[106.73787328589465,-6.096772171905581],[106.73849955240979,-6.097591255673598],[106.74176693486835,-6.099152742315175],[106.74328824645177,-6.099375745167922],[106.74710693472146,-6.0981816916754665],[106.75053471937598,-6.098045456752896],[106.75141390467883,-6.097159718062798],[106.75786811645088,-6.077796631764256],[106.75773689001596,-6.077159015033849],[106.75691580122653,-6.076302601957754],[106.75216313836334,-6.074102949549632]]]]}},{"type":"Feature","id":3,"properties":{"OBJECTID":3,"WADMKC":"Tanjung Priok","WADMKK":"Kota Adm. Jakarta Utara","KDCPUM":"31.72.02","KDPKAB":"31.72","LUASWH":2250.9700000000003,"SRS_ID":"32748"},"geometry":{"type":"MultiPolygon","coordinates":[[[[106.87964119608706,-6.09430273957424],[106.8795122348246,-6.095246405872529],[106.87915794409857,-6.094980233603956],[106.87906470544914,-6.095213490430588],[106.87875594558957,-6.101464620004865],[106.87911471442862,-6.101943105305509],[106.88023632780698,-6.102129158698495],[106.88022481028396,-6.102461115811441],[106.87879293105638,-6.102366631198984],[106.87865671593467,-6.105979714707344],[106.87890575480392,-6.105968584645351],[106.87863440872889,-6.106710861292665],[106.87857030963653,-6.109879773289942],[106.8775856377069,-6.1104193056989535],[106.877236408415,-6.110188964222378],[106.87796832929698,-6.107508255578614],[106.877949972423,-6.1069978634486475],[106.87762070481563,-6.107296891750355],[106.87771095155762,-6.106855586273579],[106.87742146044553,-6.106771957449139],[106.87646727125723,-6.110436897774959],[106.87604934075648,-6.1104201839448455],[106.87665868281533,-6.106658907863484],[106.87687212134993,-6.106738433677426],[106.87744770817582,-6.105252865432434],[106.87756097210544,-6.101875602651277],[106.87668545721196,-6.101775714424282],[106.87467718990199,-6.103677309698793],[106.87266058428449,-6.113693693746945],[106.87290088102003,-6.114127040289726],[106.87178707585987,-6.115343922421892],[106.87120943578489,-6.115030886312962],[106.87054950033654,-6.115335613445116],[106.87024095089326,-6.1147735074176],[106.87097435265919,-6.114348631450135],[106.871706548433,-6.111550365192357],[106.87146888533843,-6.111142934875504],[106.87185745673179,-6.11054433691624],[106.87138557928976,-6.110421856745875],[106.86541584223359,-6.113556208429037],[106.86504550858615,-6.114133865089432],[106.86536094422446,-6.1195724326451995],[106.86604762578199,-6.119808500802133],[106.8651749965952,-6.120630477247903],[106.85771774307273,-6.124039350056701],[106.8573959430443,-6.123828145917641],[106.85223262440809,-6.1261093927428965],[106.84766949236315,-6.127151205847808],[106.84778253862089,-6.128670916655395],[106.84850171958138,-6.130245260275599],[106.84944723614701,-6.131191477738615],[106.84990545366733,-6.133956626429428],[106.85227965900681,-6.136601686027754],[106.85250981160726,-6.139500158685878],[106.8558710290054,-6.149215523970258],[106.8559816210398,-6.150393842926038],[106.85766553429812,-6.150423482709029],[106.86012872523617,-6.149842002956729],[106.8605628534077,-6.1500484256748615],[106.86120025381052,-6.151373387384485],[106.86035812773467,-6.153775756280494],[106.87705764493042,-6.163533431316325],[106.88159182440745,-6.16232247473944],[106.88844637895824,-6.150942848180392],[106.88983464678601,-6.147381690332425],[106.89242988685386,-6.135781893233265],[106.8923643988505,-6.1336542511795455],[106.8937186582751,-6.12955731358655],[106.89313291860755,-6.1143905494040345],[106.8931772953895,-6.107533807930675],[106.89164000211039,-6.107438933276695],[106.89155562406307,-6.106875039068353],[106.89070932968558,-6.106783825427674],[106.89100736287759,-6.0973673679954095],[106.88833973094965,-6.097212062768172],[106.88796378173419,-6.106554156602708],[106.88670053490088,-6.106548028570446],[106.8870094338608,-6.0974094999486015],[106.8861232416872,-6.096338865222571],[106.88645561628682,-6.096357012334739],[106.88645879165551,-6.096105355558981],[106.88428838467685,-6.096030274955039],[106.88378108128313,-6.106417192975246],[106.8822822953712,-6.106380977272675],[106.88268668125419,-6.094812232929055],[106.88218747658718,-6.094791172211386],[106.88200741843151,-6.096091885569837],[106.88174604776643,-6.096035145400934],[106.8817811937869,-6.095394704433773],[106.88116839978484,-6.095356403243079],[106.88108755224964,-6.096655603397023],[106.88076742094249,-6.096998708305732],[106.88043770974365,-6.096989382888781],[106.8804020417104,-6.0954595290314435],[106.8802304221927,-6.097742974581948],[106.87993780411642,-6.09852471291511],[106.87961657587174,-6.098564532568681],[106.87964119608706,-6.09430273957424]]],[[[106.87745340559093,-6.0948207791836],[106.87731677564386,-6.093776750778789],[106.8765879865904,-6.097588056644714],[106.87458888073392,-6.097233243207534],[106.87384923087926,-6.100652113575269],[106.87506553205291,-6.098331467442756],[106.8757908260282,-6.097972051568731],[106.87643489588748,-6.09803343882149],[106.87605369669181,-6.100424929574394],[106.87657034644504,-6.099471501691508],[106.87702686942993,-6.099513007007162],[106.87694676940227,-6.100321564817923],[106.87777512632408,-6.099837119581135],[106.87818295263898,-6.099108452789651],[106.87834668600479,-6.095045610088487],[106.87778664658018,-6.094657559045913],[106.87745340559093,-6.0948207791836]]]]}},{"type":"Feature","id":4,"properties":{"OBJECTID":4,"WADMKC":"Koja","WADMKK":"Kota Adm. Jakarta Utara","KDCPUM":"31.72.03","KDPKAB":"31.72","LUASWH":1139.7,"SRS_ID":"32748"},"geometry":{"type":"Polygon","coordinates":[[[106.90529657916366,-6.104849005282493],[106.90549863826212,-6.098570369981119],[106.90514194162076,-6.09793186826715],[106.89276994156792,-6.097366504135616],[106.89240835812255,-6.106872704068813],[106.8916520038162,-6.106558566345963],[106.89153228072963,-6.107429660416412],[106.89299179227847,-6.1075029687025735],[106.89316325923815,-6.107940000038337],[106.89372222489642,-6.1293958013776075],[106.89239986968389,-6.133516918633754],[106.89246604761345,-6.135530583858906],[106.89198257555141,-6.1377542026754215],[106.89242262559878,-6.137993636030157],[106.89269463916895,-6.136974335331364],[106.89304729558114,-6.1369929865888455],[106.90409520501785,-6.139697219569957],[106.90625355737306,-6.143553755123126],[106.9086085383646,-6.142892331972571],[106.91203231678644,-6.141331566437767],[106.91439820713114,-6.137500186002353],[106.91708905158816,-6.1374864226395145],[106.9172204869826,-6.13653194345212],[106.91904779713536,-6.133742273954192],[106.91951683578444,-6.132200472825357],[106.91848417458846,-6.1310520272370175],[106.91859139586082,-6.128357297628768],[106.91983797533696,-6.126767613335831],[106.92139604885344,-6.126564064101289],[106.9221678659424,-6.126002484691502],[106.92156470432111,-6.125242285357966],[106.92067223455611,-6.119132419766784],[106.91895683228016,-6.119606163928432],[106.91694949807565,-6.119544267341249],[106.9173999383441,-6.108361676421884],[106.90680834225076,-6.108691599641009],[106.90639113187983,-6.107819916118832],[106.90593674259053,-6.107775161693864],[106.90524571326917,-6.107087712573687],[106.90529657916366,-6.104849005282493]]]}},{"type":"Feature","id":5,"properties":{"OBJECTID":5,"WADMKC":"Cilincing","WADMKK":"Kota Adm. Jakarta Utara","KDCPUM":"31.72.04","KDPKAB":"31.72","LUASWH":4379.8,"SRS_ID":"32748"},"geometry":{"type":"MultiPolygon","coordinates":[[[[106.96804536173433,-6.091110728799258],[106.96793802839743,-6.088885706345835],[106.96793332008733,-6.091194017837009],[106.96634134322163,-6.091901516776107],[106.96776042641349,-6.091496184709773],[106.96789480159268,-6.092053972206554],[106.9665065452036,-6.093458078266842],[106.96485805470559,-6.093732191630226],[106.96365401811792,-6.0923007321859615],[106.96180885995258,-6.092654764333471],[106.95925652340775,-6.093753640263003],[106.95869051358011,-6.093249714698999],[106.95866927526244,-6.0960928544076936],[106.95760402361819,-6.097335239985042],[106.95704935143587,-6.097393932238685],[106.95662656640525,-6.097303814845641],[106.95691980110544,-6.096812403051244],[106.95705165395543,-6.094060161338705],[106.9568156983331,-6.095787412189175],[106.95651159376531,-6.0957747595797676],[106.95648284824914,-6.094952936650473],[106.95514663761341,-6.095028286059806],[106.95477581442603,-6.0895740302859],[106.95033067031282,-6.090088864751397],[106.95073784305175,-6.095460682880076],[106.94861211471486,-6.095510051223764],[106.94787646212056,-6.090509026984759],[106.94784456931826,-6.091173521832467],[106.94745685008458,-6.091645626177645],[106.94760107533166,-6.092248195012356],[106.94723462956294,-6.092506935582483],[106.94756948386318,-6.0932111118325984],[106.94637532892834,-6.093943335550527],[106.94725194838392,-6.094228060156258],[106.9472695442245,-6.094671372722846],[106.94704004706682,-6.095012929414502],[106.94640155943017,-6.094690245352665],[106.94640910760239,-6.096429420441403],[106.9467294923611,-6.096643963955353],[106.94975804402965,-6.096543001979219],[106.94749461443968,-6.096802494550712],[106.9455069001498,-6.097698195264539],[106.94495485257939,-6.097766655861401],[106.94470388912838,-6.097275471446255],[106.94471915203687,-6.097691074709501],[106.94438152577189,-6.097841038765474],[106.9424636123406,-6.098178240821234],[106.94060230716465,-6.098138185649914],[106.94027986005102,-6.09743007268641],[106.93958790035221,-6.097728690684576],[106.93935519579337,-6.096150244231819],[106.93417876958557,-6.096238614707961],[106.92675221931724,-6.09756322757481],[106.92637542083888,-6.097716571406813],[106.92613016700217,-6.099531641215629],[106.9254466786187,-6.099149959363584],[106.9256888713598,-6.0987155169965535],[106.9238016498856,-6.099834863180296],[106.92024086618274,-6.10054776211321],[106.9197688187119,-6.10150520669021],[106.9198590923055,-6.1034189855921435],[106.92126789667654,-6.103495943368829],[106.92133013430363,-6.103767682943342],[106.91948208040051,-6.104238703869569],[106.9190504692336,-6.103520819433247],[106.91919969028736,-6.101440319573869],[106.91884176002213,-6.100818174634271],[106.91886034066148,-6.099115044635172],[106.9149836619443,-6.098919946803752],[106.91436003480294,-6.100035114236478],[106.91403902110899,-6.100019103141707],[106.91408689915696,-6.098655046921202],[106.9112703900778,-6.098552729745557],[106.91103647878259,-6.098955915554603],[106.90933387844365,-6.098946649314211],[106.90796806662844,-6.099957919874452],[106.90794223279,-6.101613664820084],[106.91036831923725,-6.101667181034991],[106.91044063905335,-6.103479447081014],[106.90933006764689,-6.103454599876059],[106.90933115368168,-6.103832960022029],[106.90779605610585,-6.1038088962523664],[106.90763679357305,-6.104279008164604],[106.90738617491424,-6.104031769282895],[106.90735214274694,-6.106196893770543],[106.90676738293489,-6.108688514412186],[106.91042365384327,-6.108771345696375],[106.91734240032272,-6.108242788652469],[106.91694949807565,-6.119544267341249],[106.91875909026638,-6.119583994560182],[106.92065305379596,-6.119068853145257],[106.92076838780582,-6.119537513867655],[106.9215487501781,-6.125161451142983],[106.92207354591105,-6.125908815268755],[106.92141022041635,-6.126558410437281],[106.91983797533696,-6.126767613335831],[106.91859139586082,-6.128357297628768],[106.91848417458846,-6.1310520272370175],[106.91918830499249,-6.131583543420522],[106.91948933633226,-6.132362381405866],[106.91904779713536,-6.133742273954192],[106.91724026459839,-6.136490841417341],[106.91546106756516,-6.1449360364118935],[106.9172593885645,-6.147782249068265],[106.91774027184205,-6.149604658314793],[106.91743192417856,-6.150969024281689],[106.91757684686613,-6.151727784054831],[106.9187154967954,-6.153282579970905],[106.9201991919075,-6.157173422923956],[106.9214926631558,-6.158785133708838],[106.92130899312244,-6.159662471722286],[106.92197549697111,-6.161175315202775],[106.92423814972382,-6.161206465692161],[106.92861273380147,-6.160386892442262],[106.92845465158274,-6.160138824040494],[106.9297100803553,-6.159633604215986],[106.93294626773599,-6.159104332055881],[106.93347081799496,-6.158346014875057],[106.935688009047,-6.158562817441557],[106.93898801176513,-6.152337342630004],[106.94006705137333,-6.151422144565689],[106.94038407725988,-6.155225241303169],[106.94422029158255,-6.155016376418102],[106.94471297390203,-6.1582272516208425],[106.94438207208809,-6.162936177330287],[106.95169132537588,-6.163345474161896],[106.95204101926075,-6.161637062339362],[106.95269678055965,-6.161876497741567],[106.95323606507236,-6.160307659304939],[106.95263647866298,-6.160114987768818],[106.95323478720726,-6.158320955881993],[106.95423738441237,-6.157672042648884],[106.95474291107962,-6.157673493299531],[106.95715871058029,-6.158449407080202],[106.95851471370436,-6.159470584316363],[106.95862521791797,-6.158883804562623],[106.96099945467112,-6.158333630928079],[106.96097667669304,-6.155874289263812],[106.9632316213721,-6.156336445392428],[106.96771349735538,-6.155211872603858],[106.9680113792033,-6.155820159836255],[106.96910364724127,-6.155600206697301],[106.969191373415,-6.157315463373952],[106.97085449374364,-6.157323948754514],[106.97066295015166,-6.1544009665484065],[106.97152229184393,-6.154254276265941],[106.9713560001483,-6.152639000007696],[106.97220400008571,-6.151479000057193],[106.97189900165377,-6.1500419995921],[106.97068899959022,-6.150513000282325],[106.97082200026522,-6.149493000311252],[106.97127900017401,-6.149007999985262],[106.97133384841479,-6.147778319426237],[106.97101262090324,-6.1477366781127705],[106.97097300034974,-6.146542999900151],[106.97138700039525,-6.146430999968339],[106.97125700169127,-6.1460130002260245],[106.97177800057797,-6.145883999890183],[106.97258100029963,-6.146178000322959],[106.97182299958082,-6.14462599974174],[106.97168243856319,-6.142962487797458],[106.97026322590564,-6.140204601714542],[106.97073500017004,-6.140066000281684],[106.97063200084736,-6.137156000207548],[106.9703880002508,-6.137141999824591],[106.96959400026938,-6.132711999616252],[106.97031700010037,-6.132165999879077],[106.97006200029386,-6.129220000103917],[106.97034900055431,-6.129232000230486],[106.97071899969356,-6.124937000337524],[106.97105485644961,-6.124949968576085],[106.97108162462773,-6.124676329805783],[106.9703648120539,-6.123061270775193],[106.97075799961988,-6.12060000011986],[106.9702120001128,-6.116657999114505],[106.96998699961753,-6.11671000037174],[106.96986999969512,-6.114331001437239],[106.97032000079669,-6.113546999964772],[106.96999004755884,-6.111735036338034],[106.97043917044824,-6.111488168436029],[106.97009692388434,-6.108633607064883],[106.97027776238701,-6.106549199310718],[106.96991140419755,-6.104739926639399],[106.9699550832492,-6.1017322224064285],[106.9703875821983,-6.100210860441476],[106.97008166421304,-6.098760485566109],[106.9704518203806,-6.096655180893381],[106.9709858590526,-6.096262053062268],[106.97019465778779,-6.093647414059135],[106.97004703401335,-6.090773229266203],[106.96972056460757,-6.091155303312061],[106.96804536173433,-6.091110728799258]]],[[[106.92339151672722,-6.08929460843171],[106.9233671266568,-6.08216850459264],[106.89902742782444,-6.082314453413258],[106.89905859281573,-6.089884290038494],[106.89983414279122,-6.090235605395034],[106.91824926385837,-6.090220517199184],[106.91943799609614,-6.0895442237736725],[106.92339151672722,-6.08929460843171]]]]}},{"type":"Feature","id":6,"properties":{"OBJECTID":6,"WADMKC":"Pademangan","WADMKK":"Kota Adm. Jakarta Utara","KDCPUM":"31.72.05","KDPKAB":"31.72","LUASWH":1255.6000000000001,"SRS_ID":"32748"},"geometry":{"type":"Polygon","coordinates":[[[106.87255630782657,-6.106383452950909],[106.872963884606,-6.104362206663734],[106.87141179331313,-6.105409329573511],[106.87047152689529,-6.10661549807866],[106.86782378255268,-6.108632162941226],[106.86762835566475,-6.109084563332508],[106.8638938733079,-6.111522724735771],[106.86351178084682,-6.112182291799189],[106.86353370840366,-6.1152976489448365],[106.86332595804654,-6.115334684248442],[106.86315254640286,-6.1140895435662355],[106.86271801482364,-6.114152743737589],[106.86256917083593,-6.113258906404373],[106.86264518566092,-6.114407605333381],[106.86137485206024,-6.114655026268335],[106.86060064297288,-6.108336003073797],[106.86236752686946,-6.105985413158108],[106.86058382458776,-6.1083154012264815],[106.86079703616406,-6.110180287286169],[106.85842119898385,-6.11082616294081],[106.85794222091336,-6.110760538318651],[106.85745838008262,-6.110084566378153],[106.85646189793513,-6.110282711406532],[106.85460632583703,-6.111876815902095],[106.85428503855499,-6.112472239421172],[106.85436517031894,-6.113143806088744],[106.85513604641108,-6.113846952903181],[106.85524524955905,-6.114806782035187],[106.85190401006308,-6.116477458975975],[106.84883791084327,-6.117070012375854],[106.84730123716264,-6.116822106444585],[106.84312567230788,-6.118467020935091],[106.84731288894281,-6.116851251926004],[106.84828809285865,-6.11686990464412],[106.84944180357218,-6.117451605158036],[106.85325275200768,-6.116614102594144],[106.85474018324685,-6.115325944551252],[106.85761242616503,-6.113761660432279],[106.85846546134611,-6.114103129435101],[106.85868746728056,-6.114655412588979],[106.85783864161267,-6.115906760162628],[106.85624470017186,-6.11691021483708],[106.85509938143288,-6.117128615340287],[106.85393060089774,-6.1184038072381215],[106.85358035403561,-6.118144187416786],[106.8523342392407,-6.118820118448673],[106.85173644766783,-6.118626482728541],[106.85066577644511,-6.119362909959748],[106.84953275075706,-6.119607715159437],[106.84866493131601,-6.119334518446686],[106.84874750014174,-6.119991995925203],[106.84796166890806,-6.120372801353644],[106.84691377102176,-6.120228423581088],[106.84647666236545,-6.119233477858657],[106.84652518638019,-6.120134491348038],[106.8438714445651,-6.121062135444808],[106.84316410835257,-6.12290415842551],[106.84340312107685,-6.123351601726577],[106.84273137376728,-6.123683392866119],[106.84155751114943,-6.123558691279376],[106.84053873318321,-6.123870429735828],[106.83953975869153,-6.123308487570634],[106.83930393379988,-6.122570906180091],[106.83968136128186,-6.12224294663142],[106.84205620562572,-6.122704576394813],[106.84306334659578,-6.121866667558473],[106.8426779926953,-6.121057728280177],[106.84123898295599,-6.120929818846772],[106.84079417499602,-6.1205675642008455],[106.83843420541046,-6.121099330590501],[106.83843609930517,-6.12087571744674],[106.83723834061239,-6.121075328921921],[106.83625236295063,-6.12080198018467],[106.83504580727121,-6.12168413281744],[106.8341552534161,-6.121288998277154],[106.8341369052866,-6.120843484075921],[106.83017998003896,-6.120984672086853],[106.82991881804472,-6.120189920110876],[106.82936276134315,-6.120144663845371],[106.8289018711591,-6.116610811683116],[106.83661150256823,-6.117625717090539],[106.83716121422793,-6.118423891969024],[106.83716665072124,-6.119071359015706],[106.83561051679432,-6.120471909199343],[106.83717975260407,-6.119082977978318],[106.83722980658901,-6.11856422503839],[106.83661606844169,-6.117610764568748],[106.8289956768916,-6.1165305722067],[106.82892804497472,-6.117146190238862],[106.82814012826783,-6.117154698812528],[106.82757869366418,-6.116366279131364],[106.81721933618245,-6.1148758346632235],[106.81648903492565,-6.119865263080482],[106.81461402296249,-6.119464894271191],[106.81383611379657,-6.120751950333089],[106.81311073501467,-6.120659832970891],[106.81295733413768,-6.119889314907973],[106.81239867860184,-6.119970532735093],[106.8122710783372,-6.119239844863056],[106.81202580176613,-6.119282681201196],[106.81253286330127,-6.122550828826009],[106.81183180021469,-6.122672661029136],[106.81142961830915,-6.120475621235484],[106.8095981643561,-6.120201805204993],[106.80903716438966,-6.1169361315482185],[106.8077063118101,-6.116082176926912],[106.80879005731512,-6.122161279572665],[106.80875902728394,-6.123624302368535],[106.80967718640288,-6.1268892822226455],[106.80949028363396,-6.12775766483022],[106.81045510288294,-6.1307207523125555],[106.81357504944408,-6.130057547560967],[106.81498403134573,-6.1302237335767975],[106.81695993891806,-6.1370508596140585],[106.8198689668119,-6.136326210437798],[106.82153734291514,-6.136828006992338],[106.83069953598894,-6.135136714946664],[106.83068537099679,-6.13910148655432],[106.83111554008434,-6.1402614945698755],[106.83196998156178,-6.14110724842693],[106.83418950335407,-6.1419683904360785],[106.83548290570194,-6.142871646798052],[106.83649344514428,-6.144196372769384],[106.83715277833252,-6.146050001287768],[106.83729660859562,-6.144578349417867],[106.8384097751537,-6.141781025709836],[106.84395668840853,-6.144920290997237],[106.84531067044927,-6.142327856651217],[106.84833602361203,-6.141737041863162],[106.8504056926312,-6.152764040977454],[106.85668035241443,-6.1518348181221185],[106.86028680062864,-6.153813193765197],[106.86120025381052,-6.151373387384485],[106.86063415055789,-6.150097068766353],[106.86019841680901,-6.149864854276708],[106.8560001992685,-6.150590809360613],[106.8558710290054,-6.149215523970258],[106.85250981160726,-6.139500158685878],[106.85227965900681,-6.136601686027754],[106.84990536035404,-6.133961526415573],[106.84944723614701,-6.131191477738615],[106.84850171958138,-6.130245260275599],[106.84788341096412,-6.128896536007885],[106.84772363704467,-6.127327199435926],[106.85207484632899,-6.1261714018256965],[106.85755975044215,-6.123752655441724],[106.85771774307273,-6.124039350056701],[106.86618769364419,-6.119936054083451],[106.86536189986793,-6.11948829665907],[106.86505115958143,-6.1142620919770145],[106.8653560437068,-6.113830072615122],[106.86464440806182,-6.113711988912787],[106.86492520333815,-6.112385909104133],[106.87202060743249,-6.108557822022896],[106.87255630782657,-6.106383452950909]]]}},{"type":"Feature","id":7,"properties":{"OBJECTID":7,"WADMKC":"Kelapa Gading","WADMKK":"Kota Adm. Jakarta Utara","KDCPUM":"31.72.06","KDPKAB":"31.72","LUASWH":1606.4,"SRS_ID":"32748"},"geometry":{"type":"Polygon","coordinates":[[[106.89556934243357,-6.137607584448059],[106.89272899911583,-6.136910296418432],[106.89246912755199,-6.1379063629265165],[106.89195698939474,-6.1378591456131595],[106.88983464678601,-6.147381690332425],[106.88870668155674,-6.150385278091206],[106.87890340401533,-6.166419499835577],[106.881323659178,-6.16724499989369],[106.89100384858975,-6.173132129949936],[106.89654253659512,-6.178011319100848],[106.90165990496689,-6.1786418760349235],[106.90705389362664,-6.1807127454175905],[106.91003807735471,-6.182304594888135],[106.91207260492105,-6.182717915980834],[106.91369593059419,-6.1824276690401625],[106.92232713201761,-6.18308225115515],[106.92163409811322,-6.180525917659182],[106.92193807223008,-6.179975635576756],[106.921906689551,-6.1782342501851595],[106.92117653507015,-6.175930834580434],[106.92025644611604,-6.169803692113528],[106.92110592494993,-6.167443725848118],[106.92207916707942,-6.1621523325653],[106.92198792376352,-6.161007416671421],[106.92132356162384,-6.159738338746251],[106.92142295827867,-6.158649217924782],[106.92010831492526,-6.15697920078057],[106.9187154967954,-6.153282579970905],[106.91757684686613,-6.151727784054831],[106.91743192417856,-6.150969024281689],[106.91774027184205,-6.149604658314793],[106.91719550877554,-6.147628130781464],[106.91549267593776,-6.1450869806807],[106.91685186196023,-6.139107256200608],[106.91688805600742,-6.1377383784391295],[106.91638738831813,-6.137340204284123],[106.91522956555481,-6.137622846061114],[106.91450828529555,-6.137363046999853],[106.9121144128102,-6.141269370675184],[106.91104159444465,-6.141945126940306],[106.90625355737306,-6.143553755123126],[106.90540473602955,-6.142439490818557],[106.90417566378702,-6.139715454451635],[106.89556934243357,-6.137607584448059]],[[106.90678040241885,-6.180601789431261],[106.90658980163808,-6.180531350361605],[106.90684582457968,-6.180625394933754],[106.90678040241885,-6.180601789431261]]]}},{"type":"Feature","id":8,"properties":{"OBJECTID":8,"WADMKC":"Cengkareng","WADMKK":"Kota Adm. Jakarta Barat","KDCPUM":"31.73.01","KDPKAB":"31.73","LUASWH":2561.93,"SRS_ID":"32748"},"geometry":{"type":"Polygon","coordinates":[[[106.73378125861184,-6.12333762144645],[106.73165842373183,-6.121562496710581],[106.73059200010674,-6.1233389997695005],[106.7298984267697,-6.122621049775701],[106.72860126444714,-6.1232650180053065],[106.72860189730443,-6.123719630346242],[106.7274448345693,-6.123898893552243],[106.72579632777794,-6.1249784651086845],[106.72444418439147,-6.126276976159352],[106.72293542305255,-6.126012235742318],[106.72133030455343,-6.126969412392771],[106.720414727173,-6.126817639646656],[106.71957513876944,-6.127822286180077],[106.71983206533207,-6.128213639689489],[106.71924522717035,-6.128295221609291],[106.71963556734585,-6.128824632356829],[106.71825299891644,-6.130181593607633],[106.71855630715433,-6.1305901049340745],[106.71729933860748,-6.131792299257113],[106.71863706591041,-6.13331041292183],[106.71829070683086,-6.133785728192079],[106.71857928261714,-6.1341187578523355],[106.71766615016514,-6.134518931749717],[106.71765670534464,-6.1357446599225725],[106.71703931774788,-6.136011792417859],[106.71665892320621,-6.137500000068977],[106.71732749789855,-6.142991449435931],[106.71745883896048,-6.143376763002679],[106.71825767636224,-6.1435429463967814],[106.71794495676347,-6.145520063089804],[106.71896881293438,-6.153477086177324],[106.71584393732462,-6.154989957885845],[106.71611322356634,-6.157969525556076],[106.71548025291182,-6.1580852823746595],[106.71538299076394,-6.160644229552475],[106.71644695726881,-6.160726279985118],[106.71664878732732,-6.165683924790166],[106.71370182456178,-6.167888497938167],[106.71261287630094,-6.171289464447957],[106.71115876807906,-6.172612543183913],[106.71061286365037,-6.17414939624597],[106.70873249104788,-6.174659219806018],[106.70638817505882,-6.17403732996051],[106.70520891585534,-6.174848811991059],[106.70316751712284,-6.174868040419709],[106.70070594334081,-6.176764953795169],[106.70124893144104,-6.177278453580188],[106.71388771616554,-6.181433024197234],[106.72152184137892,-6.184774504794378],[106.72296691114576,-6.184688088923352],[106.72292801506732,-6.18426772028057],[106.72343592536946,-6.183602027384693],[106.72396249928096,-6.183962579000147],[106.72432395925458,-6.183719618553846],[106.72398916137679,-6.182479802267078],[106.72446339641017,-6.181210994883105],[106.72604517876455,-6.178503121729218],[106.72665701623862,-6.178121520322649],[106.726712249799,-6.177646813313119],[106.72765165293667,-6.177376079408871],[106.72774357043323,-6.176654717331628],[106.72890824490504,-6.175802793416398],[106.73000166169881,-6.175588794996024],[106.73099860063192,-6.175995528354191],[106.73085957044891,-6.17507596909888],[106.73197352178164,-6.174267555841127],[106.73167678569074,-6.174004235271225],[106.73206152615982,-6.172765324093259],[106.73263324967087,-6.172623978343989],[106.73353614473278,-6.171500670179585],[106.73438961759119,-6.171697218981587],[106.73471334541439,-6.171111925883814],[106.73530902621617,-6.171256400160156],[106.73572603528348,-6.1709915217114935],[106.73543227527138,-6.170341702568633],[106.73563680530194,-6.169938610855195],[106.73637215689955,-6.170406020678346],[106.737730844173,-6.169946444913496],[106.7381188081307,-6.170687732589289],[106.7383850822735,-6.170309806599145],[106.73779673683065,-6.169599017684753],[106.73794322490686,-6.168733562737882],[106.73835614503811,-6.168795866587033],[106.7385058206583,-6.169639287297956],[106.73887705204524,-6.169760654434656],[106.7394232686269,-6.168301866653857],[106.73988414334148,-6.168100477099002],[106.740414362568,-6.168542639895725],[106.74044252475746,-6.1676143863690776],[106.7411366520432,-6.167687359582578],[106.74152258962222,-6.168131504575526],[106.74178074577793,-6.167266084007655],[106.74274280535899,-6.166457734987135],[106.74366391676925,-6.166572863167949],[106.74393575738422,-6.165983111885632],[106.74442415496823,-6.1667477532974235],[106.74535092655614,-6.166521985656004],[106.74574993033202,-6.165755238059822],[106.74636739892782,-6.16607079429032],[106.74677730393203,-6.165850147282453],[106.74647332189139,-6.165258198647515],[106.7467883307191,-6.165029160658856],[106.74710031317579,-6.165383805584261],[106.74882052360839,-6.165728459144074],[106.74759076794942,-6.160413748558441],[106.74772713984761,-6.1583532117628055],[106.75338856421935,-6.1579272864348376],[106.75939183708394,-6.159185011196199],[106.76106903761108,-6.158229809924949],[106.7630956774047,-6.158428315424786],[106.76315147026763,-6.158799958435673],[106.76592511009896,-6.159820455049912],[106.76665588656249,-6.159922229928832],[106.76698965744501,-6.159607015605832],[106.76802935632054,-6.157214874057791],[106.77510595490148,-6.145045426725791],[106.77550274512174,-6.141732774577057],[106.77454317109253,-6.141316484895488],[106.77291826261933,-6.141474511125814],[106.76835239010278,-6.140696141967997],[106.75628548338996,-6.136591249049013],[106.75080913272004,-6.134362052231085],[106.7447742910666,-6.1299876959366815],[106.73882302537709,-6.126952575964625],[106.73378125861184,-6.12333762144645]]]}},{"type":"Feature","id":9,"properties":{"OBJECTID":9,"WADMKC":"Grogol Petamburan","WADMKK":"Kota Adm. Jakarta Barat","KDCPUM":"31.73.02","KDPKAB":"31.73","LUASWH":1082.76,"SRS_ID":"32748"},"geometry":{"type":"Polygon","coordinates":[[[106.79971328759372,-6.164847843274976],[106.79432572715046,-6.152203008559122],[106.78924424193636,-6.142599052597788],[106.7876580629516,-6.143200859306162],[106.77726339368151,-6.1440635238569525],[106.77494022219314,-6.145400592613364],[106.76776694540845,-6.157771421716653],[106.76882047427225,-6.158884191814127],[106.7695851566266,-6.160866871825879],[106.77003800130966,-6.161308785107342],[106.77884407432634,-6.164785778641975],[106.78014657643307,-6.164900853022065],[106.78031440395615,-6.166034766788533],[106.77948565590013,-6.166683475899239],[106.77980492505077,-6.179978514041322],[106.78217954102145,-6.184652106225065],[106.78288924486573,-6.185354641784986],[106.78838592281403,-6.185051813098047],[106.79172695243314,-6.183932498034713],[106.79511426296986,-6.1800108116083],[106.79849382583966,-6.178193946571954],[106.8054893794315,-6.1734858806213255],[106.79971328759372,-6.164847843274976]]]}},{"type":"Feature","id":10,"properties":{"OBJECTID":10,"WADMKC":"Taman Sari","WADMKK":"Kota Adm. Jakarta Barat","KDCPUM":"31.73.03","KDPKAB":"31.73","LUASWH":449.87,"SRS_ID":"32748"},"geometry":{"type":"Polygon","coordinates":[[[106.81677478544768,-6.13711434486966],[106.81507147175165,-6.13031654366362],[106.81368006278436,-6.130051161261647],[106.81049009103795,-6.130835893073705],[106.81210972558326,-6.137015764705008],[106.81138478259278,-6.140017690240347],[106.81228213444403,-6.140948552380941],[106.8105252945534,-6.142558699398937],[106.81065662695211,-6.1452388852183555],[106.81186468824878,-6.148322232003577],[106.81208363303308,-6.149773638591672],[106.81200701412162,-6.151995594238745],[106.8109975424187,-6.154290657630456],[106.81094259838115,-6.157160550216407],[106.81268778988334,-6.159662360760261],[106.8130102527085,-6.160657204189361],[106.82045246827369,-6.159532399549031],[106.82827423640735,-6.162275021615972],[106.82750189773049,-6.159782847900093],[106.82720503435829,-6.1510483703112175],[106.82609770085826,-6.146391324089095],[106.82302148861929,-6.141239392093656],[106.82181960067007,-6.13761600930188],[106.82125783509187,-6.136804199841661],[106.8199123794236,-6.136323885594281],[106.81677478544768,-6.13711434486966]]]}},{"type":"Feature","id":11,"properties":{"OBJECTID":11,"WADMKC":"Tambora","WADMKK":"Kota Adm. Jakarta Barat","KDCPUM":"31.73.04","KDPKAB":"31.73","LUASWH":541.5,"SRS_ID":"32748"},"geometry":{"type":"Polygon","coordinates":[[[106.81073752913446,-6.131898126088481],[106.81052196385497,-6.131007112771138],[106.80937579477428,-6.131122226329322],[106.8025103646534,-6.132881823633571],[106.80123478440328,-6.133603114876873],[106.80052782192418,-6.134588023686992],[106.80021600924422,-6.135840394594225],[106.80056177576657,-6.141863558651958],[106.79231882460157,-6.142784748346855],[106.7904932359769,-6.142285952317199],[106.78918952132138,-6.1425043396534935],[106.79429061580745,-6.152130195419525],[106.79814102363751,-6.161276768612649],[106.80042330384367,-6.160374964123862],[106.80156746069885,-6.1590373773223765],[106.80164046602282,-6.160143043594735],[106.80199112454972,-6.160130940813525],[106.80313499803495,-6.161434620892808],[106.80413153281899,-6.16177591284709],[106.81275658058854,-6.160683439718852],[106.81272067532228,-6.159737529335168],[106.81142766530039,-6.158159496985967],[106.81094519556564,-6.157074927076765],[106.81100506221512,-6.154222060724755],[106.81202270620437,-6.151909188889041],[106.81208363303308,-6.149773638591672],[106.81186468824878,-6.148322232003577],[106.81068947762478,-6.145360925448649],[106.81052124558245,-6.142601204287271],[106.81228151517597,-6.140840764194775],[106.81136463959467,-6.1399336622047285],[106.8121133032849,-6.137045269630876],[106.81073752913446,-6.131898126088481]],[[106.80231072391449,-6.153940923554572],[106.80231073926923,-6.153940922598546],[106.80231093597303,-6.1539419237734],[106.80231072391449,-6.153940923554572]]]}},{"type":"Feature","id":12,"properties":{"OBJECTID":12,"WADMKC":"Kebon Jeruk","WADMKK":"Kota Adm. Jakarta Barat","KDCPUM":"31.73.05","KDPKAB":"31.73","LUASWH":1766.39,"SRS_ID":"32748"},"geometry":{"type":"Polygon","coordinates":[[[106.76916545958694,-6.159797187578117],[106.76859323500672,-6.158572887672175],[106.76769897277164,-6.157928405967208],[106.76706506294828,-6.159473795404372],[106.7665793939995,-6.159914451260928],[106.76327402085867,-6.158824995886969],[106.76315619259319,-6.158524810256096],[106.7611433452544,-6.158228723709834],[106.7595774992323,-6.158875598422965],[106.75794121372127,-6.1606690638906505],[106.7571434526619,-6.162037680678902],[106.75651629980094,-6.164970969917739],[106.75393097405238,-6.166730467446508],[106.75352075495344,-6.167710443262214],[106.7531010180356,-6.167659999139201],[106.75278401019422,-6.1682717260402695],[106.75192624435462,-6.168563043752231],[106.75222632798474,-6.169213311439336],[106.75190176918149,-6.1700546883476175],[106.75092275405207,-6.170488983901566],[106.75095026169423,-6.171070679976512],[106.74983726401675,-6.172145726862714],[106.74926153458208,-6.17230325933086],[106.74981212930815,-6.173682383963204],[106.74975771097671,-6.175115136741738],[106.74939157559318,-6.175986003310879],[106.74981745119992,-6.1770241816732],[106.75067587689247,-6.1774906848485625],[106.75102532378024,-6.1772420809024595],[106.75130478931494,-6.17763194974017],[106.75057523242378,-6.1792213521665],[106.7505409414309,-6.180076251815377],[106.75003878411572,-6.1804906295539155],[106.75034090137763,-6.18101561529989],[106.75130646289321,-6.181777570580241],[106.75224132069455,-6.183157373599363],[106.75394578004503,-6.184443759288521],[106.75500157275998,-6.184094709281127],[106.75652512777644,-6.184493481797506],[106.75706601761864,-6.187288593569811],[106.75809197675409,-6.187715775771445],[106.75773185678052,-6.189282002449563],[106.75713731324372,-6.190316996160841],[106.7569468355821,-6.192250569218804],[106.75801690903775,-6.193917334672373],[106.75975843258836,-6.195380110103298],[106.75990200242536,-6.196142804320434],[106.76059017021389,-6.196837531328018],[106.76154062356875,-6.196122374338991],[106.76228102578048,-6.196947421657042],[106.76316917373842,-6.199283114719553],[106.7632046602021,-6.200713815820725],[106.76382936438495,-6.2015153009372534],[106.76386738181296,-6.2024582725857895],[106.76438421702174,-6.202825200651199],[106.76430172778856,-6.2042435849810245],[106.763595492289,-6.204919280822691],[106.76449033965136,-6.2067854085902425],[106.76503819493506,-6.207200552777704],[106.76468147619087,-6.208898356658482],[106.76554276687807,-6.209444878397706],[106.7661635459401,-6.211592393631952],[106.76544067610013,-6.212933599259473],[106.76329632118781,-6.2148570631313325],[106.76308833132407,-6.215518934143869],[106.76352576220707,-6.21647097676426],[106.76414998060206,-6.21685848325196],[106.76481820845027,-6.217898247717821],[106.7653632440007,-6.219719062832338],[106.7652142156023,-6.221188654163209],[106.76565210310137,-6.221792729425866],[106.76542222814415,-6.222137207908767],[106.76589265243915,-6.222572390058806],[106.76552570700514,-6.223036709779613],[106.76687514865365,-6.225159780809776],[106.76586491208654,-6.226951630063877],[106.76495297714472,-6.227001695948426],[106.76565925957733,-6.22737839280029],[106.76746100483753,-6.227467579286871],[106.77843039320197,-6.2269054910314035],[106.77845229366179,-6.217751355970834],[106.7771931615945,-6.216930426310864],[106.77707712658021,-6.216534992445041],[106.77760727021469,-6.215188735909897],[106.77767730440861,-6.213745444699164],[106.77800704000143,-6.2135114674437055],[106.7826198943852,-6.213268353443081],[106.7833310228126,-6.212748631039735],[106.78359702960785,-6.21197566256073],[106.78208578065116,-6.194739652131066],[106.78229580376666,-6.191397265691785],[106.78322773043209,-6.18869451978883],[106.78345185772238,-6.18667497815567],[106.78322524057685,-6.185353589851438],[106.78266407498424,-6.185395787933767],[106.77982134437008,-6.180141432425245],[106.7794877393656,-6.166732282040568],[106.78031440395615,-6.166034766788533],[106.78016313193045,-6.164958824574192],[106.77884407432634,-6.164785778641975],[106.77007370837542,-6.161326391649108],[106.76916545958694,-6.159797187578117]]]}},{"type":"Feature","id":13,"properties":{"OBJECTID":13,"WADMKC":"Kalideres","WADMKK":"Kota Adm. Jakarta Barat","KDCPUM":"31.73.06","KDPKAB":"31.73","LUASWH":2903.89,"SRS_ID":"32748"},"geometry":{"type":"Polygon","coordinates":[[[106.69422984100528,-6.095626598771606],[106.69142678297258,-6.095814839970322],[106.69092686755175,-6.096458789137058],[106.68808533872308,-6.096959353834515],[106.68806074759084,-6.0971920020710115],[106.68804336616603,-6.0984416284068494],[106.68853947107087,-6.100015519388279],[106.68904713002874,-6.100238070838038],[106.68944502557764,-6.10182139155644],[106.68818732500209,-6.1031998170237065],[106.68877545272889,-6.104389426617425],[106.6884038558429,-6.105940918555162],[106.68881576544626,-6.108134448670416],[106.68918970242862,-6.108643211450171],[106.69109278135046,-6.108866756308351],[106.69143364856117,-6.107151563988565],[106.69301201541144,-6.10627454203452],[106.69475381242562,-6.107205709257503],[106.69527757481544,-6.109583370808964],[106.69642525741982,-6.110842976406296],[106.69680315155348,-6.110610563704507],[106.69683106399317,-6.1108146055499315],[106.69589851528406,-6.11194710864987],[106.6956281612627,-6.11389229890425],[106.69398818457626,-6.113423764424903],[106.69393169015652,-6.113700270840326],[106.69125349498164,-6.113719474190936],[106.6902549192226,-6.116947556648409],[106.689624822249,-6.1206674482253165],[106.68995500875747,-6.121050242681699],[106.68798988459044,-6.124482847043471],[106.68663329160256,-6.124821827037499],[106.68580472244946,-6.1284272160259725],[106.68640315466148,-6.136022943412292],[106.68666493899559,-6.136036475418567],[106.68676115254996,-6.1369871798390845],[106.68645114930898,-6.1440035750135005],[106.6872973107434,-6.143993727709169],[106.68772465679311,-6.153301504441879],[106.68734388555775,-6.154217829829923],[106.68776003044229,-6.154284700412759],[106.68803603156657,-6.159932460437576],[106.69093326414055,-6.159937637655007],[106.69093754678289,-6.1609047324243305],[106.6893045220372,-6.163998296396784],[106.68929585340823,-6.166835731016075],[106.68867061135127,-6.1669652788747165],[106.68811491516337,-6.168427478616909],[106.68702237000919,-6.168775456912547],[106.68680767392485,-6.172318196748124],[106.69113938404234,-6.173488724716418],[106.6910761996354,-6.174808550819621],[106.69273997263227,-6.175041133739702],[106.69451718559172,-6.175753215786943],[106.69559813466357,-6.175139693115477],[106.70062199244175,-6.176852736720518],[106.70327933560063,-6.174800374975984],[106.7052659126096,-6.17482511295467],[106.70643705169827,-6.1740014018209495],[106.70866351599206,-6.17465864467795],[106.71055980955421,-6.174181067447516],[106.71160772520629,-6.171978964632348],[106.71256283576122,-6.171409200664228],[106.71362559540283,-6.168008804844726],[106.71662168535607,-6.165763237783527],[106.71644695726881,-6.160726279985118],[106.71539785810641,-6.160711182311461],[106.71548025291182,-6.1580852823746595],[106.71608379892747,-6.158078140195425],[106.71611847141916,-6.157519252079796],[106.71612332509682,-6.156127553047512],[106.71569688212136,-6.155123022070497],[106.71894815631308,-6.153339011278427],[106.71791554162552,-6.145445933217827],[106.71830592937647,-6.14370512363337],[106.71754348955314,-6.143417612681863],[106.71732749789855,-6.142991449435931],[106.71665902797216,-6.1382068429912895],[106.71693264545046,-6.136206464877291],[106.71765835597313,-6.135838063158749],[106.71765384601778,-6.134623452019655],[106.71845773517241,-6.134214892001817],[106.71834306735283,-6.133850169966432],[106.7187322207673,-6.133418742361838],[106.71735676541931,-6.131599058886354],[106.71842366927517,-6.130730297657327],[106.71825299891644,-6.130181593607633],[106.71952208577362,-6.12901583082951],[106.71936481004093,-6.1281253650987875],[106.71983206533207,-6.128213639689489],[106.71948053723636,-6.12795611140896],[106.72038562827628,-6.126838978725469],[106.72152993175425,-6.126907047174582],[106.72293542305255,-6.126012235742318],[106.72435211636511,-6.126307125217982],[106.72567705437642,-6.124912154207465],[106.72763570544151,-6.123829203426378],[106.7286025505979,-6.123751692891987],[106.7285909165997,-6.123265177034019],[106.72908307984883,-6.123285301406591],[106.72989331527803,-6.1226249462744216],[106.73052877984499,-6.123312619575749],[106.73154999993483,-6.121541999744158],[106.72732403838114,-6.117443365176547],[106.71732958381347,-6.1047591367089495],[106.71447277855152,-6.099102319329417],[106.71296655384278,-6.09739955037615],[106.71261139333352,-6.097518943951841],[106.71146590077728,-6.09647440336657],[106.71081302538373,-6.096769544714627],[106.7104463611099,-6.096405698337849],[106.7068940026063,-6.095925543993634],[106.7031286247808,-6.096851002012263],[106.70249515478432,-6.0960670792936416],[106.70172519001815,-6.09633866645145],[106.7001179661152,-6.096006400856342],[106.69766757722103,-6.0964253658590675],[106.69422984100528,-6.095626598771606]]]}},{"type":"Feature","id":14,"properties":{"OBJECTID":14,"WADMKC":"Pal Merah","WADMKK":"Kota Adm. Jakarta Barat","KDCPUM":"31.73.07","KDPKAB":"31.73","LUASWH":735.97,"SRS_ID":"32748"},"geometry":{"type":"Polygon","coordinates":[[[106.81032763759822,-6.185066821566774],[106.80970906877701,-6.179623110782516],[106.8054893794315,-6.1734858806213255],[106.79853931596563,-6.178166781010382],[106.79511426296986,-6.1800108116083],[106.79254328181479,-6.183232517580584],[106.79158542472622,-6.184005778060128],[106.78838592281403,-6.185051813098047],[106.78333656406515,-6.185283916792234],[106.78337240044661,-6.187738096337183],[106.78233560871347,-6.191178561763668],[106.78208798071935,-6.194583739758088],[106.78318984801197,-6.206688813955514],[106.78742810109621,-6.207048604761092],[106.78904681918137,-6.208466232662614],[106.79072103027194,-6.207471554695793],[106.7924370174281,-6.207792398658823],[106.79615248455981,-6.207487100974845],[106.79682557190402,-6.204884307084568],[106.79781631293365,-6.203062005763955],[106.79927605681227,-6.201960165658146],[106.80007140791973,-6.200422607298814],[106.80272168633822,-6.199067674564164],[106.80436100309268,-6.197248645844516],[106.80504748576375,-6.195813165392173],[106.80554470203873,-6.192740574561954],[106.80685744718673,-6.1890199232384004],[106.80952001635673,-6.188695872250015],[106.8106491995798,-6.188933196392818],[106.81032763759822,-6.185066821566774]]]}},{"type":"Feature","id":15,"properties":{"OBJECTID":15,"WADMKC":"Kembangan","WADMKK":"Kota Adm. Jakarta Barat","KDCPUM":"31.73.08","KDPKAB":"31.73","LUASWH":2491.25,"SRS_ID":"32748"},"geometry":{"type":"Polygon","coordinates":[[[106.75508501556817,-6.165833440226746],[106.75657694158684,-6.164907684308742],[106.75720994262382,-6.16189958966842],[106.75793882614587,-6.160672974323005],[106.7593468862932,-6.159280426750222],[106.75338856421935,-6.1579272864348376],[106.7477405866938,-6.158234157015173],[106.74760345166402,-6.160500258252779],[106.74868020057013,-6.16582654023556],[106.74710031317579,-6.165383805584261],[106.7467883307191,-6.165029160658856],[106.74647332189139,-6.165258198647515],[106.74677730393203,-6.165850147282453],[106.74636739892782,-6.16607079429032],[106.74574993033202,-6.165755238059822],[106.74535092655614,-6.166521985656004],[106.74442415496823,-6.1667477532974235],[106.74400868059476,-6.165977230902965],[106.74366391676925,-6.166572863167949],[106.74274280535899,-6.166457734987135],[106.74179009156335,-6.167254578956218],[106.74168311994067,-6.168055542791132],[106.74060148941948,-6.167605703695421],[106.74033901525121,-6.168580217571698],[106.7400376182662,-6.168189706550328],[106.73957362318392,-6.168189706686946],[106.73881155477143,-6.169808168794886],[106.73858211057396,-6.169778813879367],[106.73846799039136,-6.168912042417194],[106.73789757835657,-6.168796826052493],[106.73775690478134,-6.169431785191514],[106.73838391061197,-6.170139377283473],[106.73826913124951,-6.1706213632927405],[106.73785981916622,-6.170527783779419],[106.73764982939852,-6.16993147232814],[106.73629042221386,-6.170400836593281],[106.73554639757872,-6.170047605229655],[106.7356598130842,-6.171047692437282],[106.7346361685866,-6.171151741437885],[106.73431996412052,-6.171751002793531],[106.73362558055128,-6.17148435798169],[106.73251033462735,-6.172720966286597],[106.7319473778604,-6.172926427868666],[106.73161209610399,-6.173917819691386],[106.73196644687071,-6.174192830630988],[106.73090342341409,-6.175000000327496],[106.73087685244684,-6.1760951952297924],[106.73009797462468,-6.17562195333027],[106.7289933573743,-6.175775240970926],[106.72784700530981,-6.176530907163733],[106.72757969630223,-6.177429436174951],[106.72682481341674,-6.177519227398964],[106.72662904533836,-6.178188451246515],[106.72598840593133,-6.178566837583496],[106.72398916137679,-6.182479802267078],[106.7243556609239,-6.1836807923145],[106.72401339140931,-6.183958377410041],[106.72345175813837,-6.183598087867616],[106.72293600330858,-6.184236316001416],[106.72326976614305,-6.184761300845045],[106.72436955180632,-6.184962644420419],[106.7241787832529,-6.185846069357797],[106.72261824343647,-6.1856214590989795],[106.72218032301956,-6.18658822604569],[106.7213714786512,-6.187064549822498],[106.72096554456175,-6.1868361915594035],[106.7188168572363,-6.187832189577369],[106.7179453012363,-6.187762437907952],[106.7167997931538,-6.189291321599331],[106.7167636689735,-6.189753553314267],[106.71582268295347,-6.190224539591922],[106.71495501959947,-6.18988642204761],[106.71482913744785,-6.191621346562465],[106.71405656107187,-6.191118440823995],[106.71368653940988,-6.191278135187634],[106.71344009510344,-6.191766390297544],[106.71589330224712,-6.192661608586141],[106.7167211749384,-6.192325264661321],[106.7180271900294,-6.192759372696174],[106.71961766040796,-6.191910322246046],[106.71987900073606,-6.1925069997552855],[106.72017837215944,-6.1924710990497545],[106.72187480855115,-6.191475919577358],[106.72368727480165,-6.191978427738715],[106.72412891912961,-6.191791579273319],[106.72471290094272,-6.194029592055934],[106.72386529472124,-6.196191513363468],[106.72447329227958,-6.196620173405727],[106.72349741265921,-6.19793021097175],[106.7239321930232,-6.198293809429862],[106.72339770782827,-6.199329521075121],[106.72353692020896,-6.20023751230174],[106.72450621193809,-6.202113186776531],[106.72437834602734,-6.207861897925906],[106.72401257157016,-6.207856132379705],[106.72382772472079,-6.208532874127149],[106.72356772370051,-6.208534418104095],[106.72308692779696,-6.212307047974006],[106.7198238956766,-6.212365517007415],[106.71970090557012,-6.214061552827173],[106.71919753629848,-6.214571580913667],[106.71881252762219,-6.216561542917047],[106.71883683775664,-6.218564435384735],[106.71832083282611,-6.2186012464315805],[106.71782919117801,-6.220189276240802],[106.71808947924654,-6.2230442856452175],[106.71986771942672,-6.223092437997686],[106.7204332512898,-6.224235971271676],[106.72697810580685,-6.2243402032868325],[106.73764772639578,-6.22381788318753],[106.74426226542438,-6.223003524373447],[106.74535924358595,-6.2232582192538235],[106.7499179555522,-6.222717968615693],[106.75792901379906,-6.222982610310055],[106.75838652442584,-6.2229185438970385],[106.7584004419823,-6.222594442830437],[106.76591927963374,-6.22247004568087],[106.76540513655075,-6.222077877024799],[106.76564021231857,-6.221712295164393],[106.7652171839153,-6.221151345883296],[106.7653526813249,-6.219634214299055],[106.76481820845027,-6.217898247717821],[106.76414998060206,-6.21685848325196],[106.76352576220707,-6.21647097676426],[106.76308833132407,-6.215518934143869],[106.76329632118781,-6.2148570631313325],[106.76544067610013,-6.212933599259473],[106.76615128094369,-6.211431242403701],[106.7653838384393,-6.209170392617849],[106.76468108419249,-6.209047911380055],[106.76513085412142,-6.207289248131933],[106.76454278812774,-6.206902206945353],[106.7635958419783,-6.204927712263841],[106.76429452197767,-6.204255446820801],[106.76440399085234,-6.202871536706611],[106.76386738181296,-6.2024582725857895],[106.76382936438495,-6.2015153009372534],[106.7632046602021,-6.200713815820725],[106.76318334280631,-6.199368072732557],[106.76258494076666,-6.1974476482125445],[106.76158778558002,-6.196141232195157],[106.76059496658343,-6.196844247212019],[106.75993573025275,-6.196221640408789],[106.75984243788871,-6.195533274202281],[106.75789228927172,-6.193771161250632],[106.75696465890992,-6.192302786051415],[106.75715602079438,-6.190183831273529],[106.75792393699325,-6.188695279234223],[106.75806164042314,-6.187534862997068],[106.75708881322694,-6.187359887244426],[106.75651130576334,-6.18458774325233],[106.75501839297988,-6.184115279621706],[106.75394578004503,-6.184443759288521],[106.75224132069455,-6.183157373599363],[106.75003878411572,-6.1804906295539155],[106.75049219713239,-6.18014060767844],[106.75057523242378,-6.1792213521665],[106.75130478931494,-6.17763194974017],[106.75109325257404,-6.177244087947572],[106.75052340529574,-6.177491363041777],[106.7503082150346,-6.177089616868289],[106.749864369148,-6.17710797881741],[106.74942900977963,-6.176054168976021],[106.74980219880422,-6.173765350889803],[106.74934904790682,-6.172217637649116],[106.74979867542069,-6.172158175405299],[106.75095026169423,-6.171070679976512],[106.75092275405207,-6.170488983901566],[106.75190176918149,-6.1700546883476175],[106.75222632798474,-6.169213311439336],[106.75192624435462,-6.168563043752231],[106.75278401019422,-6.1682717260402695],[106.75300393566393,-6.167664758311761],[106.75342317919252,-6.167780046838462],[106.75389880399297,-6.166786032154437],[106.75508501556817,-6.165833440226746]]]}},{"type":"Feature","id":16,"properties":{"OBJECTID":16,"WADMKC":"Tebet","WADMKK":"Kota Adm. Jakarta Selatan","KDCPUM":"31.74.01","KDPKAB":"31.74","LUASWH":933.99,"SRS_ID":"32748"},"geometry":{"type":"Polygon","coordinates":[[[106.84909621172608,-6.20758228521848],[106.84780956980784,-6.208287740664444],[106.84734838814788,-6.209942127805483],[106.8439284544249,-6.2151708026140575],[106.84390675585898,-6.2158360901011855],[106.84600825824992,-6.221000583304156],[106.8451240749427,-6.221453455421113],[106.83856606507464,-6.221521974389295],[106.83850987201048,-6.22231221021596],[106.83783212390621,-6.222804590108319],[106.8387779766311,-6.225200926451657],[106.83514711125213,-6.225613763371883],[106.83572030963553,-6.227888204850618],[106.83679784284581,-6.230216252755153],[106.83634702744189,-6.236004699559588],[106.83567132225164,-6.237704674297902],[106.83504800488609,-6.238312946068764],[106.83463766885465,-6.24088999635869],[106.84364963367494,-6.2433168943556305],[106.86242814601239,-6.243116121620131],[106.8628719266107,-6.239503477332896],[106.86377103177338,-6.237271220863548],[106.86465290018288,-6.2368126917256435],[106.86529914339725,-6.236846789902156],[106.86626524558059,-6.239029336928502],[106.86659624528521,-6.239278697241601],[106.86689485716394,-6.238734909717471],[106.86635322763618,-6.236694232408949],[106.86521169314761,-6.235161258269375],[106.86543157765796,-6.234824468687968],[106.86633888066677,-6.23474512489778],[106.86632967933784,-6.234091555575149],[106.8652664705604,-6.232479697187536],[106.86347632701309,-6.231268480390375],[106.86330498285412,-6.2308043072588495],[106.8648505072284,-6.228403327558548],[106.86480108437311,-6.227169136549658],[106.86366600228385,-6.224715629824399],[106.86516422608757,-6.224385850849807],[106.86537772842851,-6.223509210563245],[106.86357961940894,-6.22115273069904],[106.86293823786747,-6.219669883255665],[106.86157065883572,-6.220002380087002],[106.8614383315879,-6.22044015473311],[106.86181361557963,-6.221273945084161],[106.8615272203401,-6.221645304784977],[106.8608619335592,-6.221802668743364],[106.86007223405248,-6.2213206821522],[106.86126502237842,-6.2190648658927445],[106.86353456725274,-6.216299756801605],[106.8626501592708,-6.216182588192622],[106.8602341384366,-6.217327923872197],[106.85865768111249,-6.216289953405193],[106.85774739511093,-6.2175916529292525],[106.8572507157695,-6.217569687238311],[106.8562779203588,-6.216282543434919],[106.85713387995624,-6.214122752421278],[106.85825629513796,-6.213674807984112],[106.85772133186127,-6.212555338022586],[106.85684348019024,-6.2117939019619595],[106.85454889771732,-6.211164793115662],[106.85306676442754,-6.209792705708976],[106.85093721394294,-6.2089219345928415],[106.84909621172608,-6.20758228521848]]]}},{"type":"Feature","id":17,"properties":{"OBJECTID":17,"WADMKC":"Setiabudi","WADMKK":"Kota Adm. Jakarta Selatan","KDCPUM":"31.74.02","KDPKAB":"31.74","LUASWH":891.48,"SRS_ID":"32748"},"geometry":{"type":"Polygon","coordinates":[[[106.84664874043014,-6.2086430643886334],[106.83745036429117,-6.205460249558069],[106.83081543988334,-6.204468525814141],[106.82280662283449,-6.2026847214325365],[106.82181907868275,-6.208633190232905],[106.81975039076266,-6.212950305556627],[106.81826193056595,-6.2147332997277775],[106.81248778409693,-6.219476449999794],[106.82182405932515,-6.233010638680596],[106.83256969507808,-6.24012696267826],[106.83463766885465,-6.24088999635869],[106.83508450457101,-6.238204770823226],[106.83560752332883,-6.237786637004493],[106.83632775411002,-6.235906274857573],[106.83679680215823,-6.230258648270674],[106.83508556156592,-6.2257185037763465],[106.8387779766311,-6.225200926451657],[106.83779424486207,-6.222697902735291],[106.83849713996021,-6.222324475263729],[106.83869077595794,-6.2215084478786515],[106.84532517134882,-6.221446788944371],[106.8461398235782,-6.220904076915515],[106.84387446510283,-6.2155263953398],[106.84421175588174,-6.214538063084548],[106.84734838814788,-6.209942127805483],[106.84793176877643,-6.208497857283785],[106.84780956980784,-6.208287740664444],[106.84664874043014,-6.2086430643886334]]]}},{"type":"Feature","id":18,"properties":{"OBJECTID":18,"WADMKC":"Mampang Prapatan","WADMKK":"Kota Adm. Jakarta Selatan","KDCPUM":"31.74.03","KDPKAB":"31.74","LUASWH":793.97,"SRS_ID":"32748"},"geometry":{"type":"Polygon","coordinates":[[[106.82075667992876,-6.231699823583791],[106.81709800146469,-6.226328257457244],[106.81673893176567,-6.226552753218505],[106.81714507354238,-6.227173354657003],[106.8165598096811,-6.227993539345768],[106.81728720634767,-6.229891639979159],[106.81682986095926,-6.232036064285404],[106.81728119779554,-6.232071389319935],[106.81779704895564,-6.233101073328138],[106.81752741380623,-6.23384789472258],[106.81782550393204,-6.235337278199825],[106.81850864837783,-6.235851353279837],[106.81791205253555,-6.238490564050793],[106.8164529403662,-6.240946916566009],[106.81581466032598,-6.241430062013246],[106.81605573416313,-6.24174482093122],[106.81561747263953,-6.24313039336089],[106.81521120810888,-6.242842519265208],[106.81474830047874,-6.242988791188489],[106.81450568807774,-6.244151151951425],[106.81381229530173,-6.244825606378686],[106.8137273862732,-6.245490246851836],[106.8130500259438,-6.245730309952637],[106.81257268925329,-6.246717612815765],[106.81081445410713,-6.247692870385272],[106.80966782129919,-6.248876360813545],[106.81008322401992,-6.250346711962287],[106.8104317567746,-6.250560269031971],[106.80891434281662,-6.252417236184342],[106.80918251205854,-6.252808165902974],[106.80862043975898,-6.253170873205208],[106.80830664563678,-6.255627858178347],[106.80913828744644,-6.256511060579848],[106.80903629381199,-6.2574405882903985],[106.80949841201992,-6.258691694253924],[106.81058110293426,-6.259207367671655],[106.81028863148521,-6.259626100012702],[106.81051175901513,-6.260198442909562],[106.811421969609,-6.2606463578149345],[106.81166608101888,-6.261217601056986],[106.8114647410651,-6.2615720334569005],[106.81204943516735,-6.262208080284644],[106.81157857466718,-6.262543722388259],[106.81174560601917,-6.263509817735549],[106.81219727989422,-6.26367648020072],[106.81254679469185,-6.264954650829988],[106.81319814891275,-6.265711769000066],[106.8129043705629,-6.26709651621792],[106.81219511900521,-6.268147204633985],[106.81227054300226,-6.26899532635829],[106.8115103704806,-6.270158844379398],[106.81201697372805,-6.271070795245096],[106.81311988948198,-6.271955943572247],[106.81376649430875,-6.272093797054674],[106.8138927119347,-6.272906304254213],[106.8209256140103,-6.274245083550485],[106.82183126103459,-6.271606235685458],[106.82290319583966,-6.2714734539965855],[106.8236684216173,-6.270824830404119],[106.82506714144853,-6.27131665337196],[106.82525748179353,-6.271067590853623],[106.8245865331775,-6.270320996165286],[106.82467766161973,-6.269564186009586],[106.82555636581375,-6.268652705729724],[106.82538802848717,-6.267751914783373],[106.82644066983053,-6.266268378725583],[106.82733241461423,-6.26646374675001],[106.82763251364051,-6.26562261313944],[106.82655095595639,-6.265438507727003],[106.82584882626237,-6.261245365381481],[106.82456227900627,-6.2603102135641935],[106.82493360585319,-6.259764989753905],[106.82608428033556,-6.259712277828584],[106.82626031604191,-6.259342907123869],[106.82627538484135,-6.258721488864736],[106.82480475984056,-6.258077312308522],[106.82471932283917,-6.255905185312037],[106.82530156391124,-6.254827247848292],[106.8243271560034,-6.254563336329921],[106.8239000228727,-6.253914263170252],[106.8232492954217,-6.253948258088001],[106.82333034786006,-6.253530170956219],[106.82300683958607,-6.253192428144963],[106.82698870370436,-6.252847225916008],[106.82725964389594,-6.252381623849868],[106.835547988219,-6.251799004143012],[106.83573199980128,-6.250646859180524],[106.83519250289021,-6.248679416841025],[106.83551636713649,-6.246121415458028],[106.83527114751168,-6.241392175935198],[106.83267463681133,-6.24018701132403],[106.82550243137486,-6.235657355847269],[106.82226635300918,-6.23341146494636],[106.82075667992876,-6.231699823583791]],[[106.82352586212754,-6.250284983919712],[106.82352491094576,-6.250288974623688],[106.82352366763797,-6.250292885869487],[106.82352586212754,-6.250284983919712]],[[106.82352032599758,-6.2503003740700995],[106.82351824559193,-6.250303909370757],[106.82351590801063,-6.250307281908041],[106.82352032599758,-6.2503003740700995]]]}},{"type":"Feature","id":19,"properties":{"OBJECTID":19,"WADMKC":"Pasar Minggu","WADMKK":"Kota Adm. Jakarta Selatan","KDCPUM":"31.74.04","KDPKAB":"31.74","LUASWH":2161.04,"SRS_ID":"32748"},"geometry":{"type":"Polygon","coordinates":[[[106.85197807365786,-6.262442875445755],[106.85190200821549,-6.262084926088908],[106.84333039871052,-6.262575397613668],[106.84335448880151,-6.264165470170903],[106.84408434209759,-6.266009040771433],[106.83484639204292,-6.2659727384497765],[106.83493808999874,-6.268407200753697],[106.83219804686797,-6.2683055074392975],[106.83291745825129,-6.269041085941453],[106.83253098737335,-6.2692789739547194],[106.83266533460325,-6.269669044370385],[106.83219644391639,-6.2711341084254855],[106.83241396821684,-6.272001108020167],[106.8321367831188,-6.272966401068708],[106.83261152742524,-6.274317456584982],[106.83226991010525,-6.2745368493233284],[106.82870587506926,-6.274933259083866],[106.82907256075666,-6.27416985279251],[106.82867511937634,-6.273225623275886],[106.82891793058765,-6.272865794762635],[106.82866977801322,-6.270902189432762],[106.82912730962238,-6.269516482807446],[106.82775171161562,-6.265633625565186],[106.82735084008903,-6.266463601168029],[106.82660901332517,-6.266224850573362],[106.8253683477699,-6.267682130594727],[106.8255746139894,-6.268556090191377],[106.82471613764524,-6.269528590427661],[106.82458653293736,-6.270324305436642],[106.82520287317409,-6.2713495056692805],[106.82394640658134,-6.271150607390524],[106.82377042941924,-6.270757936433194],[106.82294231405369,-6.271464751770226],[106.82174599636679,-6.271648121414403],[106.82098571955778,-6.274291528146671],[106.81518097585905,-6.272963969857573],[106.81403878519741,-6.2730335053736415],[106.81381933302119,-6.273647933226473],[106.81420923636739,-6.275156907972494],[106.81405259887724,-6.275818632956201],[106.81293910433261,-6.276330773817478],[106.8127014295672,-6.27834577326456],[106.81185683556137,-6.279222662719108],[106.81141239556094,-6.279157641906732],[106.810719629046,-6.279717209573535],[106.81050227406298,-6.280902486589326],[106.80933402415606,-6.282260413568459],[106.80968444432926,-6.285919553793708],[106.80913169863142,-6.286060749341596],[106.8089755428958,-6.286949908220638],[106.8084915200141,-6.287464555829641],[106.80866450487335,-6.289031603870316],[106.80831092729882,-6.2898446850812215],[106.80626660467283,-6.29074242959628],[106.80550958425258,-6.292693003162785],[106.8050267062084,-6.2932005300599085],[106.80527011585704,-6.294105181657659],[106.80626497877154,-6.294522787120332],[106.80688931560458,-6.295649799570624],[106.80555660003773,-6.296794654405266],[106.80500857518918,-6.297988816699171],[106.80517379401522,-6.298405704606302],[106.80599042883061,-6.298444743182439],[106.80610323954951,-6.300403220780985],[106.80702460198751,-6.302676523375155],[106.80751404221691,-6.303163814589836],[106.80827575929095,-6.303291316444141],[106.80922840782803,-6.305186032924354],[106.80914545635743,-6.3055992719549705],[106.80843525433635,-6.30571178341437],[106.80869465993875,-6.306604650610904],[106.80826467321167,-6.306991784293474],[106.80859927167307,-6.308055679896806],[106.80683189358162,-6.309029024199958],[106.80763361801203,-6.309245140076415],[106.80825644412835,-6.309928375049283],[106.80853942967595,-6.310518294235213],[106.80825554260451,-6.311156483900378],[106.80925607083716,-6.311659488800286],[106.80967698668154,-6.3109391663524805],[106.81028453360065,-6.310797709151998],[106.81611636355001,-6.310653999718936],[106.81647666008637,-6.316886861950667],[106.82091896782866,-6.317536623573707],[106.823427420678,-6.317356406434109],[106.82383039558803,-6.317776815034517],[106.82478035141393,-6.317824861336535],[106.82538643830591,-6.320067029551208],[106.82540346372653,-6.321530458030822],[106.82901878742135,-6.3219914285610965],[106.82937534390537,-6.321210839664252],[106.83193482786479,-6.3214324726409385],[106.8338743718574,-6.318354395019413],[106.83426957988945,-6.318108918292118],[106.83514277007005,-6.318387207569296],[106.83587969943466,-6.3163040397545185],[106.83732016816097,-6.305607021433694],[106.83715367268073,-6.303232168908815],[106.83663452743039,-6.3018547633651245],[106.83968876468028,-6.3029917614390865],[106.84085033407081,-6.295289557436416],[106.84360563332683,-6.296047397131759],[106.84477395501544,-6.296901614144416],[106.85113625844848,-6.297925754323165],[106.85210450791949,-6.297910657632589],[106.85034816743811,-6.296592401954085],[106.85033828471225,-6.296120369426895],[106.8506994645767,-6.295808954429413],[106.85189042692328,-6.295616751571801],[106.85394526003239,-6.296197327788723],[106.8543281758033,-6.296063468822927],[106.85436432415115,-6.29433075288721],[106.85401878175934,-6.293761214728869],[106.85337184400959,-6.293822931732613],[106.852439980558,-6.294727841988805],[106.85223042424904,-6.294621699587436],[106.85258524916097,-6.293602405283219],[106.85437085000248,-6.291475434364729],[106.85454696968176,-6.2905307618856705],[106.85377971657145,-6.290260987441949],[106.85181678120685,-6.291119634158404],[106.85124930157968,-6.2929143926498625],[106.85033011520188,-6.292776873690422],[106.84938882342645,-6.290386656915987],[106.85086164655964,-6.289713889938022],[106.85124660954877,-6.288387141048489],[106.85037778904403,-6.287896233565929],[106.84968948030091,-6.288520351872999],[106.84921911369157,-6.288522586155486],[106.8483259599633,-6.287997534801391],[106.84741583642787,-6.28650653277353],[106.84745571214178,-6.285300230994987],[106.8488215535876,-6.283676425400411],[106.84858716111192,-6.28334361985736],[106.84772696743455,-6.283364880185667],[106.84760451783333,-6.282955137682241],[106.85040455572657,-6.279644691423924],[106.84777465274134,-6.280017641042239],[106.84679028296696,-6.279109084405002],[106.84925188468142,-6.276610211407035],[106.85080718822398,-6.276726336765788],[106.85167562415988,-6.276230130678334],[106.85196615980836,-6.275073783874416],[106.85132575465914,-6.273599761180632],[106.8518120557836,-6.273217268430789],[106.85342072527855,-6.273247041120673],[106.85365660260972,-6.271904472586666],[106.85452660880044,-6.271980249045506],[106.85555033555138,-6.272613734016686],[106.85678649555547,-6.272528145596893],[106.85645960476646,-6.271635738117705],[106.85491176043942,-6.270589285611903],[106.85484794987084,-6.269867503065602],[106.85514585713418,-6.269577722389354],[106.85597490916146,-6.270516662687702],[106.85657461884789,-6.270290666619477],[106.85545422025635,-6.266713169382882],[106.8500693386403,-6.266645139760025],[106.85197807365786,-6.262442875445755]]]}},{"type":"Feature","id":20,"properties":{"OBJECTID":20,"WADMKC":"Kebayoran Lama","WADMKK":"Kota Adm. Jakarta Selatan","KDCPUM":"31.74.05","KDPKAB":"31.74","LUASWH":1905.64,"SRS_ID":"32748"},"geometry":{"type":"Polygon","coordinates":[[[106.78905682172986,-6.208468318273776],[106.78735247127752,-6.207016978309387],[106.78325974855593,-6.206703249045993],[106.78359702960785,-6.21197566256073],[106.78323658833229,-6.212862244098968],[106.7825452101453,-6.213290563558045],[106.77773492867716,-6.213637608143706],[106.77757489495822,-6.215310867949942],[106.77707554591133,-6.216500962876353],[106.77718774484586,-6.21692474627551],[106.77827600363793,-6.217453747942636],[106.77846179038903,-6.217835432359012],[106.77843248719401,-6.226820524801432],[106.76749591278046,-6.2274800524522735],[106.76472741955762,-6.227131427617321],[106.76454641500601,-6.227590423961259],[106.76495876056691,-6.22874494479043],[106.76475730112443,-6.229118932391165],[106.76412685142006,-6.229181571243738],[106.76387793918717,-6.229789346301178],[106.76309177108733,-6.23002765723522],[106.7635462554276,-6.230515699593468],[106.76515911621706,-6.229483074721751],[106.76587043377572,-6.2303017093231805],[106.76587264959235,-6.230968187421486],[106.76414988943453,-6.233269739773979],[106.76465923568661,-6.234969197972539],[106.76535182666007,-6.234813441661139],[106.76598114045123,-6.233820517029445],[106.76633967858663,-6.233831069410573],[106.7671343184394,-6.23496869878303],[106.76717560166485,-6.236188904743125],[106.76675560440839,-6.236663598433197],[106.76496769843139,-6.236816738835668],[106.76447431203344,-6.2375769097402305],[106.76455753443662,-6.238568497661839],[106.76483895338336,-6.238960559993423],[106.7652828133577,-6.238946867573565],[106.76570643935008,-6.238202193594417],[106.76610976523018,-6.238335849611011],[106.7658987986816,-6.238964109133093],[106.76666722784884,-6.239786988425479],[106.76589052111744,-6.239805519232612],[106.76557615056261,-6.241536985134749],[106.76800671583923,-6.243172817026206],[106.76818871424265,-6.244720451016573],[106.76884560987388,-6.245659317612556],[106.76843417366462,-6.246710600269922],[106.76661755708544,-6.248441910099093],[106.76747196213901,-6.2502893684207335],[106.76727317964264,-6.250936447068373],[106.76627176990196,-6.251773903030332],[106.76622158770184,-6.25228514607622],[106.76672756658803,-6.252821224415731],[106.76788052802182,-6.253239256088975],[106.76760634092287,-6.2543997812124354],[106.76831652964343,-6.255371681549375],[106.76888212495514,-6.254430793847186],[106.77001884299078,-6.254336093554971],[106.77198863769955,-6.255168891786994],[106.77202752906732,-6.255665287551167],[106.77151432054833,-6.25619122856686],[106.77016356566006,-6.2563118464130625],[106.76939071655684,-6.257894254351635],[106.7704505439351,-6.258766343718772],[106.77150377939718,-6.258023342128507],[106.77237465675282,-6.25837077290332],[106.77267356744207,-6.259004635566772],[106.7726804272041,-6.26130172617993],[106.77307869957298,-6.262367738187882],[106.77254161345252,-6.26297268340834],[106.77211499744924,-6.2629865345645594],[106.77173118208523,-6.262509326313602],[106.77060325166164,-6.263206945116167],[106.77146797144383,-6.26475774822661],[106.77135049643421,-6.265375332653683],[106.7700814559602,-6.2644543890569215],[106.76961898642239,-6.264677988151319],[106.7692429504247,-6.265603993039736],[106.76967584256096,-6.267193596590199],[106.76929761341998,-6.2680261485678095],[106.76962712857878,-6.26939665940161],[106.77107375844139,-6.270160182907983],[106.77097613345305,-6.271530863375977],[106.77154581955143,-6.27229764342188],[106.77050446043714,-6.274349147806656],[106.76900666209279,-6.2737229936721715],[106.76831921982331,-6.274364435621137],[106.7693835195875,-6.2754810841000985],[106.76934778374172,-6.276164719593994],[106.76987599440768,-6.276645645431259],[106.77033314479279,-6.278040137992178],[106.76786334556087,-6.278940962624038],[106.7675893115874,-6.279311471671968],[106.76797200035679,-6.280275298976996],[106.7694302765712,-6.281143509448438],[106.76945116899265,-6.281555544553632],[106.76784090215166,-6.281828190112305],[106.76692161366002,-6.283084890354202],[106.76570323733617,-6.283971732334482],[106.76604739382648,-6.284561670391066],[106.76735051706308,-6.285099500025639],[106.76801711342681,-6.286035138962619],[106.76783925644914,-6.286457511443989],[106.7671681135604,-6.2862133310457615],[106.76655113363047,-6.286499660559228],[106.76712804514499,-6.288295775967016],[106.76605704191839,-6.289133963058206],[106.76644931226832,-6.2895345540275205],[106.76663422197363,-6.290649123737576],[106.7695722494195,-6.289208112590651],[106.77630435657423,-6.289273157087708],[106.77808015139615,-6.288422293360127],[106.78038222342579,-6.290295043982599],[106.7842746714156,-6.2916179020589835],[106.78561438261409,-6.2897276053878475],[106.7850821458193,-6.2880752210569],[106.78665414056454,-6.286260991434959],[106.78713803436658,-6.285235208338639],[106.78842862597224,-6.284240465683167],[106.7901283238817,-6.281417108434312],[106.79023539778262,-6.278954718296372],[106.78961800159713,-6.277662542698925],[106.78966756970122,-6.276049509559116],[106.79016958370006,-6.274629194244045],[106.79147673196572,-6.273228085448962],[106.79134794309678,-6.270452614746804],[106.79061517433428,-6.268690698226047],[106.78965868024673,-6.269159388784523],[106.78912213399762,-6.268510835853641],[106.78740353369355,-6.2679121068129335],[106.78636439219089,-6.2659484659652005],[106.7853732527883,-6.265396526357434],[106.78516515026173,-6.261376737032027],[106.78550147896611,-6.261035121354939],[106.7849546192925,-6.26036436662428],[106.78533937809836,-6.260025214987564],[106.7854972211544,-6.259152336572071],[106.78483862878215,-6.258464188266519],[106.78558331165473,-6.256845797015103],[106.78625642001083,-6.256845464795462],[106.78583295877317,-6.255313421136452],[106.78617989760582,-6.254071164585952],[106.78784968719114,-6.2533992858921525],[106.78867332587089,-6.251955708939152],[106.78890045534389,-6.25098278307007],[106.78837167003678,-6.249822627722145],[106.78888685779458,-6.248697756725126],[106.78856119231672,-6.248413617655427],[106.78909684034222,-6.248201300140764],[106.78893125626139,-6.247776978013943],[106.78918881154685,-6.2474586515514705],[106.78865972887206,-6.247260203588139],[106.78861569955332,-6.2466450109248095],[106.7876905312551,-6.245075562296293],[106.78767955793062,-6.244237310432328],[106.78699678633933,-6.2442928139621126],[106.78672154340633,-6.243485818102897],[106.7847456937361,-6.242792401287418],[106.78413693899448,-6.241696379741598],[106.78473853437806,-6.241197116025015],[106.78495575117725,-6.239066324373249],[106.78545773914067,-6.2386882382864375],[106.78492753743049,-6.237276754198057],[106.78624012504166,-6.23538927563222],[106.78667554638334,-6.235366547416817],[106.7868521779016,-6.23474396673738],[106.78748263123818,-6.234133668728014],[106.78809946754912,-6.234153404571291],[106.7889280610326,-6.233813487078168],[106.78894456008543,-6.23340669529794],[106.79016302333932,-6.2330758396030355],[106.79199517857967,-6.230665851592179],[106.79363947701322,-6.230809758438475],[106.7946596036677,-6.230040129374436],[106.79563323032616,-6.23030820019821],[106.79590703081628,-6.228614322221647],[106.79568931624212,-6.228283485952986],[106.79642573758643,-6.2263474943457195],[106.7960552355846,-6.223686087349215],[106.79704100302672,-6.217882279989724],[106.79612963769631,-6.216487527558043],[106.79628907136738,-6.215670013168614],[106.79534101801538,-6.213567500438517],[106.79584800774388,-6.212496403724216],[106.7945916460198,-6.211851148785777],[106.79347606255683,-6.211735075959854],[106.79371451457597,-6.210992164047133],[106.79272373628108,-6.210244806377208],[106.79260656118593,-6.209383496055576],[106.79189006627362,-6.208875383643623],[106.79223853754705,-6.20775508757123],[106.7905418987532,-6.207478299245798],[106.78905682172986,-6.208468318273776]]]}},{"type":"Feature","id":21,"properties":{"OBJECTID":21,"WADMKC":"Cilandak","WADMKK":"Kota Adm. Jakarta Selatan","KDCPUM":"31.74.06","KDPKAB":"31.74","LUASWH":1775.05,"SRS_ID":"32748"},"geometry":{"type":"Polygon","coordinates":[[[106.78813155299514,-6.263524997864937],[106.78536268492337,-6.262989204554933],[106.78517361971083,-6.2641220261184625],[106.78540477359603,-6.265454016966794],[106.78636439219089,-6.2659484659652005],[106.78740353369355,-6.2679121068129335],[106.78901719820654,-6.268470434002135],[106.78965868024673,-6.269159388784523],[106.79064189704359,-6.268740563385296],[106.7913079382061,-6.270276283717818],[106.79153918938289,-6.273073129053735],[106.78976477558025,-6.275447405980309],[106.78959953542102,-6.27758192141266],[106.79022547734597,-6.278873660959469],[106.79028873729273,-6.279825417920364],[106.79005087267268,-6.281647702884857],[106.78842862597224,-6.284240465683167],[106.78713803436658,-6.285235208338639],[106.78665414056454,-6.286260991434959],[106.7850821458193,-6.2880752210569],[106.78561438261409,-6.2897276053878475],[106.78486962933901,-6.291072180233714],[106.78435753778734,-6.291518457235793],[106.78387275497418,-6.291495668222955],[106.78038222342579,-6.290295043982599],[106.77808356656237,-6.288425829799311],[106.77639344044778,-6.289272079352944],[106.76927784287439,-6.289262392122932],[106.76667648243236,-6.2906124394011576],[106.7669683315483,-6.291359371966405],[106.76813958377187,-6.291798594681941],[106.76758530366233,-6.2922759529349355],[106.76829714266582,-6.293317212303656],[106.76713956732402,-6.2951877303369805],[106.76844812223649,-6.295924932156485],[106.77006078587381,-6.295560611666878],[106.76981662638835,-6.297594947582109],[106.77023245685201,-6.297713155319542],[106.77067344259758,-6.2973169199558106],[106.77099456965755,-6.298592751579182],[106.77140791225447,-6.299046714863691],[106.77320526956986,-6.298150652236344],[106.77384195269086,-6.2987047108550405],[106.77393694227233,-6.299217549009926],[106.77361391903817,-6.299513345573858],[106.77248433541962,-6.299190189064022],[106.77158110563802,-6.299354741058525],[106.77155986984083,-6.2996016056506425],[106.7723982731937,-6.300062277224792],[106.77316778255879,-6.30135751667039],[106.7712715989321,-6.301683958911357],[106.7708810620378,-6.302136822370198],[106.77162595300985,-6.303222814447257],[106.77341547430923,-6.303007401317908],[106.77353338519494,-6.3034047290158775],[106.77295799497344,-6.304707530649065],[106.77365676441633,-6.304531707041464],[106.77438492075679,-6.303330061205873],[106.77483606079412,-6.303283668556535],[106.77551944794419,-6.303858497738082],[106.77555297383907,-6.304379501043531],[106.7748023021897,-6.3047819974045805],[106.77544668798323,-6.306191289590552],[106.77435019627679,-6.306302681963037],[106.7739275274064,-6.306812495912392],[106.77497879962564,-6.3083430145581385],[106.77328550173387,-6.309613737579921],[106.77525166640874,-6.310360632571522],[106.77534499928097,-6.31056067500361],[106.77445089180539,-6.311302361195658],[106.77462418217188,-6.312163019429931],[106.77554888158588,-6.3116275673936935],[106.77652917218519,-6.311796478302073],[106.77675359400205,-6.315203014871252],[106.77918250274413,-6.315755362568501],[106.7801200518572,-6.3165834102708684],[106.7827623358786,-6.315902603764843],[106.78325027828878,-6.316552500050282],[106.78421166830985,-6.3164497215636795],[106.7847615784357,-6.315550586761047],[106.78535633443882,-6.315799368939937],[106.78761894438158,-6.3157144015573],[106.78953022971011,-6.316231082349077],[106.79018333427632,-6.314937221760053],[106.79077036215602,-6.314757749097103],[106.79271222291491,-6.315823887579635],[106.79312568416935,-6.315433482983683],[106.79592419514765,-6.315156763657421],[106.80080523940941,-6.315084891798135],[106.80124041924763,-6.315323534812061],[106.8091696900859,-6.314839703420786],[106.80888869504021,-6.314001567110192],[106.80792681316431,-6.313243301693165],[106.80839825918487,-6.31260425331159],[106.80786808955503,-6.311445106791428],[106.80852229461682,-6.310403522110926],[106.80776519437593,-6.3092662137812185],[106.80682969817828,-6.309085251906288],[106.80698374042038,-6.308689985257901],[106.80858331076453,-6.308141858350392],[106.80823850732298,-6.306835829138946],[106.80865748426586,-6.306640186384072],[106.80843446168986,-6.305758676893701],[106.80921032671962,-6.3054874177738],[106.8092161867244,-6.305035397572036],[106.80818646276309,-6.3031892350620895],[106.80760798731383,-6.303227604278766],[106.80706917844603,-6.302775650557499],[106.80611472295064,-6.300449386447407],[106.80601468157396,-6.29854394006811],[106.80518701823995,-6.298427188307484],[106.80500284141645,-6.298059408766654],[106.80565121027219,-6.296653353559354],[106.80688882866205,-6.295661597190852],[106.80626497877154,-6.294522787120332],[106.80527011585704,-6.294105181657659],[106.80501492042748,-6.293249612680582],[106.8063001617884,-6.290708531572342],[106.80825871597632,-6.2899518645990025],[106.80866028142448,-6.288944866079814],[106.80845921115612,-6.287593895690338],[106.8090481059629,-6.286835267551352],[106.80913680842635,-6.285998717611671],[106.80975260235269,-6.285871419876644],[106.80934568329492,-6.282198848353705],[106.81053959030514,-6.28082726631054],[106.81076641467754,-6.279650742448574],[106.81191926810924,-6.2791841754196405],[106.81273138513671,-6.2782788317906],[106.81300218344646,-6.276291496727821],[106.81402246367806,-6.275933612177548],[106.8141881381466,-6.2751102097825955],[106.81381154232339,-6.273810769112218],[106.81383776264218,-6.272143217706858],[106.81263153506328,-6.2716481213756685],[106.81150201715447,-6.270234370366743],[106.8122249668813,-6.269092063741175],[106.81216746596583,-6.268218865945318],[106.81282760975945,-6.267170766891669],[106.81019140506352,-6.266607330935879],[106.8101490039513,-6.265952882990641],[106.80463576266719,-6.266295799446354],[106.80424375988497,-6.2666646116150435],[106.80288505896411,-6.266873604780937],[106.80036426010454,-6.266745973557229],[106.79999005990268,-6.2658132708879695],[106.79750144075857,-6.265706905921581],[106.797209488582,-6.263974320838492],[106.79445439489143,-6.263593808668352],[106.79431496444062,-6.264201836126628],[106.79389720936986,-6.264246170365392],[106.78813155299514,-6.263524997864937]]]}},{"type":"Feature","id":22,"properties":{"OBJECTID":22,"WADMKC":"Kebayoran Baru","WADMKK":"Kota Adm. Jakarta Selatan","KDCPUM":"31.74.07","KDPKAB":"31.74","LUASWH":1269.33,"SRS_ID":"32748"},"geometry":{"type":"Polygon","coordinates":[[[106.81716650355614,-6.2292239891699825],[106.81655206234028,-6.227829412588591],[106.81713100134715,-6.227255657934266],[106.81671972495103,-6.226800689656354],[106.81708402490956,-6.2263106714117935],[106.81691888463979,-6.225957089985713],[106.81229314524055,-6.2195017855699115],[106.79947744535129,-6.229210361343792],[106.79852609478542,-6.2287954749180665],[106.79758965460432,-6.229295611451703],[106.79585850891286,-6.2292644156652734],[106.79540981968206,-6.230460527090061],[106.79460125782487,-6.230068698619496],[106.79374305466932,-6.230803343555111],[106.79192183635554,-6.230705083125876],[106.79011025791243,-6.233115559928135],[106.78911901907493,-6.233352464805493],[106.78815271360011,-6.2341365162871885],[106.78748263123818,-6.234133668728014],[106.78667554638334,-6.235366547416817],[106.78624012504166,-6.23538927563222],[106.78492753743049,-6.237276754198057],[106.78542805283988,-6.2386028846002315],[106.78498389535297,-6.238992377249501],[106.78474256091687,-6.241191584087886],[106.78413165226029,-6.241671026909004],[106.78490405472823,-6.242885440091622],[106.78670764402887,-6.243480554067534],[106.78694631630944,-6.2442887564429395],[106.78758087923215,-6.2441966071177495],[106.78776586500972,-6.245237294881301],[106.788682461022,-6.246711544832024],[106.7886195822298,-6.247158317571978],[106.78919591265534,-6.247347176899794],[106.78905641118467,-6.248267393839415],[106.78859974094942,-6.248290780658346],[106.78885296624917,-6.2488416003159974],[106.7883905298841,-6.249792935958332],[106.78890599187021,-6.2511184651129685],[106.78854217043654,-6.252130545570217],[106.78785409883322,-6.253391407135299],[106.7862134131878,-6.254013325253035],[106.7858332799916,-6.255311422685061],[106.78596579878207,-6.256363936743651],[106.78631285065528,-6.256687034848737],[106.78552276207944,-6.256899870999838],[106.78485534340345,-6.258305256766415],[106.78548702967385,-6.259254285394248],[106.78495127638982,-6.260402536700488],[106.78550481236483,-6.260869696287915],[106.78513411615542,-6.261432879881005],[106.78527544118306,-6.262988158687306],[106.79418391470138,-6.264295342414479],[106.7946535642471,-6.26361752055956],[106.79706060581879,-6.263926682056734],[106.79737713439565,-6.265609330866135],[106.80005178144789,-6.265819911862602],[106.80024262762755,-6.266739545568736],[106.80273513505698,-6.266887507565308],[106.80441730944558,-6.266633718019023],[106.80445403806776,-6.266313718164003],[106.80996389912971,-6.265953292200192],[106.81019140506352,-6.266607330935879],[106.81289237455125,-6.267019621176247],[106.81321811843986,-6.265870642699739],[106.8125338972639,-6.264886710226396],[106.81228328713698,-6.263793236247605],[106.8117074361261,-6.263411714133687],[106.8115463435681,-6.262585113952869],[106.81201987638634,-6.262422498930068],[106.81197676460549,-6.262012777255393],[106.81142941578976,-6.261687514164201],[106.81168986169163,-6.261286813430487],[106.81136449522644,-6.260513447439801],[106.81092178506623,-6.260622340889533],[106.81051175866469,-6.260201751303609],[106.81028863113231,-6.259629408407222],[106.81058110258246,-6.259210676065677],[106.80949841166037,-6.258695002649972],[106.80903629344725,-6.257443896687434],[106.80913828708069,-6.256514368976825],[106.80837669687347,-6.255847143959486],[106.8083258821202,-6.255406081417489],[106.80860723457204,-6.253209155549865],[106.80918501559434,-6.252833844144958],[106.80896943112566,-6.252292938756677],[106.81043175640619,-6.250563577427311],[106.81001204643897,-6.250152294287198],[106.80964892936876,-6.248914703396176],[106.81074558609554,-6.247744869069755],[106.81261005892432,-6.246651750241373],[106.81309132556548,-6.2456556578774585],[106.81375496958685,-6.245449668984931],[106.8148198404347,-6.242942904333398],[106.81565163591989,-6.243073969663496],[106.81564593362839,-6.242421633384338],[106.8160273303114,-6.242123352405834],[106.81584671573336,-6.241357167877352],[106.81648722764072,-6.240912372631936],[106.81793760566701,-6.238432094984571],[106.8185330400873,-6.235889028407426],[106.8178394113636,-6.2353861073037695],[106.8175378554359,-6.233868726215833],[106.81779704860179,-6.233104381712158],[106.81735309636703,-6.232119634320411],[106.81681266800139,-6.231898324198757],[106.8172942196738,-6.2298564858207115],[106.81716650355614,-6.2292239891699825]]]}},{"type":"Feature","id":23,"properties":{"OBJECTID":23,"WADMKC":"Pancoran","WADMKK":"Kota Adm. Jakarta Selatan","KDCPUM":"31.74.08","KDPKAB":"31.74","LUASWH":887.04,"SRS_ID":"32748"},"geometry":{"type":"Polygon","coordinates":[[[106.84594855842644,-6.243461970572591],[106.84300406711101,-6.243223332991069],[106.84096353274742,-6.242393267377172],[106.83463766885465,-6.24088999635869],[106.83475154313199,-6.241252734267034],[106.83521432243316,-6.241381927269466],[106.83551258440373,-6.246274016884902],[106.83520377175225,-6.248735080572152],[106.8357313755895,-6.250471227754987],[106.83569396804174,-6.251672284316043],[106.82704871213694,-6.252380834550633],[106.82691896816677,-6.252859932356169],[106.82300731110539,-6.253192908433718],[106.82332964521595,-6.253486461130756],[106.82322541742138,-6.253884555124393],[106.82377993217871,-6.253847773013646],[106.82426616967834,-6.254522459766063],[106.82528556040897,-6.254762295263139],[106.82471932257354,-6.255908494584869],[106.82479971331611,-6.258059853095253],[106.82626727357837,-6.258719707831088],[106.82634560507317,-6.259332619323698],[106.82616918428653,-6.259643405565567],[106.82510154817265,-6.259732875593035],[106.82458244059418,-6.260442963721852],[106.82575233120671,-6.26110313214184],[106.82628584556589,-6.264830314038416],[106.8265821950843,-6.265523026666708],[106.8276918553583,-6.265608460412873],[106.82909627044648,-6.2693495583633965],[106.8286286338128,-6.271815059413153],[106.82889074738337,-6.272364502041361],[106.82864845066099,-6.273188856971973],[106.8290989489716,-6.274301301087481],[106.82870807214348,-6.274796056258607],[106.83058060733431,-6.274889217066323],[106.83256009517723,-6.274484161723339],[106.83214666658152,-6.27305846871702],[106.83241950077897,-6.271874821561356],[106.832224684338,-6.270921520146288],[106.83266533460325,-6.269669044370385],[106.83252685557778,-6.269283466745857],[106.83291745825129,-6.269041085941453],[106.83208829340711,-6.2683542179182705],[106.83491704339565,-6.268458575060486],[106.83483863484003,-6.266136705592648],[106.84408434209759,-6.266009040771433],[106.84335448880151,-6.264165470170903],[106.8432364885666,-6.262588309850083],[106.85209409842562,-6.2621460754325815],[106.85019113942452,-6.266824464186933],[106.85545316010733,-6.266690852210147],[106.85525626056842,-6.266071571068218],[106.85405589640901,-6.265361945732596],[106.85396961857862,-6.264976188902788],[106.85448980329026,-6.2645873841043676],[106.8569345799728,-6.2642425860261595],[106.85715891994532,-6.263889084108275],[106.85454562155589,-6.262759255047392],[106.85427425716546,-6.262406696587079],[106.85469685978386,-6.261931900064521],[106.85540317477682,-6.261797866439117],[106.85693143911308,-6.26286712034892],[106.85884369258454,-6.262981939971791],[106.85922207030993,-6.26276288234076],[106.86053379098851,-6.257516923224265],[106.86039471473102,-6.2570838122423655],[106.85947320926239,-6.257025805797735],[106.85931749082864,-6.256680943560874],[106.86046507528928,-6.255852388052399],[106.86073868209436,-6.255136415154588],[106.86050315655362,-6.254708728789327],[106.85955626695197,-6.25434565241551],[106.85767236180777,-6.255227493157921],[106.85756399286004,-6.253817704446924],[106.85804017103537,-6.252420082404602],[106.85907675498052,-6.251436575911725],[106.86013912873287,-6.250995719851845],[106.86061999621086,-6.251415312601126],[106.86118777326378,-6.254024015295572],[106.86212873857608,-6.2539318625851115],[106.86282234507199,-6.2533758421715575],[106.86216785131954,-6.250673312736762],[106.86240266144507,-6.250270757149543],[106.8640126935699,-6.249479372679467],[106.86200916843423,-6.246277295404474],[106.86251120415562,-6.24311514145106],[106.84594855842644,-6.243461970572591]]]}},{"type":"Feature","id":24,"properties":{"OBJECTID":24,"WADMKC":"Jagakarsa","WADMKK":"Kota Adm. Jakarta Selatan","KDCPUM":"31.74.09","KDPKAB":"31.74","LUASWH":2505.92,"SRS_ID":"32748"},"geometry":{"type":"Polygon","coordinates":[[[106.84785878524211,-6.297474677027363],[106.84464904257315,-6.296870477822437],[106.84371083400944,-6.296091927137549],[106.84102005966746,-6.295330103758013],[106.84051040256985,-6.296851662440368],[106.83978383520338,-6.30301912775724],[106.83661260069783,-6.301765944859795],[106.83715367268073,-6.303232168908815],[106.8373208248566,-6.305596682705917],[106.83585355039077,-6.3163772491490855],[106.83521585371496,-6.318382550954502],[106.8342021384307,-6.318098081877005],[106.83381032285979,-6.318416976650533],[106.83202966869597,-6.3213676189048424],[106.82948824055322,-6.321211752562364],[106.82916595995974,-6.321978677349908],[106.82542210057879,-6.321534109639494],[106.82538638956574,-6.320079159167327],[106.82480671587001,-6.317823980417002],[106.82372148863114,-6.317759513067481],[106.82344025957761,-6.317358309019111],[106.82079676571671,-6.317525730150604],[106.8163692757806,-6.316851663903256],[106.81655580680723,-6.316117414062354],[106.81634795755991,-6.316031333422742],[106.81618704264783,-6.310742026953908],[106.81022074823792,-6.310809291872447],[106.8096092513965,-6.31099295079168],[106.80915406366198,-6.311690143155702],[106.8079288896878,-6.3110917377739435],[106.80835757595653,-6.312677282295463],[106.80794313755305,-6.313288981996141],[106.80895057105116,-6.314081782379211],[106.8092245944259,-6.315600943823933],[106.80910406855834,-6.3160170643212865],[106.80856303435124,-6.316224586036658],[106.80872477002106,-6.316803290421434],[106.8077730672525,-6.317474431948369],[106.80785594681217,-6.318485143572648],[106.80815064973115,-6.318767309835862],[106.80730132631615,-6.31945423622265],[106.8075480893657,-6.320032461962309],[106.8073493462415,-6.320903961377378],[106.8064945068723,-6.32131301991442],[106.80723006233835,-6.3218970960531395],[106.80719649204585,-6.322516752728418],[106.80596400524492,-6.322834953723245],[106.80621922201107,-6.323804973251729],[106.80501419998572,-6.3236506686981695],[106.80456143066921,-6.324953061825239],[106.80408607417881,-6.3253270693763985],[106.80423769388747,-6.326763530821897],[106.80338505800543,-6.327787214044349],[106.80354816824111,-6.329801114559591],[106.80310108926398,-6.330466441888922],[106.80128581957952,-6.331734419373155],[106.801778337675,-6.332222554007095],[106.80182131265401,-6.3333541462065845],[106.80113499271354,-6.333640877587828],[106.79914099873017,-6.333093791005732],[106.79904318442091,-6.333330371368808],[106.79871060199504,-6.338263138610939],[106.80012681314358,-6.340234670575242],[106.80015664442104,-6.341032060995195],[106.7995936054521,-6.341350003413484],[106.79980546490087,-6.34188801299835],[106.79933341769858,-6.342608615446776],[106.79949208513729,-6.343032358378083],[106.79905058972648,-6.34322857636234],[106.7988592467135,-6.344075524848542],[106.79840430881187,-6.344223262676673],[106.798236558333,-6.344651844450474],[106.79747502173089,-6.344836901789478],[106.79680299629165,-6.3464466102011],[106.79631040580709,-6.3466103532106555],[106.79539544155475,-6.345973577863509],[106.79253405618051,-6.348036269391398],[106.79240543320707,-6.348447095577437],[106.79402412813353,-6.350843912611574],[106.7939664343673,-6.351256220115226],[106.7930625818705,-6.351526788808191],[106.79249777617937,-6.352422878196273],[106.79329008074266,-6.3533501504068965],[106.7931990689785,-6.35382594062187],[106.79402307441435,-6.354412194279836],[106.79309277455033,-6.3550673292977296],[106.79322729288782,-6.356787835224345],[106.79248621896919,-6.358580174390704],[106.7925909819399,-6.359276185592309],[106.79359742344542,-6.359971304269826],[106.79369494123326,-6.362361837781169],[106.79311680638449,-6.362751968744075],[106.79301404674386,-6.363398882673856],[106.79364367818873,-6.363800651107316],[106.79378449571071,-6.364262061988144],[106.79490910757065,-6.364553225302308],[106.8002331567542,-6.364420413040363],[106.80034786267316,-6.364742975878826],[106.80076910459198,-6.364681699256041],[106.80071725069872,-6.364382839361131],[106.80331200541387,-6.3636022655576525],[106.8055484143763,-6.363452353972677],[106.81035844170158,-6.363972349410716],[106.81132362957976,-6.362189687404461],[106.81180292428698,-6.3624900349171565],[106.812610556133,-6.360737499638797],[106.81356126225222,-6.360160343849044],[106.81360562536153,-6.359173362644119],[106.81503824736635,-6.359428497383382],[106.81540064183335,-6.357079781728578],[106.81598139442147,-6.356112030419763],[106.8182995061015,-6.356585334047415],[106.81942335831715,-6.355735107370917],[106.81980792173096,-6.356098548779113],[106.8202328270861,-6.355874734662634],[106.82097640707227,-6.356176381391858],[106.82147943200829,-6.355641150625159],[106.82392453237318,-6.356103490687076],[106.82407000035953,-6.355646000194489],[106.82811194433386,-6.3560263891731745],[106.82920611093472,-6.35566111074491],[106.83623388855625,-6.35507555597938],[106.83551158617455,-6.351897709391767],[106.8391073290362,-6.351920824721635],[106.8391749538186,-6.350763325057986],[106.8380518347639,-6.349278126703975],[106.83809486168612,-6.347926342252905],[106.83767304131368,-6.346973922754897],[106.8392156305964,-6.346223851211895],[106.83975441940737,-6.343919380350518],[106.8391306761959,-6.343338478608959],[106.83803077872248,-6.343339391434303],[106.83648770389239,-6.3447951783262955],[106.83580272013864,-6.3446450981367635],[106.8354957213408,-6.344042137138083],[106.8368190257664,-6.342138581735179],[106.83804136916501,-6.34126705030789],[106.83963284880677,-6.342508372706699],[106.84077214861992,-6.342458687566671],[106.84072182122631,-6.341114001237018],[106.8403411087231,-6.340795387284592],[106.83941469510557,-6.340831569049125],[106.83926053841259,-6.340344690942292],[106.84034210956875,-6.338549642579435],[106.840441523187,-6.336240750837845],[106.83973990810712,-6.335107017341814],[106.84001531805085,-6.332435844887205],[106.84027885357767,-6.332140503453259],[106.84242535943332,-6.332183366047817],[106.84345180492191,-6.331641818010161],[106.84324741602144,-6.331263867594435],[106.84184243725785,-6.330870647112937],[106.84023991735071,-6.329185787374679],[106.84126470235717,-6.326742632839032],[106.84150106664444,-6.326674168196264],[106.8421391046311,-6.32762171896958],[106.84290346566073,-6.327207346433462],[106.84321283258271,-6.326441696304786],[106.84302165440535,-6.325639419585912],[106.84143283080141,-6.323463032038508],[106.84006950264973,-6.322723737987036],[106.84005177859302,-6.32207172742449],[106.84091771927454,-6.3217347047003765],[106.8408774093648,-6.321290786962297],[106.83886399457485,-6.321616203783302],[106.83832037912978,-6.321155835417476],[106.83842623159524,-6.320489362734545],[106.84011410308138,-6.318491279846205],[106.84231275477127,-6.318004912348565],[106.84379986740569,-6.318386350435796],[106.84433666923309,-6.31658048700942],[106.84632933403184,-6.316899557426282],[106.84713653633202,-6.315699942001497],[106.84818233231245,-6.315041297434406],[106.84896998609,-6.315605554553916],[106.84859790080921,-6.316915077798516],[106.848004544266,-6.3175971676924645],[106.84695758475296,-6.317701247562835],[106.84690766306016,-6.318106782203636],[106.84926394761591,-6.318709483575826],[106.84955793036534,-6.317452247631877],[106.851773391855,-6.3160642479422595],[106.85127429762328,-6.314308626296025],[106.85220308365143,-6.31260806877592],[106.85240451009868,-6.311041068047851],[106.8528522353723,-6.310992595569564],[106.85457886406253,-6.312285095867648],[106.85473616297976,-6.313529004917556],[106.85526411654834,-6.3138722939745],[106.85832114376117,-6.311278341664783],[106.85812642529842,-6.310606531981584],[106.85718471854834,-6.310646995809592],[106.85677253188231,-6.310138974237687],[106.85703603911833,-6.3088401448088405],[106.85772763563631,-6.307697536345002],[106.8574028460608,-6.3063982087027455],[106.85851514004848,-6.305785432583708],[106.85848217127996,-6.305331718948828],[106.85524586369789,-6.303676027584414],[106.85462765977873,-6.303082739868647],[106.8544570973598,-6.302470039177708],[106.85504420517282,-6.301333779223813],[106.85479674543588,-6.299575488562921],[106.85258889076954,-6.299887439002494],[106.85158708583121,-6.301105152407565],[106.8498875425496,-6.29977509971126],[106.84963396690206,-6.298893666341877],[106.85053765635568,-6.298740614746217],[106.85179435295865,-6.299321298898626],[106.85212492394287,-6.299030858253861],[106.8521516973862,-6.298053406728997],[106.84785878524211,-6.297474677027363]]]}},{"type":"Feature","id":25,"properties":{"OBJECTID":25,"WADMKC":"Pesanggrahan","WADMKK":"Kota Adm. Jakarta Selatan","KDCPUM":"31.74.10","KDPKAB":"31.74","LUASWH":1349.53,"SRS_ID":"32748"},"geometry":{"type":"Polygon","coordinates":[[[106.76420246141906,-6.222378551687181],[106.75839978105728,-6.222561976807364],[106.75840161389938,-6.222896061203669],[106.75685846475061,-6.222975236144775],[106.75035019433308,-6.222711106219716],[106.74547459877888,-6.223250355563819],[106.74426226542438,-6.223003524373447],[106.73745506033136,-6.223875556111246],[106.73774252586014,-6.2253665114355075],[106.73955945927216,-6.225372488261701],[106.73977733498063,-6.226197149881008],[106.74038516756286,-6.22622715493704],[106.7403290317878,-6.227663669982249],[106.74147991958728,-6.227776502636114],[106.74266170862795,-6.227291128830774],[106.74330809241226,-6.227564120320506],[106.7432552805857,-6.228766475654758],[106.74441299640806,-6.229025779877986],[106.74404455141624,-6.230534087005575],[106.74544957211415,-6.230828645177542],[106.7454044156434,-6.2317540835644865],[106.74446566040837,-6.232413875165756],[106.74478380466796,-6.233734622111758],[106.74401441627381,-6.23636666643031],[106.74683081741544,-6.236388749065942],[106.74742908316323,-6.23870826995735],[106.74863563688436,-6.240844576746635],[106.7472616187537,-6.242717835742075],[106.7466580562798,-6.247311667849187],[106.74722739004068,-6.2487441557155154],[106.74811421901816,-6.249420048579714],[106.74813999371949,-6.249982176185008],[106.75175128343905,-6.250038536430024],[106.75192905534593,-6.250912310588869],[106.75261572174468,-6.251716245905857],[106.75356579558124,-6.251638316424867],[106.75362074502188,-6.252882173033421],[106.75423811174734,-6.254300590865523],[106.75417579011166,-6.2551593270879975],[106.75492580471483,-6.256194259864206],[106.75486878041495,-6.25701683341411],[106.75449803910237,-6.256967233062251],[106.7543956979214,-6.259434720892052],[106.75390659465165,-6.259738394584716],[106.75259145227588,-6.259679986007196],[106.75161101994449,-6.260517604336028],[106.75147733717213,-6.261654434565811],[106.7535146188871,-6.262281613431523],[106.75623624204472,-6.261620666341647],[106.75649228677786,-6.262339468443475],[106.75245290601046,-6.2647343659974775],[106.75277055610086,-6.2657900001055085],[106.75260053855112,-6.267778184886437],[106.75231724827303,-6.26800491596391],[106.7531802225895,-6.268856923301571],[106.75063433889774,-6.271496303632417],[106.75152819301569,-6.27242000999272],[106.75152525316393,-6.274517833769338],[106.75683937878787,-6.2743430453646525],[106.75720409113993,-6.2752658794188045],[106.75717437440939,-6.277599329269478],[106.75956650168473,-6.27815208681333],[106.7620889741349,-6.277841005620177],[106.76148579474008,-6.281752329429994],[106.76015859484822,-6.286254906794069],[106.76155552597247,-6.28683094818609],[106.76296872831684,-6.286880011998021],[106.76309714499588,-6.288803046239015],[106.76651653841472,-6.288857549393283],[106.76710772144219,-6.288211613063742],[106.76659064744781,-6.286448996719555],[106.76804443533051,-6.2862226751482995],[106.76729943659456,-6.285041192659759],[106.76614487674405,-6.284631555016857],[106.76568910431052,-6.284053208729334],[106.7668060594459,-6.283204503084392],[106.76791069294761,-6.281783642162946],[106.7685704113512,-6.281521242570625],[106.76913362415401,-6.281797628149344],[106.76948180741465,-6.281513132564778],[106.76936589282268,-6.281100126719678],[106.76805488934943,-6.280402153879139],[106.76762172026764,-6.279186262567749],[106.77035376911948,-6.277973712734264],[106.76983272759212,-6.276579295106429],[106.76933063956919,-6.276104346291901],[106.7693424590261,-6.275412680031191],[106.76841863757622,-6.27474957194051],[106.7683395317401,-6.274284338153372],[106.76909011445075,-6.273715062305938],[106.77014168802035,-6.274351504239942],[106.77062383682392,-6.274279187887815],[106.77157723401501,-6.272163290919602],[106.77094829529791,-6.271450229730032],[106.77116899763573,-6.270300232419548],[106.76960180275783,-6.269329656045763],[106.76930380109418,-6.267945087924796],[106.76965584593619,-6.267126170136935],[106.76923732903096,-6.26619565042634],[106.76928183132632,-6.265444177565603],[106.76953242783438,-6.264769560876674],[106.77015850536455,-6.264441286723289],[106.77143264658129,-6.265341542000352],[106.77143957272932,-6.26468059756563],[106.77064365575534,-6.263143684841135],[106.77175760366234,-6.262493531178476],[106.7724878406227,-6.262996807318539],[106.77307869957298,-6.262367738187882],[106.77254483658177,-6.2604224366423615],[106.77268868640701,-6.259076687067772],[106.77226535941128,-6.2582395674331135],[106.77158895056404,-6.258000400996969],[106.77051830223799,-6.258788558353908],[106.7694114809714,-6.257975775731007],[106.77010529299834,-6.256365137377067],[106.77165348842189,-6.256103836770534],[106.77199726904855,-6.255745378630167],[106.7719422496488,-6.2550972295853295],[106.76997118759213,-6.2543428800696015],[106.76903000637573,-6.254403304680403],[106.76823874222646,-6.255343651870054],[106.76760026323836,-6.254310463939363],[106.76785277476134,-6.253184853297877],[106.76686724074601,-6.252903338221866],[106.76620134971046,-6.252197312165099],[106.76746244978564,-6.250371647397178],[106.7674073392645,-6.249896958214172],[106.76675381360695,-6.249216209803528],[106.76667222115748,-6.248276459299099],[106.76823402663452,-6.246950796678512],[106.76886175807975,-6.24575387068709],[106.76821739108945,-6.244773743171247],[106.76824373424493,-6.243639573845013],[106.76790734512657,-6.243047622441595],[106.76561172928376,-6.241595387566655],[106.7658404376078,-6.239873975206111],[106.76664979063403,-6.239852237130456],[106.76593964185395,-6.23903506505212],[106.7660340521518,-6.238216766923194],[106.76562394556709,-6.238296510733216],[106.76534971011463,-6.238924981383433],[106.76458273586411,-6.2387548308361085],[106.76449547697045,-6.237497134304071],[106.76487872086915,-6.236921933412341],[106.76691008171963,-6.236616350373142],[106.7672074821053,-6.235499808227883],[106.76693795659054,-6.234535992423816],[106.7661650999118,-6.233723442235241],[106.76556665485792,-6.23465337358579],[106.7647094043992,-6.23501839943923],[106.76420329458516,-6.233478223014304],[106.76427000483429,-6.2328778026334986],[106.76592207763674,-6.230835732629246],[106.76561008370139,-6.229787275243714],[106.76494570896054,-6.229472766608727],[106.76357692079714,-6.230502566577739],[106.76315509788306,-6.230120791878935],[106.763112713551,-6.229909853617972],[106.76402452928332,-6.229629117753024],[106.76411757834886,-6.229208121623616],[106.76473596063332,-6.229142635121264],[106.76493318201096,-6.228760409044717],[106.7645756803161,-6.227342900045025],[106.76495297714472,-6.227001695948426],[106.76586491208654,-6.226951630063877],[106.76625461594378,-6.225853643609953],[106.76688607329464,-6.22532192186159],[106.76557296770787,-6.223210683051403],[106.76556532128495,-6.222758847925076],[106.76592818203537,-6.222504617017642],[106.76420246141906,-6.222378551687181]]]}},{"type":"Feature","id":26,"properties":{"OBJECTID":26,"WADMKC":"Matraman","WADMKK":"Kota Adm. Jakarta Timur","KDCPUM":"31.75.01","KDPKAB":"31.75","LUASWH":485.77,"SRS_ID":"32748"},"geometry":{"type":"Polygon","coordinates":[[[106.87241967276915,-6.191962010160949],[106.86489917556693,-6.192651709648345],[106.86317624296137,-6.193159281860863],[106.86062429391501,-6.194643093407574],[106.85464843342479,-6.198736047603827],[106.85107257393308,-6.201615365753676],[106.85145612789604,-6.202441089566392],[106.85268231787592,-6.201886020439089],[106.85519022564237,-6.202465513298402],[106.85575702629365,-6.204081951365385],[106.85517701985509,-6.205689382085238],[106.85383293318519,-6.206575650286996],[106.85262155817148,-6.205931283585534],[106.85122872922706,-6.20594026693054],[106.85007570757222,-6.205557297299198],[106.84938014485891,-6.206218485254209],[106.84907947632124,-6.207515633706868],[106.85093721394294,-6.2089219345928415],[106.85306676442754,-6.209792705708976],[106.85454889771732,-6.211164793115662],[106.85694358800004,-6.211845562203144],[106.85804611073326,-6.213064245814689],[106.86267430468855,-6.211522687202849],[106.86401602475739,-6.21203764875444],[106.86724475534486,-6.214870216225442],[106.8740828072423,-6.214914111751531],[106.87383782290249,-6.206027375570458],[106.87328667254785,-6.201781101710275],[106.87508201597988,-6.192446563198403],[106.87241967276915,-6.191962010160949]]]}},{"type":"Feature","id":27,"properties":{"OBJECTID":27,"WADMKC":"Pulogadung","WADMKK":"Kota Adm. Jakarta Timur","KDCPUM":"31.75.02","KDPKAB":"31.75","LUASWH":1491.58,"SRS_ID":"32748"},"geometry":{"type":"MultiPolygon","coordinates":[[[[106.89293926601869,-6.174890461279944],[106.89100384858975,-6.173132129949936],[106.88211716258559,-6.167695282741764],[106.88011744157002,-6.166647828691211],[106.87890340401533,-6.166419499835577],[106.87800991716006,-6.168539631025256],[106.87614773310617,-6.1756877000105925],[106.87524946006566,-6.191433971557851],[106.87335021171172,-6.200947662146933],[106.8742270239824,-6.214905479426232],[106.88703628815571,-6.214139527349553],[106.89182576786263,-6.21314452558274],[106.9008142518093,-6.213304141312608],[106.90236558375157,-6.206992595338281],[106.90472096088628,-6.201651753442665],[106.9058701819376,-6.1919676583117065],[106.90646805590187,-6.189236673253892],[106.90580497033162,-6.186694885249179],[106.91015180800339,-6.1823729163721906],[106.90705389362664,-6.1807127454175905],[106.90172649917255,-6.178663383237007],[106.89646649957734,-6.177977985246371],[106.89293926601869,-6.174890461279944]]],[[[106.90680414627093,-6.180609538572622],[106.9065909480536,-6.180529079586722],[106.90684582457968,-6.180625394933754],[106.90680414627093,-6.180609538572622]]]]}},{"type":"Feature","id":28,"properties":{"OBJECTID":28,"WADMKC":"Jatinegara","WADMKK":"Kota Adm. Jakarta Timur","KDCPUM":"31.75.03","KDPKAB":"31.75","LUASWH":1034.67,"SRS_ID":"32748"},"geometry":{"type":"Polygon","coordinates":[[[106.86585298244923,-6.213695935065048],[106.86347582506518,-6.211739000433931],[106.86186433444252,-6.211583240240662],[106.85813045329289,-6.213129090383585],[106.85833225397586,-6.213557242917957],[106.85714804241671,-6.214107137600824],[106.8562779203588,-6.216282543434919],[106.85744749867806,-6.217645402333468],[106.85787214714094,-6.217485357420927],[106.85865768111249,-6.216289953405193],[106.86023413662964,-6.217327923878557],[106.8626501592708,-6.216182588192622],[106.86353456725274,-6.216299756801605],[106.86122914900007,-6.219118719004358],[106.86009086085622,-6.221382182343304],[106.86069083978983,-6.221775515833156],[106.86159401840969,-6.221616042321462],[106.86181234194866,-6.221192151557333],[106.86149849893788,-6.220109503738715],[106.86185780938685,-6.219744657604756],[106.86285830592887,-6.219647268314551],[106.86367363298461,-6.221295475947599],[106.86539910697168,-6.223592442809518],[106.8650917353361,-6.224433360750873],[106.86362524202664,-6.224795385413802],[106.86475283221543,-6.227007413869077],[106.86486336833248,-6.2282394341201135],[106.86330498285412,-6.2308043072588495],[106.86357847121276,-6.231355941691176],[106.86519927378333,-6.232405297086842],[106.86625576310163,-6.233961037966009],[106.86628758891767,-6.23479108016346],[106.86536831497658,-6.234833573204345],[106.86523229955358,-6.235239711929861],[106.86638469559564,-6.23675099844971],[106.86686476743566,-6.239013713124077],[106.86655837193398,-6.239270924666326],[106.86608210359171,-6.238786276094177],[106.86524193937419,-6.236813954682807],[106.86371921967157,-6.237325005113058],[106.86274904226022,-6.240050966870731],[106.8625104856409,-6.242989288444361],[106.86553279302233,-6.243441961199394],[106.87083333156606,-6.2453310314280825],[106.87511761764799,-6.246361719608121],[106.87644746428047,-6.243838662239265],[106.87714546859591,-6.243101909923835],[106.87793604157575,-6.240125762629444],[106.8920405992638,-6.239515684977226],[106.89280564234902,-6.238044680145622],[106.89219574777715,-6.237273877585806],[106.89294192169056,-6.236457054167169],[106.89293120019745,-6.235489312326358],[106.89262099884726,-6.235172398345673],[106.89212795237323,-6.235864595019349],[106.89200432241483,-6.235685198393992],[106.89206039616523,-6.234577816876366],[106.89144742444928,-6.232429999922385],[106.89001096583915,-6.231043729001574],[106.8900128203639,-6.229709615895836],[106.8907518503541,-6.2288216492376565],[106.89163241295267,-6.228522516656513],[106.89132585405119,-6.22802842741749],[106.89143775008912,-6.227296673785907],[106.89279951609913,-6.226501289656124],[106.89342837835862,-6.225126878826502],[106.89361870071129,-6.222708314231659],[106.8945953402407,-6.2217649913629405],[106.89565484042124,-6.22138333094387],[106.89587955094044,-6.22075685277008],[106.89612837204889,-6.219528650411154],[106.89590172556382,-6.218872806577593],[106.89502726909699,-6.2180996714036585],[106.89521649769169,-6.217139003074522],[106.89575890381812,-6.216973776617061],[106.89614780027256,-6.216098113586546],[106.89575600198144,-6.213243362000402],[106.89186149392673,-6.213141843575057],[106.88703628815571,-6.214139527349553],[106.87222816209487,-6.214991130848633],[106.86756993824264,-6.214965902322776],[106.86585298244923,-6.213695935065048]]]}},{"type":"Feature","id":29,"properties":{"OBJECTID":29,"WADMKC":"Kramatjati","WADMKK":"Kota Adm. Jakarta Timur","KDCPUM":"31.75.04","KDPKAB":"31.75","LUASWH":1307.09,"SRS_ID":"32748"},"geometry":{"type":"Polygon","coordinates":[[[106.87245803597952,-6.254077914450123],[106.87511761764799,-6.246361719608121],[106.87083333156606,-6.2453310314280825],[106.86530608398853,-6.243385351062503],[106.86251114711385,-6.243105136282792],[106.86199314897395,-6.246189431233692],[106.8640035759471,-6.249355596588435],[106.86216785131954,-6.250673312736762],[106.86282234507199,-6.2533758421715575],[106.86232568621799,-6.253852221064892],[106.86120028890183,-6.254034390437526],[106.86061999711438,-6.251415312597927],[106.86014880255978,-6.250995596108243],[106.85907675498052,-6.251436575911725],[106.85804017103537,-6.252420082404602],[106.85754017740106,-6.253979293569378],[106.85778739501276,-6.255307798568325],[106.85955626695197,-6.25434565241551],[106.86050315655362,-6.254708728789327],[106.86073156742509,-6.255109822944898],[106.8605254009353,-6.255788492947681],[106.8592840944079,-6.25681790118787],[106.86034245315477,-6.257030207397235],[106.86053363378275,-6.257435976616244],[106.85943323075378,-6.262307832275783],[106.85893157404537,-6.262983623181125],[106.85662558680899,-6.262787089923931],[106.85532483312173,-6.261768263735995],[106.85429286110531,-6.262240384267551],[106.85455728179173,-6.262767611649502],[106.8571695885537,-6.263939732433919],[106.85686989617977,-6.264260757075375],[106.85457489389145,-6.264563422367788],[106.85396961857862,-6.264976188902788],[106.85405589640901,-6.265361945732596],[106.85536027722146,-6.266267685449294],[106.85579167277812,-6.268427711314425],[106.85658019938458,-6.270202818912327],[106.85613149630034,-6.270591532841236],[106.85506964491191,-6.269592109642426],[106.85489368700361,-6.270516185185639],[106.85651488765058,-6.271700044753621],[106.85675516297435,-6.272599654241868],[106.85548020583879,-6.272596946282556],[106.85445136698577,-6.271945907839689],[106.85359542577412,-6.2719580307128835],[106.8533592106318,-6.273296586907923],[106.85195740135998,-6.273191110853722],[106.85132575465914,-6.273599761180632],[106.85198342778757,-6.2753340544474705],[106.85150248744922,-6.276410483369076],[106.85054524695906,-6.276748614415063],[106.84942944641287,-6.276514631166683],[106.8468449734205,-6.27886142256239],[106.84699246498616,-6.279516286700132],[106.84777465274134,-6.280017641042239],[106.85040455572657,-6.279644691423924],[106.84764886177588,-6.282824869640651],[106.84785823371237,-6.283452221231677],[106.8485323269061,-6.2833390975702565],[106.84883497538227,-6.283612590381863],[106.84745571214178,-6.285300230994987],[106.8473976075733,-6.286419418045889],[106.84809457797594,-6.287726482986143],[106.84914234355712,-6.28848351692655],[106.84980533459397,-6.28846128898601],[106.85027920686797,-6.287914728152354],[106.85119957605329,-6.288320638630168],[106.8509129007123,-6.289653387431945],[106.8493919601242,-6.290345832964772],[106.84986374378798,-6.292098000657488],[106.85040583063699,-6.292803933614708],[106.85130300444976,-6.2928589238443795],[106.85189040171866,-6.291084403949293],[106.8538599178645,-6.290243110671491],[106.8545201072468,-6.290451327618092],[106.8543419506613,-6.2915323152948295],[106.85262905357197,-6.293541315071322],[106.85233706029985,-6.294723997405394],[106.8537648483508,-6.2936801580969],[106.85457807201897,-6.294344329981946],[106.8546107485511,-6.293507039048915],[106.85513319025979,-6.2934515676563025],[106.85572241418761,-6.2944067645649575],[106.85571775276362,-6.292850472707368],[106.85783600909134,-6.2925621396347475],[106.85784981597013,-6.292231916617029],[106.85935900031488,-6.292250999701291],[106.86039486926772,-6.294002016423712],[106.86149919597833,-6.293696152985424],[106.8622181333233,-6.293731511438261],[106.86250081208712,-6.294055848064772],[106.86471273043622,-6.293925872808604],[106.86497782214614,-6.294591770194235],[106.86525539399453,-6.294603962914215],[106.8656500662489,-6.296426687259814],[106.86552038111708,-6.297870742697135],[106.86693432205185,-6.298318669655729],[106.86672892191368,-6.299119947388025],[106.86927451966714,-6.30005177711016],[106.87054649839456,-6.298396891665308],[106.87157305637416,-6.2956910766348075],[106.87200537226461,-6.293146064615903],[106.87079038094849,-6.288925460213782],[106.87064647359597,-6.287063179564838],[106.87195272107468,-6.28737590244781],[106.8717371045717,-6.28823838929689],[106.87202049639544,-6.288869219956379],[106.87287166022608,-6.289639209785475],[106.87324854637018,-6.29076560884559],[106.87400887706524,-6.291370095120857],[106.87312738742193,-6.292541455899452],[106.87373164805082,-6.293071177142122],[106.8737719498373,-6.2945673251677805],[106.87524137129111,-6.295038596705524],[106.87520920859058,-6.295699833844343],[106.87418169906992,-6.296328164643361],[106.87432563489854,-6.297218288188172],[106.8738291528845,-6.297209809945422],[106.8741229115758,-6.297971931693119],[106.87310395767165,-6.2982561110769195],[106.87268703706684,-6.299023644592937],[106.87302835323455,-6.299367848756591],[106.87299918256778,-6.300256293413252],[106.87352202542407,-6.300702990132396],[106.87457675566247,-6.299948751807559],[106.87471131062915,-6.301657521442901],[106.87528140507025,-6.301966120009757],[106.87602186581603,-6.301711586195345],[106.87709324890587,-6.302239398940658],[106.87739486287097,-6.303637847912488],[106.87819510624824,-6.304156041140204],[106.87820396278062,-6.3050950716246685],[106.87922691658488,-6.30548139141068],[106.8792751375884,-6.306410550740353],[106.88399669096124,-6.305593131053948],[106.88235661242803,-6.298091016859735],[106.87458729741304,-6.279232080624825],[106.87308189908875,-6.2749172917079585],[106.87262237932863,-6.270298094219612],[106.8732284551888,-6.25962514266787],[106.8724121653111,-6.255698095593959],[106.87245803597952,-6.254077914450123]]]}},{"type":"Feature","id":30,"properties":{"OBJECTID":30,"WADMKC":"Pasar Rebo","WADMKK":"Kota Adm. Jakarta Timur","KDCPUM":"31.75.05","KDPKAB":"31.75","LUASWH":1248.1100000000001,"SRS_ID":"32748"},"geometry":{"type":"Polygon","coordinates":[[[106.85816368331406,-6.292235014295189],[106.85574354726738,-6.292818581878243],[106.8558452623215,-6.2943695224292675],[106.8552513089469,-6.293567424310332],[106.85452993802569,-6.293509184100578],[106.85427834306253,-6.296134391596159],[106.85176666404482,-6.295608498052554],[106.85043173971495,-6.295990457726156],[106.85039177098811,-6.296665586384821],[106.85213747976802,-6.297806712556445],[106.85212492394287,-6.299030858253861],[106.85160057221951,-6.29937172080657],[106.85011988378959,-6.298700446268273],[106.84961815686566,-6.299119744041455],[106.8498875425496,-6.29977509971126],[106.85158708583121,-6.301105152407565],[106.85198433744266,-6.300973283760368],[106.8524739306444,-6.299948123819145],[106.8547146778215,-6.29949566395181],[106.85504373620049,-6.301307585680113],[106.8544570973598,-6.302470039177708],[106.85465793521409,-6.303126973808478],[106.85848217127996,-6.305331718948828],[106.85853598729481,-6.305726137946284],[106.8574028460608,-6.3063982087027455],[106.85770911179276,-6.307860163965837],[106.85700533004554,-6.308924784630298],[106.85677175626854,-6.310223648406225],[106.85706290589624,-6.310608015378774],[106.85817915270576,-6.310649985568222],[106.85828039921104,-6.311356719011521],[106.85602686092507,-6.313426348829882],[106.85508491421972,-6.313869266318847],[106.85473613794623,-6.313532381124947],[106.85463642314184,-6.312350337262971],[106.85253006557042,-6.310937840442511],[106.85217539415233,-6.3126844483190565],[106.85126348636611,-6.3143691953911985],[106.85175179669251,-6.316114992867286],[106.84951950027293,-6.317490192548693],[106.84933760757627,-6.318649989353356],[106.84717128885943,-6.3182839592249636],[106.84686419533318,-6.31797341655745],[106.84709062095251,-6.317604700113679],[106.84814308367112,-6.317530206273265],[106.84857403913418,-6.3169689455700775],[106.84892889421744,-6.315470974571707],[106.84805498216564,-6.315069658361129],[106.8470873844221,-6.315745870568446],[106.84627481122153,-6.316931399226773],[106.84474408531489,-6.316470161801008],[106.84427141967195,-6.316637065617015],[106.84404260922085,-6.318096373555588],[106.8436855427651,-6.318445453824447],[106.84242908843105,-6.318000723637339],[106.84016561529089,-6.318462687901952],[106.8385970994301,-6.320200938853451],[106.83829427207154,-6.32103870468223],[106.8391632121546,-6.321675704421716],[106.84048265136255,-6.321230919366446],[106.84093075244998,-6.321356941921066],[106.84087446269085,-6.321777556949949],[106.8400249359625,-6.322142593081558],[106.83999344632316,-6.322606966931594],[106.84149529279179,-6.32352777117354],[106.84318827858147,-6.326130628064677],[106.84314031124931,-6.3267724715859215],[106.84251119274332,-6.327597324975875],[106.84202115054839,-6.327576742041233],[106.84133065058803,-6.3266851864118605],[106.84021250403605,-6.329333887817365],[106.84179279722542,-6.330823682034727],[106.84336595868504,-6.331338458577259],[106.84338994025714,-6.331767513562343],[106.8420561440244,-6.33225196784584],[106.84004083894921,-6.332312994434741],[106.83973914764437,-6.334892345580953],[106.83994290018923,-6.335782144570237],[106.84148000043548,-6.335951944067924],[106.84177046743788,-6.336713194392335],[106.84359517001484,-6.336767117880806],[106.84375295408842,-6.337033390207836],[106.84901241741069,-6.336942895385954],[106.8489767685708,-6.337696586685611],[106.84798027761308,-6.338017500047967],[106.84944417478363,-6.338523238858223],[106.84934676957312,-6.339370444000146],[106.8506652643895,-6.340998452625577],[106.85165667467702,-6.341421929682229],[106.85200678326215,-6.3427890959681985],[106.85391521541615,-6.342889923098064],[106.85398196555026,-6.343415913556055],[106.85469965475109,-6.343932137407551],[106.85475603606787,-6.344651930430948],[106.85398345717127,-6.345258005375742],[106.8542005808117,-6.3465134595982615],[106.85599562141543,-6.347516017845736],[106.85650837256087,-6.347478295639814],[106.85674006210188,-6.347075567605537],[106.85780531501094,-6.348083666333072],[106.85753777793363,-6.350180278424772],[106.85715789686081,-6.350576314587719],[106.85827517234199,-6.350809784547906],[106.8582974439357,-6.350295920552334],[106.85913314557641,-6.350300096568714],[106.85927696404849,-6.351397618890738],[106.8601319439349,-6.351888888759449],[106.86061616769697,-6.352781500407934],[106.86126585431197,-6.352808684121515],[106.8619541010919,-6.353810133625491],[106.86212777815797,-6.3540788893893145],[106.8606917373109,-6.354922236288691],[106.86056104714547,-6.355408377852052],[106.86223068713286,-6.357182581777884],[106.86276388880229,-6.356273610865157],[106.86604083287494,-6.356053888618617],[106.86784772775916,-6.354461900955861],[106.86780482008076,-6.353780532588657],[106.86836565933525,-6.353013766386661],[106.8690329739646,-6.353635207866015],[106.86976656125886,-6.351624390070797],[106.8684904694128,-6.351062660172014],[106.86883268017965,-6.350048359595196],[106.86936518483296,-6.3498251773238605],[106.86870763889512,-6.348592253409594],[106.86977213317218,-6.3481502611247205],[106.86960749340699,-6.347149856942637],[106.8704184505582,-6.346966522116822],[106.87014757138408,-6.346455202547526],[106.87135340255175,-6.34568693242778],[106.87170250555891,-6.3459062980751515],[106.87328448278673,-6.343844389760185],[106.87307634602902,-6.343503292919142],[106.87251941095262,-6.343692164966269],[106.87216985955686,-6.3434415258200865],[106.87250454929742,-6.342021905598265],[106.87213460243765,-6.341823744996046],[106.87191369303132,-6.341029350724805],[106.87140879422974,-6.340797760322157],[106.8717232116166,-6.340425746868439],[106.87235811314986,-6.340435520716562],[106.87206490229683,-6.339736664653146],[106.87272295355973,-6.339681046424896],[106.87267246738104,-6.339480070760896],[106.87124370633832,-6.338424902295875],[106.8681771039096,-6.337694645849612],[106.86763448345083,-6.335689515866798],[106.86728040103601,-6.332054022182291],[106.86638923120358,-6.330220156578641],[106.86388696862338,-6.327557945042104],[106.86357787565501,-6.3265547710589525],[106.86492583570654,-6.3205509178973935],[106.8625758650853,-6.313671334825149],[106.86219566459256,-6.310717771099388],[106.8659979251557,-6.30412191228408],[106.8691597518433,-6.300184797196755],[106.8667303629739,-6.299135308266566],[106.86677203374641,-6.298259966068716],[106.86553183288036,-6.297941381949854],[106.86565853197362,-6.296522270057571],[106.86486780287547,-6.293944345032349],[106.86262455430241,-6.294058060331713],[106.86151987632361,-6.293694666067783],[106.86041423673265,-6.293990387810935],[106.85945073142025,-6.292375113671541],[106.85816368331406,-6.292235014295189]]]}},{"type":"Feature","id":31,"properties":{"OBJECTID":31,"WADMKC":"Cakung","WADMKK":"Kota Adm. Jakarta Timur","KDCPUM":"31.75.06","KDPKAB":"31.75","LUASWH":4111.8,"SRS_ID":"32748"},"geometry":{"type":"Polygon","coordinates":[[[106.94093540765148,-6.155090810589965],[106.94060931528816,-6.151232963351919],[106.93935355504912,-6.152342800455624],[106.93617998978898,-6.158351326037037],[106.93385443338681,-6.158216147925918],[106.93358057640626,-6.158892088075392],[106.93020978704608,-6.159482886120256],[106.92894055664347,-6.159983738344509],[106.92906469481814,-6.160251659099695],[106.92242942933153,-6.161208433344568],[106.92251814025967,-6.1621007967542],[106.92153881441259,-6.167387051580676],[106.92071679477888,-6.169754250438294],[106.92163249162554,-6.175811723593956],[106.92233189238449,-6.177965151715015],[106.9223958194571,-6.179782969481924],[106.9220909724547,-6.180367310504449],[106.92291276968436,-6.182943547678019],[106.9141058259012,-6.182292931253865],[106.91260375406715,-6.182590227230023],[106.91069175616319,-6.18217980927924],[106.90648188452974,-6.18615777082617],[106.90625174220712,-6.186618041468142],[106.9069092504886,-6.189241311637543],[106.90634778719547,-6.191677738274348],[106.90519848661295,-6.201369396877749],[106.90275332894154,-6.207051592434528],[106.90130042526049,-6.2131696989668255],[106.9074862084201,-6.213458125265705],[106.95424191307501,-6.21907030006093],[106.9541264205318,-6.217922968125152],[106.9546820241503,-6.217349517272795],[106.95543631369537,-6.217276942272007],[106.95748740841552,-6.2180145740857995],[106.95806323574381,-6.217632669214198],[106.95869022277667,-6.21644293897485],[106.95946445974658,-6.212310212071587],[106.96074865388645,-6.2121524527780005],[106.96077278048274,-6.2116427740116285],[106.96164670298029,-6.211574618905511],[106.96327271695054,-6.212035390575067],[106.9634309505185,-6.210980098490778],[106.96549869878437,-6.207868952582218],[106.96666732934071,-6.20683582171848],[106.96678059098241,-6.206143875567333],[106.96631516803014,-6.20570795792648],[106.96676631309236,-6.205155923150742],[106.9661752550707,-6.204838028452582],[106.96696428376077,-6.2029934691182165],[106.96669207254516,-6.202748860940437],[106.96689957499389,-6.202173463547424],[106.96656883027315,-6.20106439706708],[106.96801577054984,-6.198510262963049],[106.96915747048872,-6.198469751820657],[106.97021148141975,-6.197803974294633],[106.9709247438102,-6.197764881226466],[106.97050500544032,-6.1952821543023395],[106.97085549967395,-6.195127643113025],[106.97108899857355,-6.191986315813548],[106.97171055923732,-6.192483383616046],[106.97185826044199,-6.192325883090272],[106.97244290559793,-6.191418043487427],[106.97265271308554,-6.189794417473565],[106.97244094028925,-6.189469855564787],[106.9734560195393,-6.189306436811813],[106.97366261285511,-6.185448021243036],[106.9729239586919,-6.18522472466468],[106.973650955137,-6.182697725444455],[106.9735843552031,-6.179727928391575],[106.97384295235678,-6.179095725077556],[106.9733604174972,-6.1789023250621],[106.97360995280685,-6.176645726587559],[106.97326594777536,-6.173590727176465],[106.9730259482697,-6.173541728023215],[106.97347694782852,-6.17308172824597],[106.97299094801913,-6.172794728545888],[106.9724699477569,-6.170601729276148],[106.97307694498262,-6.1692527287851675],[106.97203294556942,-6.168805729833268],[106.97251094409388,-6.167845730000871],[106.97206594415617,-6.167636730787865],[106.97224194392723,-6.166963731081375],[106.97198950838373,-6.166833059477798],[106.9725959427985,-6.165266731403796],[106.97220494221399,-6.165208731517666],[106.97249093936713,-6.162046732343862],[106.97228394055136,-6.162019732391943],[106.97224093845206,-6.160316732267717],[106.97193694018677,-6.160332732573857],[106.97196938240576,-6.15414992709964],[106.97111449199586,-6.154127566430266],[106.97130643041916,-6.157188682870272],[106.96964021223798,-6.157084770575527],[106.96959176041068,-6.155585950527315],[106.96838625728932,-6.15569797652404],[106.96796338823461,-6.15507225651231],[106.96381830356307,-6.15618562013661],[106.9614286174218,-6.15573903133971],[106.9614354695226,-6.158046244631049],[106.96037833672047,-6.158361029098176],[106.96037334856833,-6.158630160928201],[106.95909883080266,-6.1587481299266855],[106.95906030069729,-6.159241326055856],[106.95732369114756,-6.1581928000188295],[106.95472291444857,-6.157520773941419],[106.95356492721157,-6.158306667168094],[106.9530982865449,-6.159868927478012],[106.95368091099755,-6.160169892530155],[106.95360367739275,-6.16053307693044],[106.95315175259537,-6.161742176506749],[106.95249447890173,-6.161483866682689],[106.95214810462596,-6.163155497812408],[106.94491113583305,-6.162801364110294],[106.94515619685062,-6.157841867200045],[106.94478308068697,-6.154882568488391],[106.94093540765148,-6.155090810589965]]]}},{"type":"Feature","id":32,"properties":{"OBJECTID":32,"WADMKC":"Duren Sawit","WADMKK":"Kota Adm. Jakarta Timur","KDCPUM":"31.75.07","KDPKAB":"31.75","LUASWH":2202.61,"SRS_ID":"32748"},"geometry":{"type":"Polygon","coordinates":[[[106.89904277832348,-6.213277708561729],[106.8957565193517,-6.21319910619881],[106.89611913111193,-6.216264236040828],[106.89588674155507,-6.216892939259383],[106.8952883884056,-6.2170155781122665],[106.89502891696662,-6.218189720390111],[106.89593493704491,-6.218948148555575],[106.89614861875492,-6.219599195420521],[106.89593697126121,-6.220594754445257],[106.89560020534029,-6.221407019267991],[106.89473932429355,-6.221680109622135],[106.89370278266513,-6.222575241684615],[106.89327668680436,-6.224827681880959],[106.89344181498865,-6.2252030504458435],[106.89287301594693,-6.22633766070822],[106.89140116264291,-6.22736312541858],[106.89130808259104,-6.227872507086343],[106.89168306289365,-6.228459500931308],[106.89080577934683,-6.228774572646285],[106.88999874754734,-6.229800766629564],[106.89002042257022,-6.231112092436286],[106.8914900367999,-6.232572418127364],[106.89207436671101,-6.234649811260836],[106.89184461791102,-6.235064382045287],[106.89200880792129,-6.235714572243789],[106.89262099884726,-6.235172398345673],[106.89293571984435,-6.235475299115609],[106.89294192169056,-6.236457054167169],[106.89220339060248,-6.237224525720337],[106.89280603625592,-6.238020502959342],[106.89216841138382,-6.239348180605876],[106.89436685978326,-6.240177338845661],[106.89896909743383,-6.243908730982861],[106.90637241704577,-6.246606720306384],[106.91355920799948,-6.248339228223485],[106.92085966319681,-6.24785288804958],[106.92106399224663,-6.248236409795875],[106.92084007735419,-6.249407451844125],[106.92118124523427,-6.250218555263541],[106.92099528771642,-6.250694162085849],[106.9217422122355,-6.251493350796653],[106.92151053037904,-6.251719848107455],[106.92184078960923,-6.252680523137292],[106.92161930755348,-6.253119131409469],[106.92223511140602,-6.254980838567963],[106.92525944422226,-6.254318749691703],[106.92558509822744,-6.254757354362238],[106.92566718999663,-6.254394486295668],[106.92681095641181,-6.254515283839493],[106.92721083283018,-6.25409486025673],[106.93095761718766,-6.254275415548721],[106.93115392295032,-6.253604407620646],[106.93470947957834,-6.253664957166135],[106.9347840491197,-6.253341855058746],[106.93576498101146,-6.253504847356709],[106.93608422836711,-6.253162759717937],[106.94074142499362,-6.253574398112805],[106.94121540214789,-6.253184329644365],[106.94159346287113,-6.253285852571937],[106.94191304716855,-6.2526784783134834],[106.94343049841999,-6.252765812327987],[106.94400252170348,-6.2523963287554745],[106.94374478562811,-6.249396336108933],[106.9443919997774,-6.246857928376937],[106.94406000022899,-6.24659152844334],[106.94400695822961,-6.245338114300019],[106.94498913523982,-6.2454984520977455],[106.94491450009693,-6.243798961952511],[106.9437076368647,-6.243834177940249],[106.94362704463774,-6.239248834587029],[106.94322916672917,-6.238726944604018],[106.94284539262688,-6.238707502584488],[106.94268358830509,-6.237728596964796],[106.94451653502125,-6.236680016351685],[106.9454680915677,-6.236863423003684],[106.94699574474738,-6.230289566590017],[106.9468777234219,-6.2282632194271],[106.9474990410546,-6.22555588255005],[106.94881552542546,-6.222009859157527],[106.95073908079891,-6.2194809680217675],[106.95153630558991,-6.219236250309191],[106.9473696852739,-6.218500205378526],[106.90716144090776,-6.213608672021079],[106.89904277832348,-6.213277708561729]]]}},{"type":"Feature","id":34,"properties":{"OBJECTID":34,"WADMKC":"Ciracas","WADMKK":"Kota Adm. Jakarta Timur","KDCPUM":"31.75.09","KDPKAB":"31.75","LUASWH":1685.74,"SRS_ID":"32748"},"geometry":{"type":"Polygon","coordinates":[[[106.87088136304916,-6.287014079949096],[106.87064756956886,-6.287003493689931],[106.87072867412743,-6.288603876552891],[106.87202201959488,-6.2932818549571],[106.8710347065615,-6.297367255828352],[106.86999700202126,-6.2992475205860625],[106.86593329840524,-6.304227893060243],[106.86217742622064,-6.310889538447658],[106.86274188579277,-6.314265330906486],[106.86409668513605,-6.31751448516626],[106.86492583570654,-6.3205509178973935],[106.86360831167798,-6.325911780632173],[106.86375371538148,-6.3272443591363885],[106.86643483492841,-6.330270605121821],[106.8672223143132,-6.331921549986407],[106.8681088055576,-6.337526635285532],[106.87124370633832,-6.338424902295875],[106.87275208791628,-6.33952834484086],[106.87216934766312,-6.339680581220589],[106.87243448161026,-6.340341595215172],[106.87163991662585,-6.3404511530603385],[106.87136953400086,-6.341040776660096],[106.87203553401638,-6.341070985131867],[106.87207556061045,-6.341762979030722],[106.87254854074561,-6.342144931121083],[106.87225216669528,-6.343562177849014],[106.87299215497251,-6.343453579025174],[106.87329833580826,-6.343804667569983],[106.87171714611767,-6.345913708894678],[106.87139131913212,-6.345657852798429],[106.87119412011403,-6.346015921975296],[106.8702075636897,-6.346336907005328],[106.87033550459823,-6.347087205264326],[106.86969056174517,-6.347049263572245],[106.8698412373588,-6.34804488003293],[106.86870673832702,-6.348553528393667],[106.8693687343518,-6.349749210696581],[106.86877473412477,-6.350171382811738],[106.86855486500141,-6.351198077864837],[106.86976566695948,-6.351727387417652],[106.8694585981271,-6.3519853271464575],[106.8692795244329,-6.353259086831344],[106.86880277899937,-6.35361303618334],[106.86929881443412,-6.354375322632335],[106.87040563496659,-6.352773679670372],[106.87111364598238,-6.3527475213905245],[106.87162106191319,-6.353178076796819],[106.87101423396759,-6.353395963161013],[106.87105093871516,-6.353627876884869],[106.8720916806981,-6.353798743760257],[106.87245215091109,-6.35507155490648],[106.87295893823617,-6.354924732927837],[106.87335385212096,-6.355691206780109],[106.87427056609359,-6.35594624543962],[106.87298759794814,-6.357558467039822],[106.87199198742965,-6.357973398796058],[106.8722700459065,-6.3588193756174345],[106.87135817991545,-6.359906355620058],[106.87270926602442,-6.361255459989267],[106.87364536940662,-6.360919547178943],[106.8739480167002,-6.36129642107649],[106.87654941492428,-6.361916133422767],[106.87732208804597,-6.361351154641818],[106.87895665156617,-6.361086853567385],[106.8786970326021,-6.361365295130545],[106.87904253133154,-6.361689379858422],[106.87833011694957,-6.361987991107556],[106.87796258958757,-6.363238677845946],[106.87825557921073,-6.363919970694914],[106.87884328903284,-6.363894604774024],[106.8796072727123,-6.364721325392365],[106.88024164692777,-6.364289428647585],[106.88066023372701,-6.364551926443271],[106.88088406232109,-6.365228758726783],[106.88064919404724,-6.366195918691998],[106.8811241612471,-6.366614021717286],[106.8822596282119,-6.366197226295189],[106.88207651971705,-6.365160870905852],[106.88243057855533,-6.364879691954112],[106.8836455558515,-6.364977222382721],[106.88325149826576,-6.365934362597525],[106.88376764562003,-6.366636676993554],[106.88388644888336,-6.367741442826528],[106.88313934366985,-6.368268612589412],[106.88266749969397,-6.369855818561922],[106.88363051044651,-6.370340314344218],[106.8831123661675,-6.37159537321915],[106.88372304465416,-6.372014770116484],[106.88478499997579,-6.372007222019002],[106.88468221373257,-6.372489009968245],[106.88739602843543,-6.37261188837959],[106.88901710188401,-6.3679495219954685],[106.88961496099104,-6.3686243266787725],[106.89327980722277,-6.370046021337292],[106.89564958197373,-6.37143177289689],[106.89286764901102,-6.356170837136287],[106.89019884068833,-6.34648312860943],[106.88745391257721,-6.332104636583833],[106.88690700307887,-6.318167536188505],[106.88431796073135,-6.305910716453062],[106.88416873368813,-6.305643707924904],[106.88317337608392,-6.305619092559049],[106.87941416198038,-6.306380378987479],[106.87912773739455,-6.305315687616721],[106.87823114758656,-6.305097582121314],[106.87813238160352,-6.304013113041321],[106.87744114595344,-6.30370597219924],[106.8771843835702,-6.302309876272187],[106.87602186581603,-6.301711586195345],[106.87531734209054,-6.301972859572484],[106.87471131062915,-6.301657521442901],[106.87457675566247,-6.299948751807559],[106.87360982603808,-6.3007039731005285],[106.87318106726066,-6.300531522661118],[106.87302835323455,-6.299367848756591],[106.87269659139092,-6.299116735662361],[106.87323969374472,-6.298189973673363],[106.87404844938916,-6.298064544145769],[106.87382495059667,-6.297296101433426],[106.87432186676807,-6.2970286018314745],[106.87413522632299,-6.296395761869697],[106.875139388115,-6.295863294801748],[106.87518355626486,-6.294964049575069],[106.8738266786312,-6.294695259915281],[106.87355318087837,-6.293654562848867],[106.87370931890014,-6.292910562314204],[106.87313864002016,-6.2927351498903965],[106.87315296577698,-6.292461453813219],[106.87408257440799,-6.291533474056865],[106.87333265666769,-6.290936842946025],[106.87284000696071,-6.289588998395759],[106.87199481355816,-6.288816026907141],[106.87172745318905,-6.288170191421065],[106.87206825731178,-6.287523611587778],[106.87088136304916,-6.287014079949096]]]}},{"type":"Feature","id":35,"properties":{"OBJECTID":35,"WADMKC":"Cipayung","WADMKK":"Kota Adm. Jakarta Timur","KDCPUM":"31.75.10","KDPKAB":"31.75","LUASWH":2772.84,"SRS_ID":"32748"},"geometry":{"type":"Polygon","coordinates":[[[106.91017248084154,-6.287314803597838],[106.91038141591824,-6.286833517435069],[106.90949911129509,-6.28651799973949],[106.91009017016054,-6.28595692341513],[106.9090551049504,-6.2856128523152615],[106.90876100291477,-6.284472139266662],[106.90038348314282,-6.285272916876183],[106.89963145756525,-6.285639884655544],[106.89738636262847,-6.28862226662386],[106.89626157564282,-6.289457589087525],[106.88797434066505,-6.290595530868411],[106.88853116162888,-6.2910747943826575],[106.88855288403093,-6.2918879468053595],[106.88938672936118,-6.293259999028639],[106.88958598459057,-6.294580826174806],[106.89061151639022,-6.296376712072361],[106.89279998010262,-6.297367490914858],[106.89277240000804,-6.298923908366289],[106.89218493569146,-6.2989740697997565],[106.8925743940637,-6.302514020327984],[106.88942817022242,-6.3025880708301285],[106.8890808911857,-6.302088204717081],[106.88334809143124,-6.302116449921194],[106.88683052355327,-6.31755870656431],[106.88716392966397,-6.329208251108701],[106.88760759031427,-6.332940881578145],[106.89017307313881,-6.3463610620027096],[106.89285242584292,-6.356101357625606],[106.89564958197373,-6.37143177289689],[106.8962122262042,-6.371704282190106],[106.89613502568169,-6.3693173814197905],[106.89681027782258,-6.369847500125321],[106.89755431056604,-6.368840157702822],[106.901275640191,-6.370207186586505],[106.90163192815501,-6.369274201658952],[106.90113056466424,-6.3691236260539235],[106.9005891189121,-6.369617454037852],[106.90006099099975,-6.369270818391667],[106.90017805698622,-6.368939999763677],[106.90216784464604,-6.366978637417567],[106.90515073697712,-6.362992563740042],[106.9057027720518,-6.360664499575744],[106.90629256275018,-6.3596794210083125],[106.9067230839435,-6.359971600315567],[106.9071859746596,-6.35970247477454],[106.90689790888305,-6.36062003683854],[106.90766238929325,-6.361150178445662],[106.90859472236654,-6.361178610423792],[106.9092011110133,-6.361755000408632],[106.90870244244934,-6.361915939419212],[106.90877513344098,-6.362337736281673],[106.91007230960446,-6.3630879676465355],[106.91032463706028,-6.3636645242566745],[106.91311233088886,-6.3646905345738105],[106.91406879003327,-6.365471127258812],[106.91441483902491,-6.365380494335952],[106.91503112663604,-6.363971853890041],[106.91492908874457,-6.3631975917256876],[106.91604077262923,-6.363153809876478],[106.91621018958647,-6.362731218160574],[106.91481297057746,-6.361853672436513],[106.914776802925,-6.361183616570813],[106.91540688376911,-6.36089046629081],[106.91547925385755,-6.360482778284953],[106.91438057530408,-6.360260718288153],[106.91420830173274,-6.359896184321093],[106.91447251041913,-6.359226866302625],[106.91364770157621,-6.358715020118405],[106.91467467691393,-6.358376184853651],[106.91475067618279,-6.357573581056325],[106.91601161806858,-6.356383290900054],[106.9171299945859,-6.356521442776104],[106.91676593704,-6.355674830918216],[106.91542106640742,-6.354969558787959],[106.9159880912689,-6.354599076142643],[106.91614882796293,-6.353784182919451],[106.91678600676602,-6.353661279172556],[106.9172688046505,-6.353039119828765],[106.91667219387801,-6.352540922776707],[106.91681771191126,-6.351846253162842],[106.91652571892892,-6.351343559095284],[106.91782464236645,-6.350382613724949],[106.91693924540812,-6.349199308255807],[106.91611690299538,-6.348889501691912],[106.91623254483892,-6.348461770438084],[106.917240635732,-6.347935750765997],[106.91668098635364,-6.346869276620831],[106.91629694142168,-6.346882125154262],[106.9159043301033,-6.346329614970903],[106.91726633371188,-6.346128311986054],[106.91697508655082,-6.345799946608334],[106.91733567524186,-6.343792580813304],[106.91809295831399,-6.343905420429222],[106.919483514586,-6.343538506700534],[106.91926798541164,-6.342908768622071],[106.91854938829081,-6.342409082209735],[106.91891296985126,-6.341539151142645],[106.91953543787668,-6.341618149225436],[106.91969724062426,-6.341282168619506],[106.91895059008631,-6.339949831585533],[106.91835046572663,-6.339862106981349],[106.91825069661462,-6.33923274386454],[106.9195534520513,-6.338706644234555],[106.91909357358975,-6.337294029865536],[106.9196827276285,-6.336673466098284],[106.91949427442592,-6.335202959729896],[106.91979116799735,-6.333571156772645],[106.92060875033613,-6.3330086527383305],[106.92095424880695,-6.330854764603748],[106.9205211861637,-6.330426462417468],[106.9200669526835,-6.327737610890353],[106.9192417560018,-6.327267905117672],[106.91831938359394,-6.32725168935582],[106.91922883362903,-6.326349216055246],[106.9190044551903,-6.325316092925999],[106.9205626928687,-6.325039220877219],[106.92141358775356,-6.324303967203016],[106.92161917411843,-6.323635814421249],[106.92137075830148,-6.322119621379336],[106.9205555546026,-6.321265870604075],[106.9211865876085,-6.319251418891443],[106.92071973655246,-6.318511882552124],[106.92084537330344,-6.3180350394197635],[106.9214649850855,-6.318072158926638],[106.92200179126208,-6.3176138746703465],[106.92222451043415,-6.316278996315585],[106.92192041332098,-6.315680799235144],[106.92281128521145,-6.31414319289741],[106.92236229664849,-6.314015826054648],[106.92174051468756,-6.3124551923086845],[106.92062408433796,-6.312035942427041],[106.92121286272722,-6.3094091346273915],[106.92064692602322,-6.3083211277458044],[106.92115660655833,-6.3078542773771655],[106.92093817197171,-6.307356018162974],[106.92156206557522,-6.307218960955221],[106.92146926759784,-6.305598548701382],[106.92176765168864,-6.304928967006964],[106.92140787789668,-6.304606312958978],[106.92176336919049,-6.3033628066952865],[106.9213450600962,-6.3032286044476775],[106.92061123417498,-6.301621040556257],[106.92107522923416,-6.301239375888221],[106.92066976881985,-6.300156245785075],[106.92027192255252,-6.300076291584514],[106.91925541718261,-6.300687339589948],[106.91898701393957,-6.300394189577091],[106.91919077492157,-6.299028967556792],[106.91789730032453,-6.299634302203624],[106.9176474565615,-6.298016745160217],[106.91700214842629,-6.298202342620019],[106.91509905386711,-6.297071622816194],[106.91467360595837,-6.297180126620594],[106.9144623099897,-6.2980467262643955],[106.91358571716417,-6.298229468718508],[106.91368708138747,-6.298841941806218],[106.91340440227273,-6.298957582951027],[106.91195388286565,-6.2982537386140915],[106.91184537930239,-6.296390621319517],[106.91112659680904,-6.295954244608194],[106.91244500382199,-6.294578899206853],[106.91139137796648,-6.29460031500789],[106.91033632509895,-6.294200565705337],[106.91025066463197,-6.293573815558075],[106.91037454901071,-6.293009245102663],[106.91095736439549,-6.29310839306969],[106.91172595055778,-6.291949472026181],[106.91122576689142,-6.291499401444983],[106.9111843644508,-6.292310321419495],[106.91074749599831,-6.292204673174187],[106.91048194821241,-6.291348067293061],[106.91177113995514,-6.290380101964349],[106.91146667004904,-6.290206088344511],[106.9108696489382,-6.290821137366768],[106.9105747470957,-6.290520014810417],[106.91076034533742,-6.289841868298914],[106.91050621829426,-6.289826164391166],[106.90971814060318,-6.2907684307069065],[106.90941547384303,-6.29062423456311],[106.91008068167166,-6.289621409932917],[106.90970041384523,-6.288552439115753],[106.91017248084154,-6.287314803597838]]]}},{"type":"Feature","id":38,"properties":{"OBJECTID":38,"WADMKC":"Gambir","WADMKK":"Kota Adm. Jakarta Pusat","KDCPUM":"31.71.01","KDPKAB":"31.71","LUASWH":751.92,"SRS_ID":"32748"},"geometry":{"type":"Polygon","coordinates":[[[106.80161764113687,-6.159839263256634],[106.80156746069885,-6.1590373773223765],[106.8012783122959,-6.15903429042943],[106.80042330384367,-6.160374964123862],[106.79825650703832,-6.1615415206897515],[106.80028698508588,-6.1658840618471835],[106.80970906877701,-6.179623110782516],[106.81033640941666,-6.185152626564236],[106.8135709509738,-6.182378597742143],[106.8149886516616,-6.181534824439416],[106.8162220066745,-6.181636682254538],[106.82170119428861,-6.183317590815497],[106.83413391212247,-6.182585795550712],[106.83657355841167,-6.181654714620808],[106.83522496800285,-6.180985285675634],[106.83508868565703,-6.1805115173274565],[106.83649806190533,-6.17915838010158],[106.83691583709593,-6.177894988257302],[106.83547955458415,-6.178390314930631],[106.83477664828123,-6.178210866937541],[106.83462064260107,-6.177765812065599],[106.83507069839729,-6.1765383124319495],[106.8344161890628,-6.174811931181043],[106.8340001876318,-6.174797579398584],[106.83300860740081,-6.175798967089815],[106.83223039359525,-6.175526197626232],[106.83313409193667,-6.172468219778578],[106.83194884831728,-6.172202633188845],[106.82989800984656,-6.171089972909808],[106.83045876380336,-6.1687678102702534],[106.83042235970363,-6.16620865694741],[106.82982705028816,-6.1644320228718925],[106.82829988408135,-6.16228263269894],[106.8205329436273,-6.15952540230257],[106.80450893456441,-6.1617965838584094],[106.80289420443039,-6.161272629169905],[106.80161764113687,-6.159839263256634]]]}},{"type":"Feature","id":39,"properties":{"OBJECTID":39,"WADMKC":"Sawah Besar","WADMKK":"Kota Adm. Jakarta Pusat","KDCPUM":"31.71.02","KDPKAB":"31.71","LUASWH":617.4,"SRS_ID":"32748"},"geometry":{"type":"Polygon","coordinates":[[[106.83302987102786,-6.14156273623422],[106.83164113401732,-6.140861703551828],[106.83085274475717,-6.139754528036562],[106.83070121589735,-6.135179227955995],[106.82132250687219,-6.136863626615943],[106.8229473936446,-6.141092812585953],[106.82591929605256,-6.146034780695108],[106.82661221774737,-6.147808301569871],[106.82730999580023,-6.152081401350645],[106.827622055846,-6.160541132298059],[106.82813693076474,-6.16195492487434],[106.82995615180684,-6.164694031130065],[106.8304353554265,-6.166304031438665],[106.83046593690277,-6.168670904439246],[106.82988498525654,-6.171021808699055],[106.83179822858237,-6.172148794566078],[106.83313409193667,-6.172468219778578],[106.8324563137175,-6.174097707684444],[106.83228418792575,-6.175626693640869],[106.83267855554897,-6.175575010836535],[106.83286131169136,-6.174485519613294],[106.83431701943223,-6.172763682437597],[106.8363277606639,-6.175730911684834],[106.83897557015538,-6.173671511570262],[106.84057659409815,-6.171835320585343],[106.83735944494565,-6.15911623969637],[106.84032109524297,-6.15819115443151],[106.83953350202479,-6.1545502731571124],[106.83984814815744,-6.154363168752452],[106.83990163142313,-6.153194686926999],[106.84101488592766,-6.153001648550867],[106.84118847018965,-6.152714307676353],[106.84125551325202,-6.150759749811261],[106.84535669519309,-6.153481543676515],[106.85032594334201,-6.152779582340158],[106.84833602361203,-6.141737041863162],[106.84531067044927,-6.142327856651217],[106.8439699504351,-6.144893678129666],[106.83840989189497,-6.141781085887924],[106.83730694957086,-6.144542545826679],[106.83715277833252,-6.146050001287768],[106.83663060036194,-6.144466202404622],[106.83571221106253,-6.143106597800394],[106.83449620329439,-6.142134713335307],[106.83302987102786,-6.14156273623422]]]}},{"type":"Feature","id":40,"properties":{"OBJECTID":40,"WADMKC":"Kemayoran","WADMKK":"Kota Adm. Jakarta Pusat","KDCPUM":"31.71.03","KDPKAB":"31.71","LUASWH":717.3000000000001,"SRS_ID":"32748"},"geometry":{"type":"Polygon","coordinates":[[[106.84462104406765,-6.153048970644709],[106.84127910364684,-6.150739893434647],[106.84107049739676,-6.152920759823795],[106.84009953373011,-6.153055669861974],[106.83966304069702,-6.153552302986978],[106.83958301695125,-6.154752730261487],[106.84038669733495,-6.158073664778111],[106.83735944494565,-6.15911623969637],[106.84057659409815,-6.171835320585343],[106.84286364424511,-6.1716036590279915],[106.84276449432599,-6.168776270051537],[106.84302266885302,-6.168589710644982],[106.84857060490732,-6.16814246898459],[106.8492158961516,-6.168707249552634],[106.85218222468313,-6.1690528049760385],[106.85204291417057,-6.174627879846358],[106.85871061006641,-6.173792554562719],[106.860628574285,-6.173171381995252],[106.87286134977904,-6.167521742436622],[106.87652514104548,-6.166400680754642],[106.87890340401533,-6.166419499835577],[106.88140254164104,-6.162519530751778],[106.87684031494084,-6.163484817424197],[106.87181098460181,-6.160293080203221],[106.85668035241443,-6.1518348181221185],[106.8456920000493,-6.153492341241788],[106.84462104406765,-6.153048970644709]]]}},{"type":"Feature","id":41,"properties":{"OBJECTID":41,"WADMKC":"Senen","WADMKK":"Kota Adm. Jakarta Pusat","KDCPUM":"31.71.04","KDPKAB":"31.71","LUASWH":434.97,"SRS_ID":"32748"},"geometry":{"type":"Polygon","coordinates":[[[106.84868783787684,-6.168150076591318],[106.84271246259618,-6.168601942359566],[106.84294635999103,-6.171531933591859],[106.8405788527825,-6.171835097583528],[106.83897557015538,-6.173671511570262],[106.8363277606639,-6.175730911684834],[106.83431701943223,-6.172763682437597],[106.83286131169136,-6.174485519613294],[106.83265204211786,-6.1757818680389525],[106.83338336626124,-6.1755872027673036],[106.8343552219284,-6.17472579130277],[106.83507069839729,-6.1765383124319495],[106.83464036755068,-6.178045767313504],[106.83538272640278,-6.178401083269892],[106.83691583709593,-6.177894988257302],[106.83649806190533,-6.17915838010158],[106.83507724701185,-6.180582488938787],[106.83531821207637,-6.181053478083958],[106.83684308243755,-6.181842495886877],[106.83620041872186,-6.184074755080515],[106.8363000498027,-6.18475416324168],[106.83805146161816,-6.186081736045625],[106.83946356942069,-6.18550354340438],[106.84064447056892,-6.1855178594315445],[106.84086005012877,-6.185855926213057],[106.84057935802285,-6.187153741999098],[106.84167999401129,-6.187604359824481],[106.84184608580199,-6.187948796360329],[106.84111061101761,-6.188880300641997],[106.84111369606656,-6.189332377743243],[106.84288955280778,-6.19091652518893],[106.84520511273213,-6.192026536240784],[106.845218055135,-6.192459880744131],[106.84377685344069,-6.193559075567374],[106.84360665341512,-6.194351880361273],[106.84396684563022,-6.19560009923024],[106.84586731755901,-6.1959853140929795],[106.84499560588172,-6.198091137634894],[106.84511757182483,-6.198880664257065],[106.8460412493069,-6.199418296085303],[106.84744466166663,-6.198440678153041],[106.84876766316465,-6.198414750599176],[106.85103532831243,-6.201524910688644],[106.85836543258497,-6.196172837068075],[106.84637922218808,-6.179810175964183],[106.84500197942977,-6.175524798662866],[106.84517230266654,-6.175334528595695],[106.85204291417057,-6.174627879846358],[106.8522990851756,-6.169069433827324],[106.84921767056707,-6.168709368174739],[106.84868783787684,-6.168150076591318]]]}},{"type":"Feature","id":42,"properties":{"OBJECTID":42,"WADMKC":"Cempaka Putih","WADMKK":"Kota Adm. Jakarta Pusat","KDCPUM":"31.71.05","KDPKAB":"31.71","LUASWH":466.36,"SRS_ID":"32748"},"geometry":{"type":"Polygon","coordinates":[[[106.87738492490676,-6.170855339957467],[106.87890340401533,-6.166419499835577],[106.87663569155978,-6.166398000238697],[106.87257804966663,-6.1676114935689474],[106.860628574285,-6.173171381995252],[106.85773337659512,-6.1739792463756835],[106.8598897432465,-6.181055825670915],[106.86140761761094,-6.181168107672492],[106.86170860401806,-6.181494188155672],[106.8624263079228,-6.185455101317158],[106.86373863517463,-6.18803025203103],[106.86264974633053,-6.188622580144728],[106.85998654394885,-6.189195259042261],[106.85540488563628,-6.192110734076628],[106.85837537962935,-6.196165874549855],[106.86235841319446,-6.193572633053836],[106.86489917556693,-6.192651709648345],[106.87226277132517,-6.191972932630112],[106.8751092426536,-6.1922967190457925],[106.87605420919168,-6.176453482690732],[106.87738492490676,-6.170855339957467]]]}},{"type":"Feature","id":43,"properties":{"OBJECTID":43,"WADMKC":"Menteng","WADMKK":"Kota Adm. Jakarta Pusat","KDCPUM":"31.71.06","KDPKAB":"31.71","LUASWH":647.09,"SRS_ID":"32748"},"geometry":{"type":"Polygon","coordinates":[[[106.83782608900545,-6.186055608835004],[106.83620205911312,-6.184532050139088],[106.8368512213371,-6.182364741028234],[106.83665977740301,-6.181714735595359],[106.83413391212247,-6.182585795550712],[106.82187032392528,-6.183325609637886],[106.82257271575142,-6.185310447405988],[106.8224389985522,-6.1889753827953236],[106.82120471195145,-6.191337925038595],[106.8206470145701,-6.194777942208834],[106.82096115059353,-6.195566127441408],[106.82312666759229,-6.197922457012936],[106.82312841333275,-6.200752384583118],[106.82275340306795,-6.202641279921548],[106.83081543988334,-6.204468525814141],[106.83737712242848,-6.205436398613735],[106.846473307243,-6.208625699964804],[106.84725229532175,-6.208582833808559],[106.84904419657707,-6.207582752649815],[106.849408037084,-6.206160771003613],[106.84991691419505,-6.205621818872143],[106.85269795425515,-6.20595515009097],[106.85375124287168,-6.20658337126288],[106.85487070164655,-6.205991015025763],[106.85574901644756,-6.204261495636999],[106.85557865415068,-6.202998379589732],[106.85511649771207,-6.202421917980261],[106.852823345586,-6.201887682737572],[106.85152663562252,-6.20247689021282],[106.85049874622418,-6.2004962924128195],[106.84861826742413,-6.198368753393908],[106.84734123614594,-6.198483810059799],[106.8459292025519,-6.199418299381806],[106.84511757182483,-6.198880664257065],[106.84498140814917,-6.198179062784487],[106.84586731755901,-6.1959853140929795],[106.84396684563022,-6.19560009923024],[106.84359574272415,-6.194535254046306],[106.84377685344069,-6.193559075567374],[106.845218055135,-6.192459880744131],[106.84520511273213,-6.192026536240784],[106.8427026958021,-6.190812364961556],[106.84111369606656,-6.189332377743243],[106.84180302214673,-6.187758125076551],[106.84046980512814,-6.186958690556815],[106.84072449455547,-6.185566852873033],[106.83946356942069,-6.18550354340438],[106.83782608900545,-6.186055608835004]]]}},{"type":"Feature","id":44,"properties":{"OBJECTID":44,"WADMKC":"Tanah Abang","WADMKK":"Kota Adm. Jakarta Pusat","KDCPUM":"31.71.07","KDPKAB":"31.71","LUASWH":1004.47,"SRS_ID":"32748"},"geometry":{"type":"Polygon","coordinates":[[[106.82245746055114,-6.188852237576419],[106.82257271575142,-6.185310447405988],[106.82187032392528,-6.183325609637886],[106.81602257557624,-6.1815834095512745],[106.8149886516616,-6.181534824439416],[106.81401799711504,-6.182073553995939],[106.81036447598977,-6.185201938119995],[106.81065670060605,-6.188904415120072],[106.8094307375986,-6.188695541814219],[106.80676906788058,-6.189125611156441],[106.80552118572618,-6.192837682580436],[106.80504748576375,-6.195813165392173],[106.80429515326878,-6.197368150876509],[106.80272168633822,-6.199067674564164],[106.80007140791973,-6.200422607298814],[106.79927605681227,-6.201960165658146],[106.79781631293365,-6.203062005763955],[106.79688687232417,-6.204719209561432],[106.79616124472702,-6.207423312420706],[106.79239697392349,-6.207784871257262],[106.7919196613763,-6.208931981578812],[106.79264773328077,-6.20947488589801],[106.79273749064349,-6.210282798128918],[106.79367110442038,-6.21090886541869],[106.79377383132204,-6.211354402635393],[106.79343601925534,-6.211664715704939],[106.79581457626222,-6.212365896411023],[106.7954634094034,-6.212860865895227],[106.79540946763989,-6.213873007562236],[106.79626001407566,-6.2156023186148275],[106.79611965634582,-6.21646723623726],[106.79704855924396,-6.217995651146589],[106.79606133276916,-6.223585328342969],[106.79642573758643,-6.2263474943457195],[106.79566944510997,-6.228345276156582],[106.79585693399589,-6.229264402039264],[106.79746320272146,-6.229293833441339],[106.79852609478542,-6.2287954749180665],[106.79946505144063,-6.229224927562054],[106.81785463130831,-6.215090829559172],[106.819720581128,-6.212995144973035],[106.82196891164999,-6.208097690049645],[106.82312841333275,-6.200752384583118],[106.82312670409418,-6.197923615135857],[106.82096115059353,-6.195566127441408],[106.8206470145701,-6.194777942208834],[106.821273350587,-6.191111130907017],[106.82245746055114,-6.188852237576419]]]}},{"type":"Feature","id":321,"properties":{"OBJECTID":321,"WADMKC":"Kepulauan Seribu Selatan","WADMKK":"Kab. Adm. Kep. Seribu","KDCPUM":"31.01.02","KDPKAB":"31.01","LUASWH":407.11,"SRS_ID":"32748"},"geometry":{"type":"MultiPolygon","coordinates":[[[[106.48007915791462,-5.793167031969197],[106.4788617038532,-5.793255560640499],[106.47865298429797,-5.793526901426495],[106.48405186571061,-5.795843225005345],[106.48749387685046,-5.796126106957868],[106.49261085895102,-5.7976150665878725],[106.49078114899726,-5.797015062107769],[106.4915349043955,-5.796952472225688],[106.49313968917727,-5.797460400922474],[106.49378044098174,-5.7979868283390195],[106.49321434031047,-5.797820542955793],[106.49351905572678,-5.797954456308412],[106.49719913416956,-5.7990380729213085],[106.49678460364149,-5.799532903987306],[106.49789644826461,-5.7999284637452275],[106.49829420909688,-5.799998249177787],[106.4974271634032,-5.799585714983982],[106.49754153085634,-5.799098540739427],[106.4988528331992,-5.799163835643675],[106.50093242879655,-5.799892070875033],[106.50135992106482,-5.800759991369155],[106.50174612219573,-5.800295144621956],[106.50327512824435,-5.800840369980645],[106.50259827455976,-5.800516041138292],[106.50278996134764,-5.800456529937968],[106.50393364068238,-5.801086671119858],[106.503781152022,-5.800908810062868],[106.50420402916411,-5.800860027006943],[106.50965515720871,-5.802815417045111],[106.51139789842647,-5.802906579919951],[106.51167995156617,-5.80320587055294],[106.51164663015919,-5.804545696211306],[106.51178043568368,-5.803623576968974],[106.51143403031132,-5.802748886122238],[106.51177092796466,-5.802561662702696],[106.5093426299303,-5.801688694699948],[106.50890423811813,-5.8018998510126085],[106.5065515998923,-5.801472134998763],[106.50363306563521,-5.800152892238015],[106.50244442363099,-5.79937491237294],[106.50215510312265,-5.7988110505977275],[106.50116897410557,-5.798627394800409],[106.5004334496517,-5.797933990616195],[106.50085137512053,-5.797543025127392],[106.50100675068596,-5.796549018552289],[106.50065422407182,-5.796613790566079],[106.50067528867008,-5.797430070443457],[106.50035311294117,-5.797722611340361],[106.4996918277796,-5.797121348552735],[106.50039121721316,-5.796393375360514],[106.49951723280866,-5.796959295025182],[106.49876282220723,-5.796566889804906],[106.49856251096199,-5.796747964672958],[106.49718875601101,-5.795614579930515],[106.49628045619728,-5.795319116768213],[106.49523347159915,-5.795214330767283],[106.49406207993083,-5.795936632414618],[106.49143807202827,-5.796212165235638],[106.48269734669698,-5.793324111442623],[106.48007915791462,-5.793167031969197]]],[[[106.73588396664998,-6.038562012779194],[106.73569187598149,-6.037502560875108],[106.73542068694722,-6.040184090892132],[106.73622711398946,-6.039982528003819],[106.73650106064314,-6.039356392889142],[106.73588396664998,-6.038562012779194]]],[[[106.74671167310139,-6.034214873786521],[106.74589984434375,-6.034352557787628],[106.74557851635406,-6.035161084678655],[106.74622202487308,-6.0372180794254495],[106.74663238996867,-6.037312129810193],[106.74772449040718,-6.03686281095467],[106.74799365732244,-6.03512426814611],[106.74761779610279,-6.034365315697031],[106.74671167310139,-6.034214873786521]]],[[[106.73528225281689,-6.032174097076883],[106.73442052798721,-6.032052629742478],[106.73354902465377,-6.032544374002308],[106.7333746568314,-6.0334554171378265],[106.73362887971402,-6.034198524750336],[106.7345415437503,-6.034763337846146],[106.73533789009059,-6.0344297325781024],[106.73518187070337,-6.034976582097358],[106.73595497069368,-6.034726359675355],[106.73662278509765,-6.03313463861207],[106.73578038424556,-6.032250445050379],[106.73528225281689,-6.032174097076883]]],[[[106.74561267759829,-6.026023212407964],[106.74519089695863,-6.024952468810077],[106.74487637605904,-6.026487076908265],[106.7453258980046,-6.026691592982928],[106.74561267759829,-6.026023212407964]]],[[[106.8317824047984,-6.0068578169403795],[106.83184535862559,-6.006255038266072],[106.83162631366748,-6.006354451251745],[106.8317824047984,-6.0068578169403795]]],[[[106.78217606756219,-6.003305411453073],[106.78193409499852,-6.002975638226893],[106.78094480523436,-6.00285975016276],[106.77980292417314,-6.002863442778418],[106.77951853490866,-6.003201027790352],[106.78051313304127,-6.004787219229491],[106.7815407762759,-6.005563114226286],[106.78270847201374,-6.0042512447732355],[106.78217606756219,-6.003305411453073]]],[[[106.84713503573556,-5.985050318255572],[106.84776500883538,-5.984444088908269],[106.84737602723673,-5.983936309590016],[106.84678321412999,-5.984233264148477],[106.84713503573556,-5.985050318255572]]],[[[106.70579200420889,-5.974985770916107],[106.70527948165783,-5.975303153069766],[106.70438635091811,-5.9750704155985845],[106.7032268766021,-5.975372504938878],[106.70240379276724,-5.976758674808263],[106.70588222998977,-5.979341955773564],[106.70841496071563,-5.980338354552242],[106.71058432376893,-5.979255315320588],[106.7102758051122,-5.978991152382031],[106.71067134591867,-5.978186746735924],[106.7113526186438,-5.978447637816984],[106.71031439491212,-5.980080246702145],[106.71122256111659,-5.979117181773427],[106.71142030800236,-5.978475326197578],[106.71028736655403,-5.976060504898763],[106.70801822541924,-5.9752009718488805],[106.70743723502373,-5.9754853142748185],[106.70579200420889,-5.974985770916107]]],[[[106.6909508140916,-5.97076136978105],[106.68972405116408,-5.970777008375705],[106.6891363244101,-5.971919150081934],[106.6892380357001,-5.974999264766015],[106.689872874212,-5.975309041836955],[106.69177117978285,-5.97761510241323],[106.6935348640953,-5.977693261996703],[106.69496253973576,-5.97837140869074],[106.6952388403462,-5.977230549911285],[106.69478821612043,-5.974180562639958],[106.69543611157653,-5.9732412734433815],[106.69503166497006,-5.972114041447556],[106.69416667034957,-5.971723889384668],[106.69422361245189,-5.971440877423616],[106.6935562797336,-5.971846927412349],[106.69286212184915,-5.971282728613117],[106.69153214761752,-5.9712355340934105],[106.69134029218137,-5.9708135117720085],[106.6909508140916,-5.97076136978105]]],[[[106.84546216163037,-5.955259876043681],[106.84364378111437,-5.954659708188544],[106.84265869798696,-5.954886019630985],[106.8419410766258,-5.955493263926782],[106.84137385896102,-5.956646543862145],[106.84231990041329,-5.958068516652164],[106.84330991710931,-5.958482831658054],[106.84502454434188,-5.9602671397521325],[106.84574089764578,-5.960468871260237],[106.8463530761432,-5.959390704687767],[106.84645344464617,-5.957836477624215],[106.84711703283328,-5.95749275061549],[106.84724934028714,-5.956951757949774],[106.8470193250117,-5.956432241885098],[106.84546216163037,-5.955259876043681]]],[[[106.52209057168275,-5.954664758664035],[106.52177977411758,-5.9543255380638],[106.52090372132606,-5.954199834259903],[106.51980812937065,-5.955125394780463],[106.5200154579727,-5.956320161635216],[106.5193439967207,-5.957011119844697],[106.51973343970839,-5.957925860330126],[106.51935073982818,-5.959463246850743],[106.5195632058971,-5.96010701164155],[106.52176350867491,-5.959800869647794],[106.52275519900151,-5.95880115197468],[106.52240496472513,-5.95664994992616],[106.52270512343773,-5.955987949924441],[106.52254089900062,-5.954830723247261],[106.52209057168275,-5.954664758664035]]],[[[106.63117708927726,-5.94236461194057],[106.62853513618984,-5.942771638680933],[106.62794745281664,-5.943094241331349],[106.62788490265335,-5.943564216011808],[106.62914439029903,-5.9445848719512355],[106.63212812215777,-5.9456502517964145],[106.63355062706668,-5.944059329564782],[106.6335641373646,-5.943148443794778],[106.63222152481951,-5.942485899698808],[106.63117708927726,-5.94236461194057]]],[[[106.59219803413193,-5.933690893035951],[106.59204931023156,-5.93354696274067],[106.59149551027487,-5.935302209059627],[106.59002394707534,-5.936164007554595],[106.59136453031098,-5.93564691342135],[106.59178670912645,-5.935879163962451],[106.59272566272432,-5.938235362889976],[106.59261464763078,-5.939425055270636],[106.59330591929591,-5.938898749207003],[106.59441705414402,-5.939182842411354],[106.5953520373403,-5.940750251678893],[106.59663851602147,-5.940295431166776],[106.59678893081364,-5.939392935049363],[106.59652618084509,-5.940092052066042],[106.59544078324907,-5.940486647708824],[106.59467899732445,-5.939013213706242],[106.59609957188253,-5.938280600969218],[106.59701956770287,-5.9390570050312075],[106.59727163239612,-5.940033591357681],[106.59851286834682,-5.9388043678528275],[106.59851762673176,-5.938209503969297],[106.59786565475467,-5.938204745392172],[106.59743191560321,-5.937786188376753],[106.59778682844585,-5.9375570501739405],[106.59763181367823,-5.937143591962493],[106.5968754533103,-5.936946432343736],[106.59714370401292,-5.936831399196774],[106.59673028373844,-5.936323777047644],[106.59641851671778,-5.936628192230016],[106.59578519040686,-5.936522677119548],[106.59395659317113,-5.934811667230087],[106.59362498474106,-5.935088772584313],[106.59284082772486,-5.934547206188308],[106.59193309890797,-5.93463534724705],[106.59219803413193,-5.933690893035951]]],[[[106.58365575112299,-5.92527703165094],[106.58335353977034,-5.925831666004636],[106.58190122916714,-5.926126554752042],[106.58240091511242,-5.926754734017539],[106.5819930001956,-5.927404536015361],[106.58270977706916,-5.92795037801466],[106.58236780784634,-5.928737627388916],[106.58317065821608,-5.92944390178371],[106.58270174596309,-5.928836828336258],[106.58282985917751,-5.928322216231919],[106.58304309234158,-5.928389805997659],[106.58381463436234,-5.929060857090777],[106.58353077505559,-5.9296146391842806],[106.58387569569575,-5.929287020894833],[106.58495385067668,-5.929767430321035],[106.58473765499868,-5.929405723083207],[106.58559639775794,-5.930017233915475],[106.58667460642914,-5.931515282058509],[106.58706473382193,-5.933823750101173],[106.58760284341533,-5.934169805610786],[106.58759729771161,-5.935039352662621],[106.58800437476043,-5.934945160795454],[106.58816855821561,-5.934704835154846],[106.58768200499883,-5.934070488866243],[106.58882863782613,-5.93364766975169],[106.58931170323226,-5.934175316614772],[106.58878938440883,-5.933531855877586],[106.5896488593109,-5.93246673330563],[106.58902577205114,-5.932543049644164],[106.58875485283949,-5.9321692263315535],[106.58812767581718,-5.932087965996101],[106.5875308970759,-5.929997001781038],[106.5866473592164,-5.9288377775820456],[106.58709051898242,-5.927972603708226],[106.58683255927684,-5.927624688201847],[106.58719914964517,-5.927541601436795],[106.58519050394585,-5.926541552666445],[106.58490105402817,-5.926009750938401],[106.58365575112299,-5.92527703165094]]],[[[106.59923810797679,-5.863004610317631],[106.59933939277359,-5.8625705597388045],[106.5991048560257,-5.862502544219436],[106.59866414929763,-5.863582327747588],[106.59777774400852,-5.863672060410419],[106.59826079558407,-5.866291452246232],[106.59893097901423,-5.866196248738916],[106.59907427425276,-5.865790929367197],[106.59923810797679,-5.863004610317631]]],[[[106.58263997216787,-5.862126671146947],[106.58216437723367,-5.861951670753083],[106.5818383549644,-5.862196182082874],[106.58235940482766,-5.86259901388652],[106.58407527215869,-5.862516010911368],[106.58263997216787,-5.862126671146947]]],[[[106.60053186198843,-5.855596258244883],[106.59980104761348,-5.855560229155443],[106.59961985763071,-5.856554827715978],[106.60066713002453,-5.856991387752073],[106.60118767874953,-5.857814766806772],[106.6019118924397,-5.857659596770902],[106.60140454238025,-5.856246300888432],[106.60053186198843,-5.855596258244883]]],[[[106.62897926206458,-5.854209296319245],[106.62470745918915,-5.854818582164139],[106.62178604123568,-5.854729785861774],[106.62152350122855,-5.8552457386052685],[106.62080420818815,-5.855578321848165],[106.61776600355229,-5.856188804645473],[106.61611995915399,-5.856897351434687],[106.61472366468091,-5.8568447990095045],[106.61463306594067,-5.858503461959545],[106.61332507624896,-5.8608692611337965],[106.6119681969308,-5.8620121869577035],[106.61055629136696,-5.862630077175115],[106.61001468943765,-5.863530949155353],[106.60914529423118,-5.8639513392596205],[106.61034285966598,-5.863977992410717],[106.612676807866,-5.862847360553457],[106.61488433241763,-5.860956838561515],[106.61815953644097,-5.859321051783272],[106.61924652713766,-5.859785025787797],[106.62005608033056,-5.861390808551136],[106.61941050183549,-5.859412254136279],[106.6185796454393,-5.859265559798585],[106.61867949861409,-5.858997370905471],[106.61958567322198,-5.8586132320008515],[106.62059204675236,-5.860995205425396],[106.62020175060562,-5.859932202921003],[106.62045447874368,-5.8598027965565915],[106.61988099655031,-5.858755980812022],[106.62038181709006,-5.85792160310851],[106.62143122232422,-5.857790569927836],[106.62379089855483,-5.856295755807324],[106.62744570573969,-5.855094641429165],[106.6303288193691,-5.854904283864002],[106.63122904792911,-5.8545513312808195],[106.63071620082879,-5.854179385090662],[106.62897926206458,-5.854209296319245]]],[[[106.62274496312087,-5.854320650249064],[106.62286441637305,-5.854013738562224],[106.62271830811723,-5.853962836271757],[106.62274496312087,-5.854320650249064]]],[[[106.6150716571729,-5.855025231835008],[106.61501823987102,-5.854485942245999],[106.61434210381002,-5.853625222231101],[106.61352288742312,-5.8546805976423935],[106.61463271307578,-5.855467351014427],[106.6150716571729,-5.855025231835008]]],[[[106.60544094305628,-5.853571597996361],[106.60489710074287,-5.853728614993464],[106.60512203604684,-5.855911287931214],[106.6054649732232,-5.855926473716972],[106.60557400743733,-5.856462279579711],[106.60334207686141,-5.857517277820343],[106.60349672363425,-5.857908721071649],[106.60325622466634,-5.858098731681782],[106.6023244146297,-5.858287058709154],[106.60223296788672,-5.859225645628204],[106.60293124524698,-5.859541766943718],[106.6029344014209,-5.859898532879984],[106.6018413702776,-5.860200615836452],[106.60162764979587,-5.8594606473266175],[106.60187939159017,-5.8588826002287275],[106.60136739407332,-5.858724124864308],[106.6012422298184,-5.859447210685729],[106.600969728923,-5.859517035434797],[106.60135406299365,-5.860682515266228],[106.60551948515,-5.859626289653924],[106.60563924115647,-5.858963343156866],[106.60585899367007,-5.859227132210545],[106.60759928698022,-5.859082567171431],[106.60865225973518,-5.858391252076037],[106.60899263169462,-5.855993818872722],[106.6058349085822,-5.856229382007663],[106.60620784782236,-5.855853735565426],[106.60525305000701,-5.855819300419981],[106.60544094305628,-5.853571597996361]]],[[[106.62190603594674,-5.852532401994932],[106.62141362000025,-5.8528416442040845],[106.6217283783241,-5.85334405995319],[106.622112826723,-5.85291612556097],[106.62190603594674,-5.852532401994932]]],[[[106.6208200058346,-5.852474392738569],[106.61963266559937,-5.853195754993919],[106.61928792379176,-5.8541159969728565],[106.61952016701679,-5.8547114498176756],[106.61994408037899,-5.854789857158548],[106.619739983788,-5.854003049908064],[106.62000810810449,-5.85319596836709],[106.62027317574201,-5.8534558515626625],[106.62119377719222,-5.852938044702217],[106.6208200058346,-5.852474392738569]]],[[[106.556924555738,-5.824148296145301],[106.55630803194208,-5.824360086882347],[106.55705238910193,-5.824179005121115],[106.556924555738,-5.824148296145301]]],[[[106.55593063756723,-5.824003819173451],[106.55590015801094,-5.823802863668411],[106.55527062581301,-5.824247449332185],[106.55517564099829,-5.8246716624472885],[106.55594195056763,-5.824435413697251],[106.55593063756723,-5.824003819173451]]],[[[106.55867926259415,-5.823698133757024],[106.55885630279226,-5.823597249759959],[106.55756443018501,-5.824010349444888],[106.55867926259415,-5.823698133757024]]],[[[106.55678189691677,-5.823535725397874],[106.55682342574192,-5.823468833848842],[106.55674178042136,-5.823504592321734],[106.55678189691677,-5.823535725397874]]],[[[106.55931583083408,-5.822955165686261],[106.55957998501052,-5.8217154831501885],[106.55931824416417,-5.820841745176721],[106.55859549621411,-5.820527652153562],[106.55922295984661,-5.8208535186480805],[106.55947528809193,-5.821653616939847],[106.55931583083408,-5.822955165686261]]],[[[106.54961357883838,-5.820000083584719],[106.54859092834697,-5.820039230153183],[106.55430858324212,-5.823019096207132],[106.55466004977347,-5.823492272846912],[106.55409403505088,-5.824225695946009],[106.55462006538846,-5.824546454412664],[106.55473491676484,-5.823448346622535],[106.555765847332,-5.823611898866739],[106.55720440314684,-5.82291729466571],[106.55786593227172,-5.822161870880131],[106.55785338256702,-5.820775769267446],[106.55825474482903,-5.820616890347004],[106.55552684288125,-5.820160951363834],[106.54961357883838,-5.820000083584719]]],[[[106.54895870098184,-5.814104647036714],[106.54931765089967,-5.814364588759342],[106.55027040585354,-5.814229785706465],[106.54895870098184,-5.814104647036714]]],[[[106.52241262878935,-5.80432958855146],[106.52143544832907,-5.804188557254578],[106.52127506263541,-5.80518783715924],[106.52158097767831,-5.805648764562578],[106.52151049825349,-5.804341189719443],[106.52224854464663,-5.804568847619385],[106.52196135513155,-5.805629845173533],[106.52241262878935,-5.80432958855146]]],[[[106.53564925568945,-5.803324817354002],[106.53545710843096,-5.803385670554596],[106.53584565716156,-5.803448926272588],[106.53591893595957,-5.8044829957361666],[106.53590052780865,-5.803492273168976],[106.53564925568945,-5.803324817354002]]],[[[106.51223831588352,-5.8032820698184535],[106.51202430701062,-5.804249573662913],[106.51238857262821,-5.803437242310693],[106.51223831588352,-5.8032820698184535]]],[[[106.51770961320925,-5.8023917353515495],[106.51679336939048,-5.802766075829801],[106.51619064192792,-5.802500985874635],[106.51716486803932,-5.8032540431464374],[106.52252646580635,-5.804154261142123],[106.5265782068978,-5.8043530976997255],[106.529999427601,-5.804036610642872],[106.52346071160856,-5.802549201571393],[106.51770961320925,-5.8023917353515495]]],[[[106.50590697937047,-5.801897517091565],[106.50555204903033,-5.8017355971476645],[106.50555553175515,-5.8017478487942835],[106.50590697937047,-5.801897517091565]]],[[[106.52893265271801,-5.801668610231214],[106.52898577767056,-5.801641677072551],[106.52894774405503,-5.801625474942246],[106.52893265271801,-5.801668610231214]]],[[[106.50551915466436,-5.801726969640859],[106.50523084080523,-5.801597127852573],[106.5052221400752,-5.801603000209584],[106.50551915466436,-5.801726969640859]]],[[[106.50519418244501,-5.801588670403181],[106.50491792725914,-5.801466127749935],[106.50491697457583,-5.801478024947139],[106.50519418244501,-5.801588670403181]]],[[[106.5048970943821,-5.801459766930112],[106.50441339697817,-5.801265317944202],[106.50460270734212,-5.80135783137193],[106.5048970943821,-5.801459766930112]]],[[[106.50439503022886,-5.801257982911684],[106.5039747224427,-5.801091992443421],[106.50434866094844,-5.8012524116151996],[106.50439503022886,-5.801257982911684]]],[[[106.49889921705235,-5.7997659843618905],[106.49888774539717,-5.800124582004697],[106.50062085810364,-5.800692429262092],[106.49889921705235,-5.7997659843618905]]],[[[106.49876259764432,-5.7964092261856495],[106.49877195740241,-5.796339981016966],[106.49872370360279,-5.796378408145126],[106.49876259764432,-5.7964092261856495]]],[[[106.49964472224103,-5.795885265292288],[106.4990748270716,-5.7958115271049735],[106.49879452291762,-5.796290587193336],[106.49920251115682,-5.795925356702846],[106.49980451795517,-5.796350217389956],[106.50036715613452,-5.7959291066936665],[106.50001062023014,-5.796168489324246],[106.49964472224103,-5.795885265292288]]]]}},{"type":"Feature","id":322,"properties":{"OBJECTID":322,"WADMKC":"Kepulauan Seribu Utara","WADMKK":"Kab. Adm. Kep. Seribu","KDCPUM":"31.01.01","KDPKAB":"31.01","LUASWH":688.03,"SRS_ID":"32748"},"geometry":{"type":"MultiPolygon","coordinates":[[[[106.55020507168318,-5.499327784583689],[106.54874106978421,-5.4991893865963775],[106.54811125912691,-5.499631629556797],[106.54792290568909,-5.499264240332654],[106.54725214671275,-5.4997993279635855],[106.54666831001802,-5.499567549697448],[106.54677259569442,-5.499985760683219],[106.5464473497957,-5.500441161685005],[106.54272545527503,-5.5044809418659355],[106.5427014951429,-5.505148446352709],[106.5433989820495,-5.505122634002751],[106.54402674000988,-5.50554136785123],[106.5445413340086,-5.504808971310436],[106.54957221736699,-5.5025875363523],[106.55296975785348,-5.502274700280234],[106.55405513188383,-5.503109490283042],[106.55665439279885,-5.5017949586342185],[106.55733478268556,-5.500966444720718],[106.55695064891435,-5.500347395033181],[106.5548767027078,-5.500322742590776],[106.5545990300638,-5.500263340109935],[106.5547145553579,-5.499981196253829],[106.55405793570107,-5.499855138986471],[106.55310260611812,-5.5002334182561965],[106.55290494463685,-5.5006585751986385],[106.55230754998243,-5.500231729806645],[106.55077666071394,-5.5000135688323795],[106.5510456660944,-5.499536041996155],[106.55020507168318,-5.499327784583689]]],[[[106.55392838788593,-5.769711002963456],[106.55282763660706,-5.769509387207408],[106.55240315509792,-5.770373642754167],[106.55303657205734,-5.770890075334235],[106.55317763890476,-5.770665996889964],[106.55258131034702,-5.770322797199956],[106.55293216292594,-5.769834651441546],[106.55336413720246,-5.769790383444772],[106.5543178263236,-5.771577832771358],[106.55369989896563,-5.771723623274118],[106.55320044924453,-5.771001852025872],[106.5531185407769,-5.77139402337419],[106.55402336808699,-5.772011148750539],[106.55482982695865,-5.771380863323941],[106.55392838788593,-5.769711002963456]]],[[[106.560098619256,-5.771802543233429],[106.56129566120426,-5.7701062872956035],[106.56127559631254,-5.769416213167394],[106.55993724409922,-5.7698771363855625],[106.55895252193353,-5.771195678958015],[106.55915715698058,-5.77185241058766],[106.560098619256,-5.771802543233429]]],[[[106.58409366779603,-5.7604449162427205],[106.58368593784367,-5.76045511703636],[106.58344805633635,-5.761911156158729],[106.58262152508308,-5.762517789091367],[106.58202768483638,-5.76362973512943],[106.58127201585405,-5.7671054938522355],[106.58203023634299,-5.764554625763319],[106.5827841759033,-5.765371670961869],[106.58348454157291,-5.765388518356474],[106.58372759320767,-5.763691970874024],[106.58429513290989,-5.762578778632937],[106.58385065993544,-5.761278376911041],[106.58409366779603,-5.7604449162427205]]],[[[106.58092382901067,-5.766974539126626],[106.58207769618026,-5.762354655843543],[106.58291737308036,-5.760939982102358],[106.58288378431988,-5.760101297104454],[106.58182962969643,-5.761862925552034],[106.58092382901067,-5.766974539126626]]],[[[106.60754664322334,-5.759303804783108],[106.60712230726948,-5.75932838014611],[106.60707685644584,-5.759956486289605],[106.60821585244233,-5.759960229610988],[106.60845896589453,-5.759579423156526],[106.60754664322334,-5.759303804783108]]],[[[106.58650840792883,-5.759589798372811],[106.58722667901841,-5.7581245463708],[106.58636291832187,-5.759440259952948],[106.58650840792883,-5.759589798372811]]],[[[106.58321100818219,-5.757979808165329],[106.58333730983107,-5.75751362028545],[106.5830911473556,-5.7574698331927205],[106.582793660016,-5.757791755152132],[106.58288989210865,-5.758447909834277],[106.58321100818219,-5.757979808165329]]],[[[106.58472541007238,-5.759649474833875],[106.58412853895355,-5.759406153444506],[106.58388966556245,-5.75831752329924],[106.58411341794034,-5.757356271143905],[106.58352774718469,-5.75850240090262],[106.58362128855342,-5.7600263650889065],[106.5856913209802,-5.7597656389725],[106.58595681737215,-5.759413013364531],[106.58472541007238,-5.759649474833875]]],[[[106.61502964284607,-5.751098785552868],[106.61501848780878,-5.749081545709839],[106.61494790910385,-5.7494396146290185],[106.61502964284607,-5.751098785552868]]],[[[106.61506284102026,-5.742041185637679],[106.61416871227095,-5.742250829075975],[106.61428052036912,-5.742601585247391],[106.61376098843141,-5.743327082894649],[106.6133764007884,-5.7432217098566465],[106.61363924827101,-5.743584468281418],[106.61300072838223,-5.745068643780267],[106.61254691738995,-5.744651192135841],[106.61242758674963,-5.744883118621391],[106.61234331861415,-5.745671625211333],[106.61195883809368,-5.745857222853906],[106.61251477657319,-5.746130383328765],[106.61247169295558,-5.746540526716156],[106.61223300422714,-5.746895663847794],[106.61170999977571,-5.746782178898233],[106.61187310780412,-5.7462201399923565],[106.61153071528568,-5.746824468306424],[106.61212713444714,-5.747246306101315],[106.61150249078904,-5.7491697925500995],[106.61214670571346,-5.749608108251821],[106.61265312703718,-5.749554606291677],[106.61459990518662,-5.747432603244412],[106.61500419310289,-5.748109355121319],[106.61492954676841,-5.747418798625021],[106.61529788839384,-5.746762068396234],[106.6156325348646,-5.746817462434082],[106.61611680312835,-5.747075585092361],[106.61557000997769,-5.748095729296783],[106.61548178058574,-5.750535563006846],[106.61562837573906,-5.748372117251638],[106.61633455826801,-5.74720352382541],[106.61516520739895,-5.746529464374432],[106.61613121301171,-5.743532271421385],[106.61568107583807,-5.742194734125318],[106.61506284102026,-5.742041185637679]]],[[[106.61901666087044,-5.739558411624783],[106.61889916998066,-5.739551971171951],[106.61906740828316,-5.739701115002855],[106.61901666087044,-5.739558411624783]]],[[[106.59753218426552,-5.739349991783661],[106.59715469040734,-5.73896315934869],[106.5965677841407,-5.739376429146009],[106.59703445535908,-5.739877305731395],[106.59753218426552,-5.739349991783661]]],[[[106.59541602010646,-5.73855164529652],[106.59534536964387,-5.738489026452276],[106.59622666939649,-5.739226234962108],[106.59541602010646,-5.73855164529652]]],[[[106.60306688580772,-5.737581748254583],[106.60308825981924,-5.737533495057887],[106.6030025724189,-5.737535506690514],[106.60306688580772,-5.737581748254583]]],[[[106.60266487121312,-5.737505678980849],[106.60272016691296,-5.737451920376174],[106.6026254753655,-5.737470308574425],[106.60266487121312,-5.737505678980849]]],[[[106.60186322136772,-5.737278285809478],[106.59966331280172,-5.737469157029319],[106.59809137220324,-5.738015868972539],[106.5976322747844,-5.739098269720192],[106.59819083482718,-5.739233787244498],[106.59785279907204,-5.738963147193253],[106.59819257068959,-5.7387245015698936],[106.5990537598961,-5.739049240450655],[106.59909343120921,-5.73929002140675],[106.59850334341509,-5.739272718976932],[106.59878802221152,-5.739337820804695],[106.59999073442954,-5.739584305827787],[106.60114269424457,-5.739347661111343],[106.60152119896121,-5.739854513017427],[106.60146525412503,-5.740438413622238],[106.60190166879472,-5.740271757232778],[106.60381572922445,-5.7426356686691715],[106.60357259865881,-5.740731734263407],[106.60319407516947,-5.74007456684436],[106.60326866966028,-5.7390125028989],[106.60286367320441,-5.738434631270791],[106.60304055200244,-5.737904511153603],[106.6026481391327,-5.737522776273421],[106.6023256698086,-5.737826155212227],[106.60227100089983,-5.737334501224981],[106.60186322136772,-5.737278285809478]]],[[[106.60981617228418,-5.737928711729184],[106.61001101262737,-5.737012005430492],[106.60972048127282,-5.73676881886325],[106.60936098429482,-5.73784675376962],[106.60981617228418,-5.737928711729184]]],[[[106.6033278530407,-5.733893253171034],[106.60265978478571,-5.734289305682453],[106.60052927503851,-5.734078396349438],[106.59849883585188,-5.735374272744884],[106.60008075329753,-5.736111241413989],[106.6013081589498,-5.735895107337989],[106.60289050060587,-5.735262566082398],[106.6033278530407,-5.733893253171034]]],[[[106.57163317227375,-5.729978178960353],[106.57203687580805,-5.7295693652694775],[106.57188328139414,-5.729423092226211],[106.57013490612412,-5.730027532223316],[106.57080532302429,-5.730236149429791],[106.57163317227375,-5.729978178960353]]],[[[106.56593996833426,-5.7110457331257924],[106.56610580218363,-5.7107021768235136],[106.56533533480176,-5.710862459328262],[106.56593996833426,-5.7110457331257924]]],[[[106.5761299630721,-5.707732541666863],[106.57629536477408,-5.709087318424453],[106.57667133556542,-5.708895944133484],[106.5761299630721,-5.707732541666863]]],[[[106.53717804087023,-5.69965558035745],[106.53489086531998,-5.6993036988825],[106.5341004768328,-5.699713866760881],[106.53391931078586,-5.700562398011326],[106.5350715903347,-5.701312979073718],[106.54057909909184,-5.701865807154098],[106.54277420538135,-5.701152144962839],[106.54368943936107,-5.700268761997458],[106.54303113169671,-5.699726784694367],[106.53717804087023,-5.69965558035745]]],[[[106.7133595647606,-5.69532044661076],[106.71311655229101,-5.694956423825087],[106.71345954928054,-5.693652262741049],[106.71247034728438,-5.693778431125543],[106.71161757666486,-5.694641880120861],[106.7110732887948,-5.696071069605348],[106.71117357734316,-5.6965533702392825],[106.71136113692286,-5.696676386112563],[106.71284189966958,-5.695461520327941],[106.71309363674361,-5.695470563066225],[106.71354334664498,-5.696502481280479],[106.7133595647606,-5.69532044661076]]],[[[106.53160834784096,-5.690712728552605],[106.532619791377,-5.690292029132087],[106.53252313599353,-5.689372331144542],[106.53149387955457,-5.689547826667631],[106.53101673042848,-5.690288183252099],[106.53160834784096,-5.690712728552605]]],[[[106.5617695056674,-5.686142079874583],[106.56279267491684,-5.685190294678083],[106.56287879644084,-5.684701951103903],[106.56169546095643,-5.685782996751655],[106.56151434964188,-5.68603338757776],[106.5617695056674,-5.686142079874583]]],[[[106.58830834882973,-5.678682804242776],[106.58654365041296,-5.679137711090457],[106.58716463172618,-5.679647562758884],[106.5882562567825,-5.679388199642712],[106.58878388614792,-5.678953378202481],[106.58830834882973,-5.678682804242776]]],[[[106.58318760525569,-5.66893900628846],[106.58011286873491,-5.669307415948496],[106.57913417960606,-5.670252636053939],[106.57877984599287,-5.671185916370725],[106.57919112087532,-5.6713497616613],[106.58183184321955,-5.670452504321642],[106.58406693268947,-5.6700955000766875],[106.58500022144504,-5.669381815194916],[106.5844675564183,-5.668898455023286],[106.58318760525569,-5.66893900628846]]],[[[106.55988129665222,-5.66883604321904],[106.55943031917616,-5.669036526126989],[106.55979531679071,-5.669518457907038],[106.56102984066395,-5.669116163910858],[106.55988129665222,-5.66883604321904]]],[[[106.56802803532803,-5.66758017697357],[106.56875457011904,-5.667162279702832],[106.56868301532975,-5.666725775926411],[106.56819643893897,-5.666687753661302],[106.56763158462452,-5.667151050999909],[106.56759045406633,-5.66751423319965],[106.56802803532803,-5.66758017697357]]],[[[106.56954781110508,-5.660376887132052],[106.56820131936661,-5.660865823637217],[106.56723151228937,-5.661861390241413],[106.56569563534252,-5.662735595587378],[106.5652710172019,-5.66371969112601],[106.56578308011886,-5.663663947688892],[106.56595130135574,-5.663989770599192],[106.5684398158201,-5.662648407592605],[106.5703419206186,-5.661036709707903],[106.57014504578902,-5.660568505078807],[106.56954781110508,-5.660376887132052]]],[[[106.58034960594689,-5.658115744200602],[106.58026101280541,-5.657937296151254],[106.58023103115819,-5.6579725118380475],[106.58034960594689,-5.658115744200602]]],[[[106.56452483936471,-5.657092634284713],[106.56437180221296,-5.656954388232665],[106.56436345428563,-5.657364998343299],[106.56480592866461,-5.658297220986868],[106.56453117474392,-5.658579089674061],[106.56491483536063,-5.658548927568945],[106.56495770412238,-5.657354309751584],[106.56452483936471,-5.657092634284713]]],[[[106.57238433671931,-5.656339910800827],[106.57199942395641,-5.656661056894373],[106.5722340876173,-5.656647149340912],[106.57238433671931,-5.656339910800827]]],[[[106.57902960136927,-5.656090898067313],[106.57895235935023,-5.65569596630771],[106.57893941314191,-5.655779653281168],[106.57902960136927,-5.656090898067313]]],[[[106.579376037556,-5.655935248579389],[106.57937533239023,-5.65568293525158],[106.57924348639533,-5.655422684591495],[106.579376037556,-5.655935248579389]]],[[[106.5694702013278,-5.65547458197731],[106.56943374779468,-5.655154227234998],[106.56928926705521,-5.655242363017628],[106.5694702013278,-5.65547458197731]]],[[[106.56984513834551,-5.655706814029187],[106.57086508780512,-5.65508446629126],[106.56998536107494,-5.655508560294003],[106.56984513834551,-5.655706814029187]]],[[[106.57190489412584,-5.65470855506989],[106.57162712990798,-5.654948302226862],[106.57179559302656,-5.655726298837249],[106.57190489412584,-5.65470855506989]]],[[[106.57769212635316,-5.654737192683967],[106.57683422097307,-5.654229173611165],[106.57786827011111,-5.654770664074987],[106.57769212635316,-5.654737192683967]]],[[[106.57910145440948,-5.650467757062893],[106.57891753978475,-5.650170356704726],[106.57909088130451,-5.650460486269465],[106.57858040183287,-5.651547493271444],[106.57818337990439,-5.651352984135227],[106.57828865158311,-5.650605420574543],[106.57816539580783,-5.651137783219792],[106.57759263283525,-5.650972277448376],[106.57762173710528,-5.650375872685967],[106.57761455366423,-5.651133572992048],[106.57812518185344,-5.651453868273017],[106.57802355678118,-5.652229345088353],[106.57601835516708,-5.651850698214479],[106.57560982661046,-5.653232634602384],[106.57363988692056,-5.653082068864223],[106.57314595971813,-5.652407900571012],[106.5728212506852,-5.652641123008304],[106.57267356388903,-5.6522162674083],[106.57188748380712,-5.6520177006730705],[106.57181452985604,-5.652466250987949],[106.57155487427276,-5.652183156997173],[106.57092896127132,-5.65261131067117],[106.56967159099769,-5.652435263648948],[106.5696477394358,-5.652191199306716],[106.56893980125264,-5.653139871370455],[106.56798308779064,-5.653186712441381],[106.5677614896021,-5.6535446848307105],[106.56751384485158,-5.653198675062481],[106.56788453666135,-5.652991756448195],[106.56703347229784,-5.653302899661082],[106.56673873103188,-5.652849059192775],[106.5669071006934,-5.653241072260519],[106.56643282770565,-5.653654895602507],[106.56606962560454,-5.653016766628229],[106.56583947925684,-5.653332759179357],[106.56609980600864,-5.653845859348998],[106.56545999087845,-5.6548054096308595],[106.5651031910981,-5.654855401930429],[106.56427474193016,-5.656680301225305],[106.56676032962709,-5.657004414215321],[106.56785657780881,-5.656255546738573],[106.5689116859167,-5.656129920034196],[106.56937690261886,-5.655709568314316],[106.56908154571137,-5.65523113619647],[106.56944698786458,-5.654775762883535],[106.56984300222936,-5.654841454058797],[106.5695771250848,-5.655024118240224],[106.57005178011788,-5.654875664384916],[106.57160107008845,-5.6541947810338],[106.57147808983596,-5.65370782624913],[106.57316884041077,-5.653231553376025],[106.5735522545629,-5.653912152263438],[106.57378068421446,-5.655913279079345],[106.57324048077326,-5.656297463841505],[106.57327842986707,-5.656697060768255],[106.57399516241803,-5.6566812137084765],[106.57379175930447,-5.653242166072889],[106.57555167315647,-5.653335883288911],[106.57729268212749,-5.654406763103347],[106.57846272990166,-5.6543013466483645],[106.5784046199149,-5.654682897756221],[106.57793063093148,-5.6547591364446],[106.57930993118654,-5.6545361357889234],[106.57938876141583,-5.654131712781724],[106.5805367112002,-5.653767294018145],[106.5811182276925,-5.653243984189939],[106.58018977504422,-5.652562687148262],[106.57806586590884,-5.6522338899670475],[106.5781138816407,-5.651870401756228],[106.5789031260473,-5.651898033807965],[106.57910145440948,-5.650467757062893]]],[[[106.56920916533102,-5.648526618972229],[106.56872705657008,-5.648796857897808],[106.56780387680125,-5.6486650078467235],[106.56726047440254,-5.649236983851989],[106.56620380120742,-5.649446982369875],[106.56509447624893,-5.6492200408219215],[106.56450431340451,-5.648713172184635],[106.56410935855268,-5.64887200989231],[106.56451147831845,-5.64956421931278],[106.56500106926754,-5.649348404309114],[106.56702359173477,-5.649613984738845],[106.56733696723197,-5.650061170135769],[106.56797657033273,-5.650200826974858],[106.56766853188049,-5.650190920782957],[106.56764925083786,-5.649745432418291],[106.5684369033198,-5.6500196066373665],[106.5685432196815,-5.649606045928725],[106.56926074654979,-5.649752698303042],[106.56955454297332,-5.64938186692642],[106.56947212134699,-5.648640879668484],[106.56920916533102,-5.648526618972229]]],[[[106.5688169679513,-5.648429561655459],[106.56811050567994,-5.648287746277162],[106.56881220876888,-5.648445266070234],[106.5688169679513,-5.648429561655459]]],[[[106.56784911272874,-5.64822325017824],[106.56767969472794,-5.648259179788592],[106.56807563662147,-5.648265365604092],[106.56784911272874,-5.64822325017824]]],[[[106.56701053599647,-5.64244406693777],[106.5623651514209,-5.643624372555447],[106.56201607658961,-5.643225598370283],[106.56090276820058,-5.643532521857137],[106.56073068341402,-5.643057926901946],[106.5596861809586,-5.643354449254972],[106.55965193167438,-5.643894727754185],[106.55852138909604,-5.644222638388624],[106.55856274932503,-5.644679728306207],[106.55381153515614,-5.646061924619248],[106.55386324035025,-5.6464510614401435],[106.55311338835024,-5.646716707268541],[106.5532466383777,-5.64726398274065],[106.55403804978268,-5.6470584338100585],[106.55414271408448,-5.64744314695374],[106.55761746055651,-5.646455421604711],[106.55818818116202,-5.646536835259597],[106.56726494377668,-5.643741062670311],[106.56805292731335,-5.643095694891312],[106.56793952099196,-5.642638822690908],[106.56701053599647,-5.64244406693777]]],[[[106.55594169031001,-5.642411948966644],[106.55566637503394,-5.641335381208408],[106.55519513718403,-5.641401497875296],[106.5556562484297,-5.642406621124755],[106.55594169031001,-5.642411948966644]]],[[[106.57786513604827,-5.63423346027189],[106.57803605312084,-5.633909835627711],[106.5761394941655,-5.634255137565946],[106.57522638613852,-5.6347822503544265],[106.57562137741095,-5.636309864124982],[106.5761816229051,-5.6364506663318465],[106.57852543730915,-5.635601651162227],[106.58264903590089,-5.636098884336492],[106.58558899479182,-5.63499447327009],[106.58194951403061,-5.633976179933043],[106.57997464489895,-5.6343370977645835],[106.57891209886972,-5.6349532472325405],[106.57815350239682,-5.634748048680025],[106.57786513604827,-5.63423346027189]]],[[[106.57335008626549,-5.627625494965751],[106.5731618929502,-5.626999898333438],[106.57255368801188,-5.62691122201131],[106.57168574136422,-5.627107242130995],[106.57131130909347,-5.627609177343222],[106.57153434317648,-5.6280896907220415],[106.57312040400143,-5.62778904827634],[106.57333253244724,-5.628188594777461],[106.57359576814899,-5.62810613135378],[106.57335008626549,-5.627625494965751]]],[[[106.54629992002886,-5.623783104909969],[106.54457607291833,-5.623569276844961],[106.54399176958412,-5.623725725142066],[106.54363016497948,-5.6242352018330255],[106.54401043920001,-5.624753293207369],[106.54478831888069,-5.625007300940806],[106.54804168721076,-5.6246492279304015],[106.54804605456597,-5.624113964025945],[106.54766573085661,-5.62381641688426],[106.54629992002886,-5.623783104909969]]],[[[106.56163799316488,-5.619840354091875],[106.56080630274457,-5.620147288005231],[106.56123103788394,-5.6207504818945955],[106.56173857465329,-5.620547693254026],[106.56163799316488,-5.619840354091875]]],[[[106.58377689991451,-5.618621582936868],[106.5818526366239,-5.6194096560612214],[106.58210833906557,-5.619683197005297],[106.58144502769917,-5.620287207996099],[106.58178767072754,-5.620839241640456],[106.58375144680328,-5.620922991908167],[106.58527011094404,-5.620183237822336],[106.58538970572688,-5.61915981075745],[106.58377689991451,-5.618621582936868]]],[[[106.57309982045045,-5.618216865177856],[106.57249112314315,-5.618202555130025],[106.57183308261695,-5.618625568642652],[106.57223536965937,-5.6187918134495],[106.57330701238975,-5.618329879046639],[106.57309982045045,-5.618216865177856]]],[[[106.55068137438772,-5.620552118838767],[106.5516148787871,-5.619032670713121],[106.5553398030805,-5.6177054616462145],[106.55660497370164,-5.616733777350996],[106.55654688239056,-5.61604748943147],[106.55525894143199,-5.614561381760808],[106.55428919314444,-5.6142390609580595],[106.55360216169737,-5.614448801693674],[106.55056121098222,-5.616818744709173],[106.55020839431535,-5.618753352163236],[106.54913353398855,-5.620459319692469],[106.54950640737567,-5.6208383298206295],[106.55068137438772,-5.620552118838767]]],[[[106.58252210201839,-5.6101993519631455],[106.57740295898186,-5.610478909762745],[106.57401222808379,-5.611002392103289],[106.57339821507331,-5.611329600709165],[106.5728176248256,-5.6124717418464565],[106.5726440366878,-5.6137625658783925],[106.57320927810486,-5.6145002059615114],[106.57419068623845,-5.614892809703771],[106.57546369813043,-5.6146310701557445],[106.57858079161537,-5.612441965794431],[106.58195962676635,-5.611490180636404],[106.5829684047057,-5.610601487086231],[106.58252210201839,-5.6101993519631455]]],[[[106.56736542790931,-5.607812921618294],[106.56778565792779,-5.607146382596573],[106.56739859879917,-5.606575312032859],[106.56695443261431,-5.607435090100786],[106.56736542790931,-5.607812921618294]]],[[[106.60321048071522,-5.605432107218648],[106.60359843500012,-5.604634609439049],[106.60292137627394,-5.604886020187122],[106.60281045666105,-5.605123900323958],[106.60321048071522,-5.605432107218648]]],[[[106.5458072247693,-5.605525681688429],[106.54559197881787,-5.605319537079969],[106.54666722308642,-5.604595930158355],[106.54641438113143,-5.603666855600407],[106.5440593336992,-5.604415091742384],[106.54285396172533,-5.605829686444366],[106.5434876442938,-5.606254520426485],[106.54411534517155,-5.606023205317286],[106.54427159941498,-5.60641562523775],[106.54495135367523,-5.606201230107639],[106.54459734067726,-5.606211222168996],[106.5445343293131,-5.60584806701002],[106.5451521055714,-5.605545063735702],[106.54534737384438,-5.6058872718659805],[106.5458072247693,-5.605525681688429]]],[[[106.54920080778204,-5.598946448933854],[106.54978139675289,-5.598870306647022],[106.54983103625877,-5.598265768955233],[106.54864389881907,-5.598398541054991],[106.54877876842343,-5.5988568776213565],[106.54920080778204,-5.598946448933854]]],[[[106.55272457407929,-5.598620830814398],[106.55292546430798,-5.598184527261163],[106.55264952832331,-5.597870288359646],[106.55237832036988,-5.598232939718341],[106.55272457407929,-5.598620830814398]]],[[[106.56223713519613,-5.593613952820094],[106.56059723678254,-5.592542129731302],[106.55935019365333,-5.593310634708652],[106.55862087666021,-5.5942992940574845],[106.55759243381576,-5.594826679929695],[106.55681449511385,-5.595538230657227],[106.5568674318705,-5.595897170155472],[106.55713572332262,-5.5960617131462955],[106.55950328607824,-5.595371668705704],[106.56223713519613,-5.593613952820094]]],[[[106.5685823576036,-5.593944470250334],[106.57003179959146,-5.592515957190793],[106.5701765959579,-5.591959998921677],[106.5696769100029,-5.591488864779926],[106.56835392793616,-5.591431759274841],[106.56688818228974,-5.592250292893593],[106.56685962910707,-5.592754737774715],[106.5673565259744,-5.593431097329308],[106.5679256258119,-5.593925434300613],[106.5685823576036,-5.593944470250334]]],[[[106.54359553827194,-5.591169502823038],[106.54249622602535,-5.5912658713510215],[106.54159503434265,-5.59224543332601],[106.54283394105448,-5.592730996737905],[106.54414481827648,-5.5923231040089325],[106.54359553827194,-5.591169502823038]]],[[[106.5584724444096,-5.59005734339725],[106.55771235601426,-5.590080210130476],[106.55744803795615,-5.590593974736907],[106.5582469043109,-5.590995970732973],[106.5587556560219,-5.590489059858978],[106.5584724444096,-5.59005734339725]]],[[[106.55481155468786,-5.588955676935665],[106.55141368380093,-5.589919358212064],[106.55116918834064,-5.589744817255795],[106.55095311209637,-5.589859113441195],[106.55112601011562,-5.590794221216436],[106.55297130028207,-5.590620282596361],[106.5556095220448,-5.58970765661901],[106.55559352305431,-5.589290139290235],[106.55481155468786,-5.588955676935665]]],[[[106.54561837819114,-5.586616302724365],[106.5444035640826,-5.586690331298721],[106.54423996667084,-5.5871189510450785],[106.5445690350159,-5.587708476757198],[106.545929377673,-5.588536114327329],[106.54710942911875,-5.588525226890673],[106.54821890804536,-5.587638092437652],[106.54803012242141,-5.586897436413445],[106.54561837819114,-5.586616302724365]]],[[[106.59221184592221,-5.5841526737190765],[106.59140643375527,-5.584165947049913],[106.5899475384495,-5.584791474652461],[106.58787180936633,-5.587271060620005],[106.5883592563345,-5.587126860815445],[106.58833223388415,-5.587438814087685],[106.58864632329256,-5.5872674917662035],[106.5885142632785,-5.587681519204342],[106.58991816082982,-5.587826988884953],[106.5916012629355,-5.587135243734363],[106.59238326827908,-5.585764862293993],[106.59221184592221,-5.5841526737190765]]],[[[106.5520180264032,-5.584420565566554],[106.55222503904632,-5.584002970968503],[106.55196805566506,-5.583885187822715],[106.5512328042028,-5.584434843086124],[106.55157187571834,-5.584716809281708],[106.5520180264032,-5.584420565566554]]],[[[106.5701754556651,-5.582097578802521],[106.56835183558506,-5.582356978611277],[106.56728821739361,-5.582867373176376],[106.56799111085755,-5.583353933655059],[106.56913416582958,-5.583223429894357],[106.57066312214414,-5.582323345269998],[106.5701754556651,-5.582097578802521]]],[[[106.59607261966453,-5.5808613881882545],[106.59645053692999,-5.580498283580295],[106.59640972044338,-5.579768828858565],[106.59525596576538,-5.579006659007155],[106.59418808832278,-5.579080359695187],[106.59265690364627,-5.579833460947644],[106.59266047503473,-5.580747174369085],[106.59319228266386,-5.581018432324157],[106.59571927001937,-5.581132645980017],[106.59607261966453,-5.5808613881882545]]],[[[106.55097470327695,-5.5773965846051965],[106.55026681385272,-5.57742236167561],[106.54888276059262,-5.5781738749225385],[106.54718774384656,-5.580383407677675],[106.54715767572078,-5.5819805036390635],[106.54779483865379,-5.583308239848634],[106.54893743310438,-5.583668208355992],[106.54989998261193,-5.582798207258064],[106.55031580697148,-5.579846340436615],[106.55113112698075,-5.5790503291440565],[106.55097470327695,-5.5773965846051965]]],[[[106.58162658120533,-5.574664593425448],[106.58106894961904,-5.574228987569211],[106.58040432702494,-5.5745065649987655],[106.5797856657137,-5.576088905782089],[106.58009499694504,-5.577112073985858],[106.58083699721114,-5.577103973746326],[106.58243316066623,-5.575802015756796],[106.58162658120533,-5.574664593425448]]],[[[106.55904862369174,-5.572798507797863],[106.55980535982296,-5.57187240234382],[106.55899627578026,-5.571308964775395],[106.55648763428539,-5.571088699707733],[106.55554605781853,-5.571722991845137],[106.55560795215234,-5.572100800938228],[106.55621566302972,-5.572434746986458],[106.55904862369174,-5.572798507797863]]],[[[106.5405811796664,-5.574622340940354],[106.54172308986749,-5.5741500491314],[106.5432601691349,-5.572429159259559],[106.54336067988758,-5.571398056030826],[106.54290858179296,-5.570815088662207],[106.54200438678812,-5.570791293843712],[106.54090983613736,-5.5713861589791875],[106.54008408040174,-5.57345228428295],[106.5391728286713,-5.574348587553476],[106.53960442268313,-5.574742571948655],[106.5405811796664,-5.574622340940354]]],[[[106.58464651380889,-5.571595818761308],[106.5853817671753,-5.570960503347027],[106.58544627375845,-5.569803634844338],[106.5851445092235,-5.569258868731472],[106.5842873977807,-5.569897570389579],[106.58397193730403,-5.570671398231806],[106.58406175658706,-5.571300637429776],[106.58464651380889,-5.571595818761308]]],[[[106.55073603085512,-5.570840388211553],[106.55159263785227,-5.569631620616479],[106.55083120983812,-5.569127175729691],[106.55007929970972,-5.569284219995097],[106.54942256801107,-5.570478709255679],[106.54988894433045,-5.571006949998675],[106.55073603085512,-5.570840388211553]]],[[[106.5254859783806,-5.567607525383682],[106.52522456208891,-5.567779727098969],[106.52538982666532,-5.568587624896502],[106.52747998729731,-5.5707232737874985],[106.52837118622027,-5.570490245090157],[106.52955161060768,-5.568600639837576],[106.52912162389524,-5.567856230088272],[106.5254859783806,-5.567607525383682]]],[[[106.56613877901009,-5.566999935666236],[106.56631009962274,-5.566443144002692],[106.56561529697352,-5.5662242329325045],[106.56545825306613,-5.567218848351369],[106.56590559216836,-5.567347339126151],[106.56613877901009,-5.566999935666236]]],[[[106.52697869967454,-5.556661696324245],[106.52597188858748,-5.556997117813471],[106.52565822731991,-5.557941011944664],[106.52795227589806,-5.5574936502841865],[106.52785369572659,-5.556790186862218],[106.52697869967454,-5.556661696324245]]],[[[106.53243868308375,-5.554154375137491],[106.53037056767788,-5.555250749243888],[106.53065895084653,-5.556239219319207],[106.53162342582121,-5.556324880262085],[106.53239113797021,-5.555766468848836],[106.53274525212345,-5.554526139624782],[106.53243868308375,-5.554154375137491]]],[[[106.54418664366732,-5.551643609878872],[106.54319443488386,-5.551604146256174],[106.54106425585614,-5.552675224695267],[106.54059452962741,-5.55492055582486],[106.54140116718953,-5.5554131039990775],[106.54276851187362,-5.5553133280804845],[106.54345616679934,-5.555036898624068],[106.54535077597293,-5.553316954144052],[106.54568570489442,-5.552043358984567],[106.54418664366732,-5.551643609878872]]],[[[106.52987427072199,-5.549321232105716],[106.52921754127993,-5.5490737671066634],[106.52718072076493,-5.549387855752508],[106.52644784803593,-5.550234943653034],[106.52745062813676,-5.550720355285577],[106.52928654489305,-5.550558549578706],[106.53002655844381,-5.550039829219349],[106.52987427072199,-5.549321232105716]]],[[[106.52017328315996,-5.551093755688502],[106.52099348864792,-5.549561556302718],[106.52065393406792,-5.548771401869364],[106.51872348419698,-5.5496376987580875],[106.51805723417856,-5.55071321468344],[106.51828874975678,-5.5510937564133185],[106.51948491221368,-5.551446090231071],[106.52017328315996,-5.551093755688502]]],[[[106.57841802085876,-5.53998810330522],[106.57883762628111,-5.539590021788565],[106.57845370793746,-5.539600693252561],[106.57841802085876,-5.53998810330522]]],[[[106.53636803870447,-5.534536296192599],[106.53456742309318,-5.534989261291734],[106.52978691263407,-5.537658557311706],[106.53074022422989,-5.537989753830178],[106.53437691982889,-5.537038796108507],[106.53606621563527,-5.535902954710839],[106.53636803870447,-5.534536296192599]]],[[[106.5440327264269,-5.528192868695879],[106.54336156179453,-5.528026554376088],[106.54149641192421,-5.528581749969862],[106.54110396025278,-5.528298098192994],[106.54125893516634,-5.528735877595362],[106.54014011884554,-5.529666783791726],[106.53928351176329,-5.531636977907693],[106.5395593862035,-5.531968957291633],[106.54023991217737,-5.531788117741427],[106.54405195273723,-5.529552569721312],[106.54437675036172,-5.528888699595777],[106.5440327264269,-5.528192868695879]]],[[[106.52582223100372,-5.523192703916863],[106.52652655229755,-5.522602597660034],[106.52662793407919,-5.521941735838902],[106.52625053362466,-5.521212990686681],[106.5256413916131,-5.520994082055955],[106.52410901937841,-5.522060080854229],[106.52434310207086,-5.522725137445264],[106.52582223100372,-5.523192703916863]]],[[[106.52063662290867,-5.51691093958071],[106.52076396830151,-5.516065711374183],[106.52039926111765,-5.516486561718431],[106.52063662290867,-5.51691093958071]]],[[[106.52746823161145,-5.512438779796374],[106.5260244852668,-5.51288606782132],[106.5258625408106,-5.513555492367497],[106.52714520982916,-5.514511240732558],[106.52872945482935,-5.514342432665969],[106.52906093036893,-5.513366798010098],[106.52820576120173,-5.51251913596901],[106.52746823161145,-5.512438779796374]]],[[[106.53841195938107,-5.512541048315455],[106.53844534417978,-5.511366518335092],[106.53803528309297,-5.5111028838116765],[106.53679369787741,-5.511071245147586],[106.5347992322774,-5.511724533914083],[106.53327232173004,-5.512576738580019],[106.53333219912648,-5.513661179446844],[106.53235290884415,-5.515523687662826],[106.53279642967942,-5.515789011270019],[106.53515919039364,-5.5142759201703],[106.53671451903747,-5.51387786532791],[106.53841195938107,-5.512541048315455]]],[[[106.53448751066625,-5.503536514757366],[106.53507739867713,-5.502896703774379],[106.53451047658491,-5.501999303732519],[106.53309062964833,-5.501386923739406],[106.53187902529636,-5.501606988745727],[106.53172384711908,-5.502564244628462],[106.5320490393314,-5.503115486030443],[106.53302295682872,-5.503595402134846],[106.53448751066625,-5.503536514757366]]],[[[106.57934491444482,-5.491863871967796],[106.57792953505361,-5.49168212091891],[106.57653575234606,-5.492348065270332],[106.57599818180506,-5.494137175449145],[106.57640365556362,-5.494994700045867],[106.57836621801505,-5.494299648626164],[106.58054892362776,-5.492421737000048],[106.58008294700176,-5.491751522076115],[106.57934491444482,-5.491863871967796]]],[[[106.39353409319865,-5.479852550262571],[106.39518718102705,-5.478276411886963],[106.39475264910993,-5.477591432003225],[106.39191900706959,-5.477619510332522],[106.39055041424771,-5.478845299244286],[106.3905254929144,-5.479587677426453],[106.39201623141774,-5.480994894681418],[106.39330902703097,-5.4805696240471375],[106.39304757288782,-5.480082273903622],[106.39343243270433,-5.479862652837417],[106.39368230791439,-5.4803220390366985],[106.39353409319865,-5.479852550262571]]],[[[106.52745866161922,-5.476037774814963],[106.52363446192311,-5.477732736942287],[106.52252434863146,-5.478634714248751],[106.52245481277991,-5.4792594984361465],[106.52349861391527,-5.479616081863044],[106.52467719371542,-5.479443745037282],[106.52601489355814,-5.478148375198463],[106.52745866161922,-5.476037774814963]]],[[[106.43813091926533,-5.464300177738607],[106.437772172314,-5.4645929298208085],[106.43786674809547,-5.465084245052832],[106.43839619411177,-5.465385007076288],[106.43913306157307,-5.465071556003872],[106.43852071238908,-5.464327307196837],[106.43813091926533,-5.464300177738607]]],[[[106.54598203511442,-5.462730318217516],[106.54557681873406,-5.462542784591393],[106.54494889087498,-5.462867673740373],[106.54481936262907,-5.463772891696387],[106.54597436510824,-5.463742020060344],[106.54598203511442,-5.462730318217516]]],[[[106.55723687704781,-5.460928284989878],[106.55719471424092,-5.460696117293098],[106.55664557723718,-5.460986917337745],[106.55632691676401,-5.460712219664457],[106.55624356955529,-5.4611511181661445],[106.55518017577553,-5.460963487958868],[106.55503243678208,-5.461375136103509],[106.55362982496717,-5.4612811492190465],[106.55329907995686,-5.461657104171859],[106.55333124032545,-5.462826868000813],[106.55278987516901,-5.463984217041715],[106.55298023161646,-5.464817027958438],[106.55363505527895,-5.46533534278652],[106.55484271862798,-5.465594955434594],[106.55714825424093,-5.464351050375808],[106.55777020876904,-5.462123471945386],[106.5582379378024,-5.461667759774141],[106.55723687704781,-5.460928284989878]]],[[[106.57263521362212,-5.456523932322417],[106.57183742663356,-5.455763071112132],[106.57042168703141,-5.455372882769275],[106.56671715918395,-5.457034482174155],[106.56616129334026,-5.458638135764226],[106.56659984317676,-5.460067383581778],[106.56812550508539,-5.459785630203724],[106.56965342631655,-5.458828297270109],[106.56984639259333,-5.45897333336364],[106.57225376225084,-5.457434170289003],[106.5720641440628,-5.456917336186077],[106.57219104767952,-5.4566254547967485],[106.57282654176508,-5.4568207307360845],[106.57263521362212,-5.456523932322417]]],[[[106.5647521132019,-5.4523857848409705],[106.56434284587925,-5.452769671559479],[106.5646140443969,-5.452797648398018],[106.5647521132019,-5.4523857848409705]]],[[[106.49280854279125,-5.42214495773311],[106.49390785520761,-5.421202692227445],[106.4945418439847,-5.419146110405674],[106.49359431575566,-5.418686112325991],[106.4921659606137,-5.418516464595123],[106.49100043731727,-5.418853651375401],[106.49012048664275,-5.419919939199976],[106.49043340709095,-5.422207440365439],[106.49170699765504,-5.423106587912527],[106.49280854279125,-5.42214495773311]]],[[[106.47110309973972,-5.41562999435748],[106.47209745131376,-5.41472557335382],[106.47319702721725,-5.412976894711847],[106.47255457192892,-5.412227365086058],[106.47138863586812,-5.412322542735333],[106.47042440623581,-5.412981895117989],[106.47019890607787,-5.414773388293866],[106.47044698422363,-5.4154381677554095],[106.47110309973972,-5.41562999435748]]],[[[106.4609158975709,-5.208420744133196],[106.46099436579824,-5.207272775895942],[106.46237344495042,-5.2065979303312115],[106.46227290916173,-5.206401717688293],[106.46087935874975,-5.206999875592245],[106.4609158975709,-5.208420744133196]]],[[[106.46293170541563,-5.202474270869292],[106.46061814140816,-5.203006541108617],[106.45949666933646,-5.203738959649189],[106.45934135711262,-5.206149663002728],[106.46049037226778,-5.207429015034567],[106.46042996330641,-5.20817115003156],[106.46064574361259,-5.207169921030008],[106.46037884573417,-5.206454524100044],[106.46188965011953,-5.2063905813653095],[106.46162235489021,-5.20603154582227],[106.46190445880994,-5.205720466772974],[106.46185944933843,-5.20447471795764],[106.46231373918431,-5.205443968317735],[106.46196689627654,-5.203985729826317],[106.46326967677437,-5.203109675857322],[106.46293170541563,-5.202474270869292]]]]}},{"type":"Feature","id":641,"properties":{"OBJECTID":641,"WADMKC":"Makasar","WADMKK":"Kota Adm. Jakarta Timur","KDCPUM":"31.75.08","KDPKAB":"31.75","LUASWH":139.96,"SRS_ID":"32748"},"geometry":{"type":"Polygon","coordinates":[[[106.89380004798754,-6.239871354073156],[106.88974855794233,-6.239454203947534],[106.8779506041927,-6.240064795634299],[106.8772283361419,-6.242995108592033],[106.87625055902859,-6.244133539439631],[106.87249189474133,-6.253817758780013],[106.87240593858155,-6.255633519071427],[106.8732284551888,-6.25962514266787],[106.87262237932863,-6.270298094219612],[106.87307681495984,-6.274889809331036],[106.87458729741304,-6.279232080624825],[106.88232042362657,-6.297994745932581],[106.88332698894656,-6.30202371507448],[106.88367957120387,-6.302114817736996],[106.88937640372924,-6.3020867471296125],[106.88942170318705,-6.302525453727665],[106.88972147325111,-6.302584259360013],[106.89257265556972,-6.302547188577468],[106.89213761341513,-6.298980278352548],[106.8925853856869,-6.298977504146514],[106.89280366615695,-6.297266789219702],[106.89062819158688,-6.296387951588881],[106.88962234274707,-6.2946774898748465],[106.88942667803994,-6.293356856841043],[106.88860064338124,-6.292037413708754],[106.88853744313607,-6.291093722436467],[106.88802242405926,-6.290621099759723],[106.896310808674,-6.2894293731630935],[106.89736033241844,-6.288650797992177],[106.89998170394743,-6.285353726585052],[106.90864585928527,-6.284365399442598],[106.90852400882704,-6.282858864736323],[106.90795151035479,-6.282342044436916],[106.90871103394223,-6.281633916922572],[106.90895088475669,-6.280872965559792],[106.90861395242244,-6.278954644661092],[106.90934356265858,-6.275932312927068],[106.90913226698979,-6.2745032081852665],[106.90926932388682,-6.273688004821801],[106.91004883578579,-6.272652938648841],[106.90977472174175,-6.2722831709214315],[106.90871395744175,-6.272862808138373],[106.90830992419654,-6.272004773554292],[106.907033583442,-6.272247479357624],[106.9065153368358,-6.271586464043818],[106.90607132762156,-6.271713527650174],[106.9057629501816,-6.2713751680170535],[106.90552595558843,-6.270330109057447],[106.90422819797502,-6.2702958454428],[106.90495631187312,-6.269155130720313],[106.90562018160753,-6.2688638855819],[106.90553737672289,-6.267768857566733],[106.90496345168161,-6.267757436435576],[106.90505339405912,-6.26642255872709],[106.90456655742715,-6.266122746682469],[106.90500056972124,-6.265543109950439],[106.90476214944982,-6.264716485423967],[106.90527325772261,-6.264418101053805],[106.90506767243151,-6.263340204000399],[106.9055045397885,-6.263206003050422],[106.90442623578055,-6.262180977890255],[106.90535653798976,-6.260236435217634],[106.91040949324919,-6.258042788065304],[106.91009000056631,-6.25539699929991],[106.91139052618128,-6.255466835776894],[106.91197559313328,-6.2550906721744575],[106.913049601191,-6.256102522686852],[106.91475394680613,-6.256208964623119],[106.91496681256746,-6.256941017796036],[106.91554299981401,-6.25695499906098],[106.91657485112084,-6.256184824722985],[106.91680882965935,-6.256307701416346],[106.91712918959254,-6.254838335743103],[106.91828962518603,-6.254845148050313],[106.91830400885573,-6.253896772995263],[106.91870079689788,-6.253813175353225],[106.91857706357575,-6.252578234170345],[106.91765057771744,-6.252321478920882],[106.91777384077858,-6.2519420314289595],[106.91906446482882,-6.251257571308322],[106.92043055701966,-6.251216943205251],[106.92068161792695,-6.253681621112814],[106.92108533298448,-6.253643033629755],[106.92176444402072,-6.255102806305324],[106.92221940842582,-6.254985347025848],[106.92144468158536,-6.251853080917658],[106.92170264502327,-6.251291044105235],[106.92099466885017,-6.250725120648518],[106.92118352468107,-6.2502638290749974],[106.92084007735419,-6.249407451844125],[106.92106399224663,-6.248236409795875],[106.92085966319681,-6.24785288804958],[106.91351947472393,-6.248334159602281],[106.90624138816963,-6.246561455132604],[106.89896909743383,-6.243908730982861],[106.89380004798754,-6.239871354073156]]]}}],"metadata":{"source":"Jakarta Satu Geoportal (DKI Jakarta Provincial Government)","service":"https://jakartasatu.jakarta.go.id/server/rest/services/Batas_Administrasi_Update/Batas_Administrasi_DKI_Jakarta_Update_View/MapServer/4","dataset":"Batas Administrasi Kecamatan","accessedAt":"2026-09-25T08:26:59.079Z","confidence":"High — official government GIS service, live-queried","featureCount":44}}