{"type":"FeatureCollection","features":[{"type":"Feature","id":1,"properties":{"OBJECTID":1,"WADMKK":"Kota Adm. Jakarta Pusat","KDPKAB":"31.71","LUASWH":4876.27,"SRS_ID":"32748"},"geometry":{"type":"Polygon","coordinates":[[[106.83302987102786,-6.14156273623422],[106.83164113401732,-6.140861703551828],[106.83085274475717,-6.139754528036562],[106.83070121589735,-6.135179227955995],[106.82132250687219,-6.136863626615943],[106.8229473936446,-6.141092812585953],[106.82591929605256,-6.146034780695108],[106.82661221774737,-6.147808301569871],[106.82730999580023,-6.152081401350645],[106.82750883783815,-6.159861852562072],[106.82827458261038,-6.162193012772888],[106.8205329436273,-6.15952540230257],[106.80450893456441,-6.1617965838584094],[106.80289420443039,-6.161272629169905],[106.80161764113687,-6.159839263256634],[106.80156746069885,-6.1590373773223765],[106.8012783122959,-6.15903429042943],[106.80042330384367,-6.160374964123862],[106.79832026101577,-6.161340632782427],[106.80028698508588,-6.1658840618471835],[106.80970906877701,-6.179623110782516],[106.81067249539639,-6.188696008866651],[106.81065670060605,-6.188904415120072],[106.8094307375986,-6.188695541814219],[106.80676906788058,-6.189125611156441],[106.80552118572618,-6.192837682580436],[106.80504748576375,-6.195813165392173],[106.80429515326878,-6.197368150876509],[106.80272168633822,-6.199067674564164],[106.80007140791973,-6.200422607298814],[106.79927605681227,-6.201960165658146],[106.79781631293365,-6.203062005763955],[106.79688687232417,-6.204719209561432],[106.79599237600436,-6.207594656751822],[106.79239697392349,-6.207784871257262],[106.79187530806743,-6.208718956270899],[106.79264773328077,-6.20947488589801],[106.79273749064349,-6.210282798128918],[106.79367110442038,-6.21090886541869],[106.79377383132204,-6.211354402635393],[106.79343601925534,-6.211664715704939],[106.79581457626222,-6.212365896411023],[106.7954634094034,-6.212860865895227],[106.79540946763989,-6.213873007562236],[106.79626001407566,-6.2156023186148275],[106.79611965634582,-6.21646723623726],[106.79704855924396,-6.217995651146589],[106.79606133276916,-6.223585328342969],[106.79642573758643,-6.2263474943457195],[106.79566944510997,-6.228345276156582],[106.79585693399589,-6.229264402039264],[106.79746320272146,-6.229293833441339],[106.79852609478542,-6.2287954749180665],[106.79946505144063,-6.229224927562054],[106.81845555356041,-6.214549993650398],[106.8198621528771,-6.212767817135705],[106.82157216175769,-6.209386642559158],[106.82273666461127,-6.202715799065153],[106.83081543988334,-6.204468525814141],[106.83737712242848,-6.205436398613735],[106.84605023427012,-6.20852391869789],[106.84725229532175,-6.208582833808559],[106.84904419657707,-6.207582752649815],[106.849408037084,-6.206160771003613],[106.84991691419505,-6.205621818872143],[106.85269795425515,-6.20595515009097],[106.85375124287168,-6.20658337126288],[106.85504946887765,-6.20582550802577],[106.85574901644756,-6.204261495636999],[106.85530860665159,-6.202580212597977],[106.852823345586,-6.201887682737572],[106.85152663562252,-6.20247689021282],[106.85111997376073,-6.201744186865201],[106.8545547993208,-6.198802104017548],[106.86177929360788,-6.193893476778549],[106.86335999097702,-6.19309485374992],[106.86579606057396,-6.192517867100334],[106.87226277132517,-6.191972932630112],[106.8751092426536,-6.1922967190457925],[106.87630011744295,-6.174893620592702],[106.87832578073609,-6.1676436886256925],[106.88140254164104,-6.162519530751778],[106.87684031494084,-6.163484817424197],[106.87181098460181,-6.160293080203221],[106.85668035241443,-6.1518348181221185],[106.85041786169556,-6.152761311631032],[106.84833602361203,-6.141737041863162],[106.84531067044927,-6.142327856651217],[106.8439699504351,-6.144893678129666],[106.83840989189497,-6.141781085887924],[106.83730694957086,-6.144542545826679],[106.83715277833252,-6.146050001287768],[106.83663060036194,-6.144466202404622],[106.83571221106253,-6.143106597800394],[106.83449620329439,-6.142134713335307],[106.83302987102786,-6.14156273623422]]]}},{"type":"Feature","id":3,"properties":{"OBJECTID":3,"WADMKK":"Kota Adm. Jakarta Barat","KDPKAB":"31.73","LUASWH":12533.57,"SRS_ID":"32748"},"geometry":{"type":"Polygon","coordinates":[[[106.69422984100528,-6.095626598771606],[106.69142678297258,-6.095814839970322],[106.69092686755175,-6.096458789137058],[106.68808533872308,-6.096959353834515],[106.68806074759084,-6.0971920020710115],[106.68804336616603,-6.0984416284068494],[106.68853947107087,-6.100015519388279],[106.68904713002874,-6.100238070838038],[106.68944502557764,-6.10182139155644],[106.68818732500209,-6.1031998170237065],[106.68877545272889,-6.104389426617425],[106.6884038558429,-6.105940918555162],[106.68881576544626,-6.108134448670416],[106.68918970242862,-6.108643211450171],[106.69109278135046,-6.108866756308351],[106.69143364856117,-6.107151563988565],[106.69301201541144,-6.10627454203452],[106.69475381242562,-6.107205709257503],[106.69527757481544,-6.109583370808964],[106.69642525741982,-6.110842976406296],[106.69680315155348,-6.110610563704507],[106.69683106399317,-6.1108146055499315],[106.69589851528406,-6.11194710864987],[106.6956281612627,-6.11389229890425],[106.69398818457626,-6.113423764424903],[106.69393169015652,-6.113700270840326],[106.69125349498164,-6.113719474190936],[106.6902549192226,-6.116947556648409],[106.689624822249,-6.1206674482253165],[106.68995500875747,-6.121050242681699],[106.68798988459044,-6.124482847043471],[106.68663329160256,-6.124821827037499],[106.68580472244946,-6.1284272160259725],[106.68640315466148,-6.136022943412292],[106.68666493899559,-6.136036475418567],[106.68676115254996,-6.1369871798390845],[106.68645114930898,-6.1440035750135005],[106.6872973107434,-6.143993727709169],[106.68772465679311,-6.153301504441879],[106.68734388555775,-6.154217829829923],[106.68776003044229,-6.154284700412759],[106.68803603156657,-6.159932460437576],[106.69093326414055,-6.159937637655007],[106.69093754678289,-6.1609047324243305],[106.6893045220372,-6.163998296396784],[106.68929585340823,-6.166835731016075],[106.68867061135127,-6.1669652788747165],[106.68811491516337,-6.168427478616909],[106.68702237000919,-6.168775456912547],[106.68680767392485,-6.172318196748124],[106.69113938404234,-6.173488724716418],[106.6910761996354,-6.174808550819621],[106.69273997263227,-6.175041133739702],[106.69451718559172,-6.175753215786943],[106.69587305441492,-6.175199506548359],[106.70024644233058,-6.176632107780775],[106.70124893144104,-6.177278453580188],[106.71388771616554,-6.181433024197234],[106.72152184137892,-6.184774504794378],[106.72296691114576,-6.184688088923352],[106.72439479792195,-6.18500742007059],[106.72405700757047,-6.185889528279675],[106.72261824343647,-6.1856214590989795],[106.72218032301956,-6.18658822604569],[106.7213714786512,-6.187064549822498],[106.72096554456175,-6.1868361915594035],[106.7188168572363,-6.187832189577369],[106.7179453012363,-6.187762437907952],[106.7167997931538,-6.189291321599331],[106.7167636689735,-6.189753553314267],[106.71582268295347,-6.190224539591922],[106.71495501959947,-6.18988642204761],[106.71482913744785,-6.191621346562465],[106.71381446156374,-6.191101279210705],[106.71344009510344,-6.191766390297544],[106.71589330224712,-6.192661608586141],[106.7167211749384,-6.192325264661321],[106.7180271900294,-6.192759372696174],[106.71961766040796,-6.191910322246046],[106.71987900073606,-6.1925069997552855],[106.72017837215944,-6.1924710990497545],[106.72187480855115,-6.191475919577358],[106.72368727480165,-6.191978427738715],[106.72412891912961,-6.191791579273319],[106.72471290094272,-6.194029592055934],[106.72386529472124,-6.196191513363468],[106.72447329227958,-6.196620173405727],[106.72349741265921,-6.19793021097175],[106.7239321930232,-6.198293809429862],[106.72339770782827,-6.199329521075121],[106.72353692020896,-6.20023751230174],[106.72450621193809,-6.202113186776531],[106.72437834602734,-6.207861897925906],[106.72401257157016,-6.207856132379705],[106.72382772472079,-6.208532874127149],[106.72356772370051,-6.208534418104095],[106.72308692779696,-6.212307047974006],[106.7198238956766,-6.212365517007415],[106.71970090557012,-6.214061552827173],[106.71919753629848,-6.214571580913667],[106.71881252762219,-6.216561542917047],[106.71883683775664,-6.218564435384735],[106.71832083282611,-6.2186012464315805],[106.71782919117801,-6.220189276240802],[106.71808947924654,-6.2230442856452175],[106.71986771942672,-6.223092437997686],[106.7204332512898,-6.224235971271676],[106.72833775382647,-6.224323792602509],[106.73208381457866,-6.223916765805477],[106.73764772639578,-6.22381788318753],[106.74426226542438,-6.223003524373447],[106.74535924358595,-6.2232582192538235],[106.75022746242975,-6.22271305471686],[106.75792901379906,-6.222982610310055],[106.75838652442584,-6.2229185438970385],[106.7584004419823,-6.222594442830437],[106.76420131014231,-6.222335438608748],[106.76591927963374,-6.22247004568087],[106.76556187309397,-6.223178754786878],[106.76684859044768,-6.225087262310558],[106.76586491208654,-6.226951630063877],[106.76495297714472,-6.227001695948426],[106.76565925957733,-6.22737839280029],[106.77843039320197,-6.2269054910314035],[106.77845229366179,-6.217751355970834],[106.7771931615945,-6.216930426310864],[106.77707712658021,-6.216534992445041],[106.77760727021469,-6.215188735909897],[106.77767730440861,-6.213745444699164],[106.77800704000143,-6.2135114674437055],[106.7826198943852,-6.213268353443081],[106.7833310228126,-6.212748631039735],[106.7835961712528,-6.2117674214156935],[106.78318275270833,-6.206814246914873],[106.7871602608895,-6.206971608401137],[106.78904681918137,-6.208466232662614],[106.79072103027194,-6.207471554695793],[106.7924370174281,-6.207792398658823],[106.79615248455981,-6.207487100974845],[106.79682557190402,-6.204884307084568],[106.79781631293365,-6.203062005763955],[106.79927605681227,-6.201960165658146],[106.80007140791973,-6.200422607298814],[106.80272168633822,-6.199067674564164],[106.80436100309268,-6.197248645844516],[106.80504748576375,-6.195813165392173],[106.80554470203873,-6.192740574561954],[106.80685744718673,-6.1890199232384004],[106.80952001635673,-6.188695872250015],[106.8106491995798,-6.188933196392818],[106.80970906877701,-6.179623110782516],[106.80030224514707,-6.165907964923004],[106.79832026101577,-6.161340632782427],[106.80042330384367,-6.160374964123862],[106.80156746069885,-6.1590373773223765],[106.80164046602282,-6.160143043594735],[106.80199112454972,-6.160130940813525],[106.80313499803495,-6.161434620892808],[106.80450893456441,-6.1617965838584094],[106.82045246827369,-6.159532399549031],[106.82827423640735,-6.162275021615972],[106.82752370243452,-6.159982524253257],[106.82731445439671,-6.152136774017438],[106.82662475133772,-6.1478554259192695],[106.82587682144862,-6.145956833965866],[106.8229182092014,-6.141034138723772],[106.82162071165182,-6.13721927297603],[106.82013879637354,-6.136323563401075],[106.81686505363714,-6.1370878064074645],[106.81507147175165,-6.13031654366362],[106.81324503523136,-6.130112548154004],[106.8025103646534,-6.132881823633571],[106.80123478440328,-6.133603114876873],[106.80052782192418,-6.134588023686992],[106.80021600924422,-6.135840394594225],[106.80056177576657,-6.141863558651958],[106.79207707958292,-6.142795234244212],[106.7904932359769,-6.142285952317199],[106.78938819530616,-6.142429437070472],[106.78786878669034,-6.143172674560667],[106.77726339368151,-6.1440635238569525],[106.77494022219314,-6.145400592613364],[106.77558066561733,-6.141847106105996],[106.77516445270345,-6.14153853678427],[106.7726617167118,-6.1414486892327185],[106.76835239010278,-6.140696141967997],[106.75628548338996,-6.136591249049013],[106.75080913272004,-6.134362052231085],[106.7447742910666,-6.1299876959366815],[106.73882302537709,-6.126952575964625],[106.7335391414439,-6.123274166221281],[106.72732403838114,-6.117443365176547],[106.71732958381347,-6.1047591367089495],[106.71447277855152,-6.099102319329417],[106.71296655384278,-6.09739955037615],[106.71261139333352,-6.097518943951841],[106.71146590077728,-6.09647440336657],[106.71081302538373,-6.096769544714627],[106.7104463611099,-6.096405698337849],[106.7068940026063,-6.095925543993634],[106.7031286247808,-6.096851002012263],[106.70249515478432,-6.0960670792936416],[106.70172519001815,-6.09633866645145],[106.7001179661152,-6.096006400856342],[106.69766757722103,-6.0964253658590675],[106.69422984100528,-6.095626598771606]],[[106.80231072391449,-6.153940923554572],[106.80231073926923,-6.153940922598546],[106.80231093597303,-6.1539419237734],[106.80231072391449,-6.153940923554572]]]}},{"type":"Feature","id":4,"properties":{"OBJECTID":4,"WADMKK":"Kota Adm. Jakarta Selatan","KDPKAB":"31.74","LUASWH":14472.98,"SRS_ID":"32748"},"geometry":{"type":"Polygon","coordinates":[[[106.8466487376177,-6.208638886260311],[106.83745036155871,-6.205456071407756],[106.83081543720547,-6.204464347648212],[106.82280662022697,-6.202680544151929],[106.82157215914441,-6.209382465276725],[106.81913090043021,-6.213793443280558],[106.80879762104448,-6.222247793314536],[106.80503225279442,-6.224764426244321],[106.79947744196353,-6.2292061840166575],[106.79852609140615,-6.228791297588712],[106.79758965123132,-6.229291434120285],[106.7957737850741,-6.229077103250783],[106.79593310928688,-6.228687567577085],[106.79566944175433,-6.22834109882064],[106.79642573422935,-6.226343317011199],[106.79605523223651,-6.223681910013445],[106.79704099968406,-6.217878102655305],[106.79612963436404,-6.216483350221351],[106.79628906803569,-6.215665835832145],[106.79534101469598,-6.213563323099583],[106.79584800442291,-6.212492226386259],[106.7945916427102,-6.211846971444859],[106.7934760592563,-6.211730898616394],[106.79371451127524,-6.210987986704104],[106.79272373298987,-6.210240629031808],[106.79260655789761,-6.209379318709779],[106.79189006299211,-6.208871206296117],[106.79223853426534,-6.207750910224332],[106.79054189548549,-6.207474121894999],[106.78898336848432,-6.2084541745623145],[106.78735246803599,-6.20701280095129],[106.78478499163819,-6.206752015085732],[106.78347689547637,-6.2066714620553025],[106.78316300444214,-6.206901732766784],[106.78359702638471,-6.211971485194851],[106.78309627022463,-6.213005316796469],[106.7825452069275,-6.213286386190002],[106.7779390228328,-6.213517377203786],[106.77765532382925,-6.213861008952152],[106.77757489177509,-6.215306690570953],[106.77707554272945,-6.216496785496418],[106.77718774166215,-6.216920568895893],[106.77827600044442,-6.217449570565555],[106.7784617871932,-6.21783125498241],[106.77824502876544,-6.226896231052862],[106.76580837819638,-6.227425195312487],[106.7649490815712,-6.227136579837208],[106.76586490896977,-6.2269474526603315],[106.76684858732732,-6.22508308490892],[106.76557296460177,-6.223206505646634],[106.76556531817995,-6.222754670520221],[106.76592817892805,-6.2225004396135635],[106.76473963425401,-6.22238583768691],[106.75839977800933,-6.222557799386433],[106.75840161085068,-6.2228918837827925],[106.75685846171393,-6.222971058720484],[106.75035019134843,-6.222706928780878],[106.74547459583158,-6.22324617811426],[106.7442622624872,-6.222999346921166],[106.73745505744604,-6.223871378644037],[106.73774252296927,-6.2253623339691755],[106.73955945636692,-6.2253683107993645],[106.73977733207184,-6.226192972419294],[106.7403851646492,-6.226222977476658],[106.7403290288714,-6.227659492521959],[106.74147991666155,-6.227772325178401],[106.74266170569395,-6.227286951375601],[106.74330808947254,-6.2275599428667885],[106.74325527764374,-6.228762298201123],[106.74441299345636,-6.229021602426954],[106.7440445484641,-6.23052990955394],[106.74544956915025,-6.2308244677290805],[106.74540441267781,-6.2317499061160655],[106.74446565744876,-6.232409697715355],[106.74478380170291,-6.233730444662247],[106.74401441330905,-6.2363624889795135],[106.74683081442832,-6.23638457162139],[106.74742908016621,-6.2387040925144595],[106.74863563387305,-6.240840399306749],[106.74726161574914,-6.242713658299444],[106.74665805326985,-6.247307490405916],[106.74722738702303,-6.248739978273726],[106.74811421599198,-6.249415871139995],[106.74813999069185,-6.2499779987454325],[106.75175128038262,-6.250034358998479],[106.75192905228613,-6.250908133157853],[106.75261571867766,-6.251712068476491],[106.75356579250686,-6.251634138997586],[106.7536207419443,-6.25287799560647],[106.75423810866171,-6.254296413440164],[106.7541757870246,-6.255155149662614],[106.75492580161952,-6.256190082440651],[106.75486877731826,-6.257012655990553],[106.75449803600875,-6.256963055637878],[106.75439569482309,-6.259430543467826],[106.75390659155656,-6.2597342171594486],[106.75259144919137,-6.259675808578994],[106.75161101686591,-6.260513426905756],[106.75147733409209,-6.261650257135431],[106.75351461578946,-6.262277436005772],[106.75623623892689,-6.261616488921843],[106.75649228365641,-6.262335291024367],[106.75245290291582,-6.264730188569739],[106.75277055300135,-6.265785822678622],[106.75260053544854,-6.267774007459492],[106.7523172451722,-6.2680007385363705],[106.7531802194799,-6.268852745876082],[106.75063433580256,-6.271492126201654],[106.75152818991135,-6.272415832564084],[106.75152525005495,-6.274513656341035],[106.75683937563693,-6.274338867948138],[106.75720408798401,-6.275261702003264],[106.75717437124851,-6.277595151854209],[106.75956649850355,-6.278147909403504],[106.7620889709343,-6.277836828215943],[106.76148579153556,-6.281748152025011],[106.76015859164424,-6.286250729386807],[106.76155552275604,-6.286826770782024],[106.76296872508902,-6.286875834597142],[106.76309714176273,-6.2887988688386995],[106.76620670789444,-6.288845785053653],[106.76696832827851,-6.291355194575175],[106.76813958049175,-6.291794417293406],[106.76758530038555,-6.292271775545214],[106.768297139381,-6.293313034915708],[106.76713956404427,-6.295183552946724],[106.76844811894465,-6.295920754769278],[106.77006078256987,-6.295556434283237],[106.7698166230818,-6.297590770198214],[106.77023245354188,-6.297708977936599],[106.7706734392848,-6.297312742573816],[106.77099456633934,-6.2985885741981065],[106.77140790893193,-6.299042537483597],[106.77320526623495,-6.298146474860173],[106.77384194934963,-6.298700533480389],[106.77393693892918,-6.299213371635567],[106.77361391569693,-6.299509168198815],[106.77248433208815,-6.299186011686372],[106.7715811023134,-6.2993505636788845],[106.77155986651584,-6.2995974282709755],[106.77239826986097,-6.3000580998470825],[106.77316777921698,-6.301353339294629],[106.77127159560474,-6.301679781531379],[106.77088105871253,-6.302132644989395],[106.77162594967618,-6.303218637068313],[106.77341547096172,-6.30300322394294],[106.7735333818456,-6.303400551641237],[106.77295799162577,-6.304703353273346],[106.77365676106346,-6.304527529667274],[106.7743849174008,-6.303325883833137],[106.77483605743461,-6.303279491184826],[106.77551944457794,-6.303854320368003],[106.77555297047137,-6.30437532367359],[106.7748022988271,-6.304777820033027],[106.7754466846123,-6.306187112220666],[106.7743501929144,-6.306298504590682],[106.77392752404623,-6.306808318539181],[106.77497879625362,-6.30833883718753],[106.77328549837254,-6.309609560205694],[106.77525166302996,-6.310356455201838],[106.77534499590102,-6.310556497634169],[106.77445088843092,-6.3112981838243],[106.7746241787941,-6.312158842059097],[106.7755488782019,-6.311623390024875],[106.77652916879296,-6.311792300935474],[106.77675359060034,-6.315198837505703],[106.77918250022537,-6.315751185205431],[106.78012004932907,-6.316579232910039],[106.7827623333308,-6.315898426409881],[106.7832502757356,-6.3165483226965256],[106.78421166574918,-6.3164455442120815],[106.78476157587266,-6.3155464094105564],[106.78535633187043,-6.315795191590832],[106.78761894179522,-6.3157102242132925],[106.78953022710726,-6.3162269050094855],[106.79018333167117,-6.314933044421762],[106.79077035954658,-6.314753571760103],[106.79271222028747,-6.315819710247228],[106.79312568153948,-6.315429305652158],[106.79592419249596,-6.315152586332223],[106.80080523671873,-6.315080714484063],[106.8012404165529,-6.315319357499003],[106.80916968732868,-6.31483552612583],[106.8091362926899,-6.315910808065546],[106.80860078200261,-6.316132929343356],[106.80878922853326,-6.316705320106905],[106.80772725181433,-6.317538902698062],[106.80814115379503,-6.318859960599346],[106.80730132356335,-6.31945005892412],[106.80754808660959,-6.320028284664431],[106.80734934348497,-6.320899784079161],[106.8064945041217,-6.321308842614307],[106.80723005958052,-6.321892918754819],[106.80719648928687,-6.322512575430116],[106.8059640024951,-6.322830776422169],[106.80621921925699,-6.323800795951369],[106.80501419724166,-6.323646491395026],[106.8045614279258,-6.324948884521257],[106.80408607143838,-6.325322892071403],[106.80415929030613,-6.326970617243286],[106.80338505526503,-6.327783036738113],[106.80354816549477,-6.329796937254037],[106.80310108651972,-6.330462264582465],[106.80135447919174,-6.331525054718206],[106.80185214158432,-6.332443590800438],[106.80182130991346,-6.333349968897645],[106.80113498997787,-6.3336367002773635],[106.79914099601177,-6.333089613690612],[106.79904318170274,-6.333326194053519],[106.79871059926833,-6.338258961295652],[106.80012681040097,-6.340230493263474],[106.80015664167635,-6.341027883683619],[106.79959360271124,-6.341345826100671],[106.79980546215708,-6.34188383568612],[106.79933341495692,-6.342604438133579],[106.7994920823934,-6.343028181065314],[106.79905058698567,-6.3432243990485935],[106.79885924397233,-6.344071347534489],[106.79840430607403,-6.344219085361606],[106.79823655559554,-6.34464766713509],[106.79747501899914,-6.3448327244723846],[106.79680299356166,-6.346442432882706],[106.7963104030807,-6.346606175891183],[106.79539543883716,-6.345969400541851],[106.79253405348132,-6.348032092063547],[106.79240543050797,-6.348442918249358],[106.79402412541594,-6.350839735287549],[106.79396643164924,-6.351252042791115],[106.7930625791591,-6.351522611482065],[106.7924977734705,-6.352418700869001],[106.7932900780253,-6.353345973081589],[106.79319906626077,-6.35382176329641],[106.79402307168864,-6.354408016956357],[106.79309277183064,-6.355063151972236],[106.79322729016316,-6.356783657899424],[106.79248621624643,-6.358575997064375],[106.79259097921472,-6.359272008266325],[106.79359742071053,-6.35996712694624],[106.79369493849212,-6.362357660458156],[106.79311680364715,-6.362747791419808],[106.79301404400589,-6.363394705349475],[106.79364367544476,-6.3637964737844275],[106.79378449296456,-6.364257884665647],[106.79490910481472,-6.364549047982417],[106.80023315395553,-6.364416235732592],[106.80034785987284,-6.3647387985713495],[106.80076910178838,-6.364677521949533],[106.80071724789623,-6.364378662054443],[106.80331200259218,-6.363598088256792],[106.80554841153688,-6.363448176676913],[106.81035843882206,-6.363968172126066],[106.81132362669655,-6.362185510121735],[106.8118029213992,-6.362485857635578],[106.81261055324272,-6.360733322358823],[106.8135612593556,-6.3601561665711515],[106.81360562246681,-6.359169185366193],[106.81503824445947,-6.359424320108774],[106.81540063892895,-6.357075604454442],[106.81598139151461,-6.356107853146816],[106.81829950317164,-6.356581155875744],[106.81942335538018,-6.355730929201707],[106.81980791879005,-6.35609437061083],[106.82023282414227,-6.355870556495314],[106.82097640412175,-6.356172203226304],[106.82147942905495,-6.355636972460684],[106.82392452939902,-6.356099312528312],[106.82406999738525,-6.355641822036009],[106.82811194132606,-6.35602221102412],[106.82920610791892,-6.355656932598337],[106.83623388548507,-6.355071377849045],[106.8355115831166,-6.3518935312592735],[106.83884476201173,-6.3520461643123225],[106.83929766853898,-6.35164983074422],[106.83907238379382,-6.350493371150646],[106.83805183169156,-6.349273948577004],[106.83809485861659,-6.3479221641258246],[106.83767303824978,-6.346969744626668],[106.83921562752178,-6.34621967308715],[106.8397913001124,-6.344202142826295],[106.83959805302644,-6.343649617203528],[106.83867913753944,-6.343273106166833],[106.8376340352491,-6.343554913638081],[106.83674751670642,-6.344730271306587],[106.83580271709523,-6.344640920003833],[106.83549571830129,-6.344037959004327],[106.83681902272062,-6.342134403604229],[106.83804136611143,-6.341262872179658],[106.83963284573747,-6.342504194582357],[106.84077214554154,-6.3424545094449964],[106.8407218181515,-6.34110982311502],[106.84034110565209,-6.340791209161654],[106.83941469204194,-6.340827390924013],[106.83926053535131,-6.340340512816748],[106.84034210650296,-6.338545464456155],[106.84044152012581,-6.336236572714441],[106.8397399050542,-6.335102839216597],[106.84001531500196,-6.332431666762218],[106.84027885052734,-6.332136325328844],[106.84242535636564,-6.332179187928408],[106.84345180184722,-6.33163763989307],[106.84324741294928,-6.331259689476824],[106.8418424341979,-6.330866468991982],[106.8402399143076,-6.329181609249719],[106.8412646993115,-6.32673845471609],[106.84150106359705,-6.3266699900738645],[106.8421391015764,-6.327617540848799],[106.84290346260083,-6.327203168314406],[106.8432128295221,-6.326437518186334],[106.84302165134815,-6.325635241466907],[106.84143282776206,-6.3234588539154375],[106.84006949962306,-6.3227195598606825],[106.84005177556801,-6.322067549297978],[106.84091771624338,-6.321730526575838],[106.84087740633497,-6.321286608837596],[106.83886399156046,-6.321612025653946],[106.83832037612082,-6.321151657286798],[106.83842622858697,-6.320485184603996],[106.84011410006421,-6.318487101719288],[106.84231275173761,-6.318000734226715],[106.8437998643592,-6.318382172317499],[106.84433666618652,-6.316576308892103],[106.84632933096852,-6.316895379313681],[106.84713653326503,-6.315695763890605],[106.84818232923861,-6.315037119325865],[106.84896998300852,-6.315601376447308],[106.84859789772764,-6.316910899691236],[106.84800454118762,-6.317592989583882],[106.84695758168272,-6.317697069451829],[106.84690765998937,-6.318102604092574],[106.8492639445248,-6.318705305470368],[106.8495579272748,-6.3174480695269315],[106.85177338874995,-6.316060069842307],[106.85127429452633,-6.314304448194631],[106.85220308055104,-6.3126038906764474],[106.85240450700036,-6.311036889948612],[106.85285223227051,-6.3109884174713535],[106.85457886094386,-6.312280917773715],[106.85473615985691,-6.313524826824168],[106.85526411342045,-6.313868115882424],[106.85832114061485,-6.311274163579515],[106.85812642215525,-6.310602353895755],[106.85718471541263,-6.310642817721532],[106.8567725287511,-6.310134796148594],[106.85703603598807,-6.308835966720167],[106.85772763250318,-6.30769335825777],[106.85740284293334,-6.306394030614546],[106.85851513691355,-6.305781254498053],[106.85848216814637,-6.305327540863012],[106.85524586059411,-6.303671849490732],[106.85462765668132,-6.303078561773402],[106.85445709426519,-6.302465861081969],[106.85504420207616,-6.301329601129281],[106.85479674234536,-6.299571310467539],[106.85258888769594,-6.29988326090198],[106.85158708276276,-6.301100974304864],[106.84974994396072,-6.299518863484954],[106.8498045547645,-6.298738751474528],[106.85078115191924,-6.298801802541271],[106.85151175715181,-6.29935321506878],[106.85217831628822,-6.298817646451459],[106.85216019927263,-6.297839967306438],[106.85050256171851,-6.296790453896866],[106.850271052937,-6.296345717051853],[106.85049074377942,-6.29593197733555],[106.85163472963451,-6.295599981445642],[106.85432817272476,-6.29605929072592],[106.8543643210764,-6.294326574790023],[106.8540187786887,-6.293757036630765],[106.85337184094398,-6.293818753633012],[106.85243997749771,-6.294723663887136],[106.85223042119068,-6.294617521485275],[106.85258524610217,-6.293598227181718],[106.8543708469344,-6.291471256267106],[106.85454696661449,-6.290526583788334],[106.85377971351096,-6.290256809342765],[106.85181677816001,-6.291115456054733],[106.85124929853318,-6.292910214545116],[106.85016236554294,-6.292614143474944],[106.84938882040073,-6.290382478806503],[106.85086164352373,-6.289709711831891],[106.8512466065129,-6.28838296294306],[106.85037778601627,-6.287892055458386],[106.84945449740336,-6.288560137444557],[106.84854018089669,-6.288141259164497],[106.8477264316188,-6.2872069865270985],[106.84735433411748,-6.285754436173044],[106.84768321785585,-6.284887249298804],[106.84882155058216,-6.283672247288569],[106.84858715810913,-6.283339441744918],[106.84772696443859,-6.28336070207121],[106.84769546322977,-6.282749242889456],[106.85040455271793,-6.279640513315182],[106.84777464975282,-6.280013462927381],[106.84679027998844,-6.279104906287698],[106.84925188168911,-6.276606033295107],[106.85080718521901,-6.276722158657547],[106.85167562114914,-6.27622595257206],[106.85196615679801,-6.275069605768648],[106.85132575165734,-6.273595583073134],[106.85181205277883,-6.273213090324359],[106.8534207222609,-6.27324286301803],[106.85365659959335,-6.27190029448439],[106.85452660577695,-6.271976070945292],[106.85555033251825,-6.272609555918961],[106.8567864925127,-6.272523967502067],[106.85645960172836,-6.271631560021974],[106.85491175741615,-6.270585107512365],[106.85484794684977,-6.269863324965803],[106.8551458541114,-6.269573544290212],[106.85597490612986,-6.2705124845906735],[106.85657461581205,-6.270286488523812],[106.85581917559904,-6.268517590209025],[106.85536352573644,-6.2662725907620835],[106.85396057115746,-6.265174574117463],[106.85428572427789,-6.264663384833753],[106.85674052464397,-6.2642929201566995],[106.85715891691991,-6.263884906013012],[106.85427425416651,-6.262402518484812],[106.85516496536962,-6.261749413043061],[106.85671071831726,-6.262810885353711],[106.85907773021141,-6.262962599085865],[106.85956510338868,-6.261926389268364],[106.8605337879513,-6.2575127451359975],[106.8603947116959,-6.257079634153721],[106.85947320623474,-6.257021627706905],[106.85931748780305,-6.2566767654696225],[106.86046507225652,-6.255848209963717],[106.8607386790611,-6.2551322370664435],[106.86050315352324,-6.254704550700558],[106.85955626392999,-6.254341474324469],[106.85767235879868,-6.255223315062552],[106.85753153585627,-6.254056332924925],[106.85784089379891,-6.252851997995303],[106.8590767519692,-6.25143239781911],[106.86038112810571,-6.251044810779402],[106.86105125513743,-6.253853444575939],[106.86143150653733,-6.254099256340738],[106.86232568317516,-6.25384804298032],[106.86289573679758,-6.253140310352078],[106.86215020292255,-6.250935005810723],[106.86226077267742,-6.2504194298356985],[106.86401269052399,-6.249475194598202],[106.86200916541178,-6.246273117318004],[106.86252223894994,-6.244013255688365],[106.86251187317278,-6.241376413479677],[106.86287192359741,-6.239499299247421],[106.86362337640027,-6.237435342626942],[106.86465289716185,-6.236808513643976],[106.86529914037102,-6.236842611822025],[106.86641817830382,-6.2391771211615],[106.86679587654827,-6.239134175196463],[106.86689485412059,-6.238730731641405],[106.86635322460195,-6.236690054331308],[106.86521169012606,-6.235157080188798],[106.86543157463545,-6.234820290607842],[106.86633887763728,-6.234740946819809],[106.86632967630996,-6.234087377497056],[106.86526646754476,-6.232475519106667],[106.86347632401447,-6.231264302305102],[106.86330497985796,-6.230800129173098],[106.86485050422569,-6.2283991494760755],[106.86480108137371,-6.22716495846688],[106.8636659992992,-6.224711451738566],[106.86516422309187,-6.224381672767487],[106.8654194342286,-6.2237067653662015],[106.86357961643341,-6.221148552612481],[106.8629382349005,-6.219665705167346],[106.86157065587878,-6.219998201995518],[106.86143832863097,-6.220435976641363],[106.86181361261778,-6.2212697669934265],[106.86152721737963,-6.221641126693622],[106.86086193060362,-6.221798490650478],[106.86007223110427,-6.2213165040573575],[106.8612650194261,-6.219060687800398],[106.86353456428903,-6.216295578714189],[106.86265015631434,-6.216178410103097],[106.86023413549653,-6.217323745777135],[106.85865767818731,-6.216285775306252],[106.85774739218989,-6.217587474828378],[106.8572507128524,-6.217565509136261],[106.85627791745245,-6.216278365330365],[106.85713387704818,-6.214118574318416],[106.85825629222212,-6.213670629883847],[106.85743671837214,-6.212215062474986],[106.85454889483664,-6.211160615006283],[106.85306676156178,-6.209788527595901],[106.85093721109602,-6.208917756474625],[106.84939819277083,-6.207643987109807],[106.8487166025986,-6.207639358298778],[106.84740699109376,-6.208516797148005],[106.8466487376177,-6.208638886260311]],[[106.8235258591178,-6.250284115019495],[106.823524907936,-6.250288105723469],[106.82352366462823,-6.250292016969269],[106.8235258591178,-6.250284115019495]],[[106.82352032298783,-6.250299505169896],[106.82351824258218,-6.250303040470536],[106.82351590500087,-6.250306413007836],[106.82352032298783,-6.250299505169896]]]}},{"type":"Feature","id":5,"properties":{"OBJECTID":5,"WADMKK":"Kota Adm. Jakarta Timur","KDPKAB":"31.75","LUASWH":18495.52,"SRS_ID":"32748"},"geometry":{"type":"MultiPolygon","coordinates":[[[[106.94048345675132,-6.155226052615237],[106.94015736717502,-6.151368204119249],[106.93890160543413,-6.1524780405489565],[106.93572803392091,-6.158486565259794],[106.93340247641677,-6.1583513853261165],[106.93312861877561,-6.159027325440978],[106.92975782721575,-6.159618121047901],[106.92848859577151,-6.160118972426171],[106.92861273380474,-6.160386893346371],[106.92197746415117,-6.1613436627347475],[106.92206617443962,-6.162236026443491],[106.92108684402278,-6.1675222818829365],[106.92026482214312,-6.1698894807189895],[106.92118051479993,-6.1759469561464755],[106.92187991426175,-6.178100385364068],[106.92194383996653,-6.179918203650482],[106.92163899235591,-6.180502544588741],[106.92246078802462,-6.1830787830633245],[106.91365384018867,-6.182428159667103],[106.91193710621326,-6.182688220041633],[106.91003807735471,-6.182304594888135],[106.90705389362664,-6.1807127454175905],[106.90142060316778,-6.178569783407391],[106.89646649957734,-6.177977985246371],[106.89100384858975,-6.173132129949936],[106.88137265784191,-6.167271784883945],[106.87890340401533,-6.166419499835577],[106.87800991716006,-6.168539631025256],[106.87614773310617,-6.1756877000105925],[106.8751329870008,-6.192162102227749],[106.87241967276915,-6.191962010160949],[106.86542277542043,-6.192558354002372],[106.86317624296137,-6.193159281860863],[106.86183211531501,-6.193863275204435],[106.85464843342479,-6.198736047603827],[106.85107257393308,-6.201615365753676],[106.85145612789604,-6.202441089566392],[106.85268231787592,-6.201886020439089],[106.85536296993105,-6.202642203913563],[106.85574391105675,-6.2043260786015075],[106.85502039219378,-6.205854093629106],[106.85357838624967,-6.206564601307167],[106.85262155817148,-6.205931283585534],[106.85122872922706,-6.20594026693054],[106.85007570757222,-6.205557297299198],[106.84930643960504,-6.206456325743742],[106.84907947632124,-6.207515633706868],[106.85072409935364,-6.208777217631004],[106.85283185566531,-6.209639285904956],[106.85454889771732,-6.211164793115662],[106.85694358800004,-6.211845562203144],[106.85764712464965,-6.212449263422558],[106.85825629513796,-6.213674807984112],[106.85714804241671,-6.214107137600824],[106.8562779203588,-6.216282543434919],[106.85707359380642,-6.217447386760248],[106.85787214714094,-6.217485357420927],[106.85865768111249,-6.216289953405193],[106.86023413662964,-6.217327923878557],[106.8626501592708,-6.216182588192622],[106.86353456725274,-6.216299756801605],[106.86122914900007,-6.219118719004358],[106.86009086085622,-6.221382182343304],[106.86069083978983,-6.221775515833156],[106.86159401840969,-6.221616042321462],[106.86181234194866,-6.221192151557333],[106.86149849893788,-6.220109503738715],[106.86185780938685,-6.219744657604756],[106.86285830592887,-6.219647268314551],[106.86367363298461,-6.221295475947599],[106.86531296326815,-6.223350214366891],[106.86539869534208,-6.22404297120005],[106.8650917353361,-6.224433360750873],[106.86362524202664,-6.224795385413802],[106.86475283221543,-6.227007413869077],[106.86486336833248,-6.2282394341201135],[106.86330498285412,-6.2308043072588495],[106.86357847121276,-6.231355941691176],[106.86519927378333,-6.232405297086842],[106.86625576310163,-6.233961037966009],[106.86628758891767,-6.23479108016346],[106.86536831497658,-6.234833573204345],[106.86523229955358,-6.235239711929861],[106.86638469559564,-6.23675099844971],[106.86689032558668,-6.238805496659896],[106.86676021762572,-6.239193501861017],[106.86637022210553,-6.239139606045393],[106.86540690557483,-6.237009418984467],[106.86480659497786,-6.236778659703063],[106.86357955999983,-6.23750000358399],[106.86285301927586,-6.239586809576566],[106.86252466631473,-6.241232196307988],[106.86252097966336,-6.244066239961559],[106.86199314897395,-6.246189431233692],[106.8640035759471,-6.249355596588435],[106.86216785131954,-6.250673312736762],[106.86287658186131,-6.252934425609496],[106.86270922468339,-6.253590564690646],[106.86120028890183,-6.254034390437526],[106.86061999711438,-6.251415312597927],[106.86014880255978,-6.250995596108243],[106.85888363935607,-6.251583280956461],[106.8577895552719,-6.25301766359223],[106.8575234314514,-6.254205917174959],[106.85778739501276,-6.255307798568325],[106.85955626695197,-6.25434565241551],[106.86050315655362,-6.254708728789327],[106.86073156742509,-6.255109822944898],[106.8605254009353,-6.255788492947681],[106.8592840944079,-6.25681790118787],[106.86034245315477,-6.257030207397235],[106.86053363378275,-6.257435976616244],[106.85916339597267,-6.262882792265503],[106.85662558680899,-6.262787089923931],[106.85532483312173,-6.261768263735995],[106.85429286110531,-6.262240384267551],[106.85455728179173,-6.262767611649502],[106.8571695885537,-6.263939732433919],[106.85686989617977,-6.264260757075375],[106.85457489389145,-6.264563422367788],[106.85396961857862,-6.264976188902788],[106.85405589640901,-6.265361945732596],[106.85536027722146,-6.266267685449294],[106.85579167277812,-6.268427711314425],[106.85658019938458,-6.270202818912327],[106.85613149630034,-6.270591532841236],[106.85506964491191,-6.269592109642426],[106.85489368700361,-6.270516185185639],[106.85651488765058,-6.271700044753621],[106.85675516297435,-6.272599654241868],[106.85548020583879,-6.272596946282556],[106.85445136698577,-6.271945907839689],[106.85359542577412,-6.2719580307128835],[106.8533592106318,-6.273296586907923],[106.85195740135998,-6.273191110853722],[106.85132575465914,-6.273599761180632],[106.85196615980836,-6.275073783874416],[106.85167562415988,-6.276230130678334],[106.85080718822398,-6.276726336765788],[106.84925188378104,-6.276610212314373],[106.84679028296696,-6.279109084405002],[106.84777465274134,-6.280017641042239],[106.85040455572657,-6.279644691423924],[106.84764886177588,-6.282824869640651],[106.84785823371237,-6.283452221231677],[106.8485323269061,-6.2833390975702565],[106.84883497538227,-6.283612590381863],[106.84769830083322,-6.2848644382847105],[106.84735260060219,-6.285715408786395],[106.84747491032529,-6.286674252805179],[106.848468003687,-6.288097262163007],[106.84937455542844,-6.288559887810851],[106.85027920686797,-6.287914728152354],[106.85119957605329,-6.288320638630168],[106.8509129007123,-6.289653387431945],[106.8493919601242,-6.290345832964772],[106.85021077808064,-6.292678765792263],[106.85110890637247,-6.2929890964105875],[106.85189040171866,-6.291084403949293],[106.8538599178645,-6.290243110671491],[106.8545201072468,-6.290451327618092],[106.8543419506613,-6.2915323152948295],[106.85262905357197,-6.293541315071322],[106.85221596398524,-6.2945476189933425],[106.8525764116273,-6.294660011703979],[106.85329455962787,-6.293864418440838],[106.85401878175934,-6.293761214728869],[106.85436432415115,-6.29433075288721],[106.8543281758033,-6.296063468822927],[106.8516347326904,-6.295604159549054],[106.85049074682054,-6.295936153633307],[106.85027105598375,-6.296349895158373],[106.85050256476816,-6.296794632002757],[106.8521602032352,-6.297844143596792],[106.85217831935603,-6.2988218245531025],[106.85160057221951,-6.29937172080657],[106.85086027677069,-6.298834456725861],[106.84988070183923,-6.2987172337649],[106.84974994701075,-6.2995230415921935],[106.85158708583121,-6.301105152407565],[106.85198433744266,-6.300973283760368],[106.8524739306444,-6.299948123819145],[106.8547146778215,-6.29949566395181],[106.85504373620049,-6.301307585680113],[106.8544570973598,-6.302470039177708],[106.85465793521409,-6.303126973808478],[106.85848217127996,-6.305331718948828],[106.85853598729481,-6.305726137946284],[106.8574028460608,-6.3063982087027455],[106.85770911179276,-6.307860163965837],[106.85700533004554,-6.308924784630298],[106.85677175626854,-6.310223648406225],[106.85706290589624,-6.310608015378774],[106.85817915270576,-6.310649985568222],[106.85836286678146,-6.311104347426852],[106.85602686092507,-6.313426348829882],[106.85508491421972,-6.313869266318847],[106.85473613794623,-6.313532381124947],[106.85463642314184,-6.312350337262971],[106.85253006557042,-6.310937840442511],[106.85217539415233,-6.3126844483190565],[106.85126348636611,-6.3143691953911985],[106.85175179669251,-6.316114992867286],[106.84951950027293,-6.317490192548693],[106.84912941273943,-6.31875289675998],[106.84686419533318,-6.31797341655745],[106.84709062095251,-6.317604700113679],[106.84814308367112,-6.317530206273265],[106.84857403913418,-6.3169689455700775],[106.84898033816441,-6.315675234739417],[106.84826263457143,-6.315034958904849],[106.8470873844221,-6.315745870568446],[106.84627481122153,-6.316931399226773],[106.84474408531489,-6.316470161801008],[106.84427141967195,-6.316637065617015],[106.84404260922085,-6.318096373555588],[106.8436855427651,-6.318445453824447],[106.8421967816363,-6.3180149677692095],[106.84037787481509,-6.318360796360143],[106.83945406742782,-6.319082317931799],[106.8384712726897,-6.3203857463492925],[106.83836012330741,-6.321240386113095],[106.8391632121546,-6.321675704421716],[106.84048265136255,-6.321230919366446],[106.84093075244998,-6.321356941921066],[106.84087446269085,-6.321777556949949],[106.8400249359625,-6.322142593081558],[106.83999344632316,-6.322606966931594],[106.84149529279179,-6.32352777117354],[106.84297052336754,-6.325548704704007],[106.84321109443333,-6.326337565695483],[106.84251119274332,-6.327597324975875],[106.84202115054839,-6.327576742041233],[106.84133065058803,-6.3266851864118605],[106.84021250403605,-6.329333887817365],[106.84179279722542,-6.330823682034727],[106.84346031154998,-6.3315483780226804],[106.84228693459615,-6.332213065429919],[106.84018227871648,-6.3321536397542095],[106.83975802559864,-6.33534529943284],[106.84011683584274,-6.335898182661622],[106.84148000043548,-6.335951944067924],[106.84177046743788,-6.336713194392335],[106.84359517001484,-6.336767117880806],[106.84375295408842,-6.337033390207836],[106.84901241741069,-6.336942895385954],[106.8489767685708,-6.337696586685611],[106.84798027761308,-6.338017500047967],[106.84944417478363,-6.338523238858223],[106.84934676957312,-6.339370444000146],[106.8506652643895,-6.340998452625577],[106.85165667467702,-6.341421929682229],[106.85200678326215,-6.3427890959681985],[106.85391521541615,-6.342889923098064],[106.85398196555026,-6.343415913556055],[106.85469965475109,-6.343932137407551],[106.85475603606787,-6.344651930430948],[106.85398345717127,-6.345258005375742],[106.8542005808117,-6.3465134595982615],[106.85599562141543,-6.347516017845736],[106.85650837256087,-6.347478295639814],[106.85674006210188,-6.347075567605537],[106.85780531501094,-6.348083666333072],[106.85753777793363,-6.350180278424772],[106.85715789686081,-6.350576314587719],[106.85827517234199,-6.350809784547906],[106.8582974439357,-6.350295920552334],[106.85913314557641,-6.350300096568714],[106.85927696404849,-6.351397618890738],[106.8601319439349,-6.351888888759449],[106.86061616769697,-6.352781500407934],[106.86126585431197,-6.352808684121515],[106.8619541010919,-6.353810133625491],[106.86212777815797,-6.3540788893893145],[106.8606917373109,-6.354922236288691],[106.86056104714547,-6.355408377852052],[106.86223068713286,-6.357182581777884],[106.86276388880229,-6.356273610865157],[106.86604083287494,-6.356053888618617],[106.86784772775916,-6.354461900955861],[106.86780482008076,-6.353780532588657],[106.86836565933525,-6.353013766386661],[106.86929881443412,-6.354375322632335],[106.87040563496659,-6.352773679670372],[106.87132130855208,-6.352884641800757],[106.87162106191319,-6.353178076796819],[106.87101423396759,-6.353395963161013],[106.87105093871516,-6.353627876884869],[106.8720916806981,-6.353798743760257],[106.87245215091109,-6.35507155490648],[106.87295893823617,-6.354924732927837],[106.87335385212096,-6.355691206780109],[106.87427056609359,-6.35594624543962],[106.87298759794814,-6.357558467039822],[106.87199198742965,-6.357973398796058],[106.8722700459065,-6.3588193756174345],[106.87135817991545,-6.359906355620058],[106.8714665408119,-6.360116479173388],[106.87270926602442,-6.361255459989267],[106.87364536940662,-6.360919547178943],[106.8739480167002,-6.36129642107649],[106.87654941492428,-6.361916133422767],[106.87732208804597,-6.361351154641818],[106.87895665156617,-6.361086853567385],[106.8786970326021,-6.361365295130545],[106.87904253133154,-6.361689379858422],[106.87833011694957,-6.361987991107556],[106.87796258958757,-6.363238677845946],[106.87825557921073,-6.363919970694914],[106.87884328903284,-6.363894604774024],[106.8796072727123,-6.364721325392365],[106.88024164692777,-6.364289428647585],[106.88066023372701,-6.364551926443271],[106.88088406232109,-6.365228758726783],[106.88064919404724,-6.366195918691998],[106.8811241612471,-6.366614021717286],[106.8822596282119,-6.366197226295189],[106.88207651971705,-6.365160870905852],[106.88243057855533,-6.364879691954112],[106.8836455558515,-6.364977222382721],[106.88325149826576,-6.365934362597525],[106.88376764562003,-6.366636676993554],[106.88388644888336,-6.367741442826528],[106.88313934366985,-6.368268612589412],[106.88266749969397,-6.369855818561922],[106.88363051044651,-6.370340314344218],[106.8831123661675,-6.37159537321915],[106.88392890766006,-6.372076215865602],[106.88478499997579,-6.372007222019002],[106.88468221373257,-6.372489009968245],[106.88739602843543,-6.37261188837959],[106.88901710188401,-6.3679495219954685],[106.88961496099104,-6.3686243266787725],[106.89327980722277,-6.370046021337292],[106.8962122262042,-6.371704282190106],[106.89613502568169,-6.3693173814197905],[106.89681027782258,-6.369847500125321],[106.89755431056604,-6.368840157702822],[106.901275640191,-6.370207186586505],[106.90163192815501,-6.369274201658952],[106.90113056466424,-6.3691236260539235],[106.9005891189121,-6.369617454037852],[106.90006099099975,-6.369270818391667],[106.90017805698622,-6.368939999763677],[106.90216784464604,-6.366978637417567],[106.90515073697712,-6.362992563740042],[106.9057027720518,-6.360664499575744],[106.90629256275018,-6.3596794210083125],[106.9067230839435,-6.359971600315567],[106.9071859746596,-6.35970247477454],[106.90689790888305,-6.36062003683854],[106.90766238929325,-6.361150178445662],[106.90859472236654,-6.361178610423792],[106.9092011110133,-6.361755000408632],[106.90870244244934,-6.361915939419212],[106.90877513344098,-6.362337736281673],[106.91007230960446,-6.3630879676465355],[106.91032463706028,-6.3636645242566745],[106.91311233088886,-6.3646905345738105],[106.9142665630417,-6.36554481073265],[106.91503112663604,-6.363971853890041],[106.91492908874457,-6.3631975917256876],[106.91617782941256,-6.362938706051443],[106.91472073744394,-6.361639981937521],[106.914776802925,-6.361183616570813],[106.91540688376911,-6.36089046629081],[106.91547925385755,-6.360482778284953],[106.91438057530408,-6.360260718288153],[106.91420830173274,-6.359896184321093],[106.91447251041913,-6.359226866302625],[106.91364770157621,-6.358715020118405],[106.91467467691393,-6.358376184853651],[106.91475067618279,-6.357573581056325],[106.91601161806858,-6.356383290900054],[106.9171299945859,-6.356521442776104],[106.91676593704,-6.355674830918216],[106.91542106640742,-6.354969558787959],[106.9159880912689,-6.354599076142643],[106.91614882796293,-6.353784182919451],[106.91678600676602,-6.353661279172556],[106.9172688046505,-6.353039119828765],[106.91667219387801,-6.352540922776707],[106.91681771191126,-6.351846253162842],[106.91652571892892,-6.351343559095284],[106.91782464236645,-6.350382613724949],[106.91693924540812,-6.349199308255807],[106.91611690299538,-6.348889501691912],[106.91623254483892,-6.348461770438084],[106.917240635732,-6.347935750765997],[106.91668098635364,-6.346869276620831],[106.91629694142168,-6.346882125154262],[106.9159043301033,-6.346329614970903],[106.91726633371188,-6.346128311986054],[106.91697508655082,-6.345799946608334],[106.91733567524186,-6.343792580813304],[106.91809295831399,-6.343905420429222],[106.919483514586,-6.343538506700534],[106.91926798541164,-6.342908768622071],[106.91854938829081,-6.342409082209735],[106.91891296985126,-6.341539151142645],[106.91953543787668,-6.341618149225436],[106.91969724062426,-6.341282168619506],[106.91895059008631,-6.339949831585533],[106.91835046572663,-6.339862106981349],[106.91825069661462,-6.33923274386454],[106.9195534520513,-6.338706644234555],[106.91909357358975,-6.337294029865536],[106.9196827276285,-6.336673466098284],[106.91949427442592,-6.335202959729896],[106.91979116799735,-6.333571156772645],[106.92060875033613,-6.3330086527383305],[106.92095424880695,-6.330854764603748],[106.9205211861637,-6.330426462417468],[106.9200669526835,-6.327737610890353],[106.9192417560018,-6.327267905117672],[106.91831938359394,-6.32725168935582],[106.91922883362903,-6.326349216055246],[106.9190044551903,-6.325316092925999],[106.9205626928687,-6.325039220877219],[106.92141358775356,-6.324303967203016],[106.92161917411843,-6.323635814421249],[106.92137075830148,-6.322119621379336],[106.9205555546026,-6.321265870604075],[106.9211865876085,-6.319251418891443],[106.92071973655246,-6.318511882552124],[106.92084537330344,-6.3180350394197635],[106.9214649850855,-6.318072158926638],[106.92200179126208,-6.3176138746703465],[106.92222451043415,-6.316278996315585],[106.92192041332098,-6.315680799235144],[106.92281128521145,-6.31414319289741],[106.92236229664849,-6.314015826054648],[106.92174051468756,-6.3124551923086845],[106.92062408433796,-6.312035942427041],[106.92121286272722,-6.3094091346273915],[106.92064692602322,-6.3083211277458044],[106.92115660655833,-6.3078542773771655],[106.92093817197171,-6.307356018162974],[106.92156206557522,-6.307218960955221],[106.92146926759784,-6.305598548701382],[106.92176765168864,-6.304928967006964],[106.92140787789668,-6.304606312958978],[106.92176336919049,-6.3033628066952865],[106.9213450600962,-6.3032286044476775],[106.92061123417498,-6.301621040556257],[106.92107522923416,-6.301239375888221],[106.92066976881985,-6.300156245785075],[106.92027192255252,-6.300076291584514],[106.91925541718261,-6.300687339589948],[106.91898701393957,-6.300394189577091],[106.91919077492157,-6.299028967556792],[106.91789730032453,-6.299634302203624],[106.9176474565615,-6.298016745160217],[106.91700214842629,-6.298202342620019],[106.91509905386711,-6.297071622816194],[106.91467360595837,-6.297180126620594],[106.9144623099897,-6.2980467262643955],[106.91358571716417,-6.298229468718508],[106.91368708138747,-6.298841941806218],[106.91340440227273,-6.298957582951027],[106.91184109664128,-6.298061002272081],[106.91184537930239,-6.296390621319517],[106.91112659680904,-6.295954244608194],[106.91244500382199,-6.294578899206853],[106.91139137796648,-6.29460031500789],[106.91033632509895,-6.294200565705337],[106.91025066463197,-6.293573815558075],[106.91037454901071,-6.293009245102663],[106.91095736439549,-6.29310839306969],[106.91172595055778,-6.291949472026181],[106.91122576689142,-6.291499401444983],[106.9111843644508,-6.292310321419495],[106.91074749599831,-6.292204673174187],[106.91048194821241,-6.291348067293061],[106.91177113995514,-6.290380101964349],[106.91146667004904,-6.290206088344511],[106.9108696489382,-6.290821137366768],[106.9105747470957,-6.290520014810417],[106.91076034533742,-6.289841868298914],[106.91050621829426,-6.289826164391166],[106.90971814060318,-6.2907684307069065],[106.90941547384303,-6.29062423456311],[106.91008068167166,-6.289621409932917],[106.90970041384523,-6.288552439115753],[106.91013300038448,-6.287895707587436],[106.91001164807545,-6.287454555734266],[106.91049893672438,-6.287044162090407],[106.90949911129509,-6.28651799973949],[106.91009017016054,-6.28595692341513],[106.9090551049504,-6.2856128523152615],[106.90852400882704,-6.282858864736323],[106.90795151035479,-6.282342044436916],[106.90871103394223,-6.281633916922572],[106.90895088475669,-6.280872965559792],[106.90861395242244,-6.278954644661092],[106.90934356265858,-6.275932312927068],[106.90913226698979,-6.2745032081852665],[106.90926932388682,-6.273688004821801],[106.91004883578579,-6.272652938648841],[106.90977472174175,-6.2722831709214315],[106.90871395744175,-6.272862808138373],[106.90830992419654,-6.272004773554292],[106.907033583442,-6.272247479357624],[106.9065153368358,-6.271586464043818],[106.90607132762156,-6.271713527650174],[106.9057629501816,-6.2713751680170535],[106.90552595558843,-6.270330109057447],[106.90422819797502,-6.2702958454428],[106.90495631187312,-6.269155130720313],[106.90562018160753,-6.2688638855819],[106.90553737672289,-6.267768857566733],[106.90496345168161,-6.267757436435576],[106.90505339405912,-6.26642255872709],[106.90456655742715,-6.266122746682469],[106.90500056972124,-6.265543109950439],[106.90476214944982,-6.264716485423967],[106.90527325772261,-6.264418101053805],[106.90506767243151,-6.263340204000399],[106.9055045397885,-6.263206003050422],[106.90442236190528,-6.261978201421436],[106.90535653798976,-6.260236435217634],[106.91040949324919,-6.258042788065304],[106.91009000056631,-6.25539699929991],[106.91139052618128,-6.255466835776894],[106.91197559313328,-6.2550906721744575],[106.913049601191,-6.256102522686852],[106.91475394680613,-6.256208964623119],[106.91496681256746,-6.256941017796036],[106.91554299981401,-6.25695499906098],[106.91657485112084,-6.256184824722985],[106.91680882965935,-6.256307701416346],[106.91712918959254,-6.254838335743103],[106.91828962518603,-6.254845148050313],[106.91830400885573,-6.253896772995263],[106.91870079689788,-6.253813175353225],[106.91857706357575,-6.252578234170345],[106.91765057771744,-6.252321478920882],[106.91777384077858,-6.2519420314289595],[106.91906446482882,-6.251257571308322],[106.92043055701966,-6.251216943205251],[106.92050611035715,-6.253213582761087],[106.92068161792695,-6.253681621112814],[106.92108533298448,-6.253643033629755],[106.92176444402072,-6.255102806305324],[106.92525944422226,-6.254318749691703],[106.92558509822744,-6.254757354362238],[106.92566718999663,-6.254394486295668],[106.92681095641181,-6.254515283839493],[106.92721083283018,-6.25409486025673],[106.93095761718766,-6.254275415548721],[106.93115392295032,-6.253604407620646],[106.93470947957834,-6.253664957166135],[106.9347840491197,-6.253341855058746],[106.93576498101146,-6.253504847356709],[106.93608422836711,-6.253162759717937],[106.94074142499362,-6.253574398112805],[106.94121540214789,-6.253184329644365],[106.94159346287113,-6.253285852571937],[106.94191304716855,-6.2526784783134834],[106.94343049841999,-6.252765812327987],[106.94400252170348,-6.2523963287554745],[106.94374478562811,-6.249396336108933],[106.9443919997774,-6.246857928376937],[106.94406000022899,-6.24659152844334],[106.94400695822961,-6.245338114300019],[106.94498913523982,-6.2454984520977455],[106.94491450009693,-6.243798961952511],[106.9437076368647,-6.243834177940249],[106.94362704463774,-6.239248834587029],[106.94322916672917,-6.238726944604018],[106.94284539262688,-6.238707502584488],[106.94268358830509,-6.237728596964796],[106.94451653502125,-6.236680016351685],[106.9454680915677,-6.236863423003684],[106.94699574474738,-6.230289566590017],[106.9468777234219,-6.2282632194271],[106.94720894431543,-6.226522404278568],[106.94862918574833,-6.222378758424631],[106.95091230565696,-6.219339151665084],[106.9514928938308,-6.2194438494296955],[106.95158704955067,-6.219019796389392],[106.95378991979952,-6.219205569126339],[106.95363397801495,-6.21829380338488],[106.9539849472808,-6.217579963841181],[106.95498432243488,-6.217412211792509],[106.95703541765812,-6.218149845391773],[106.95761124558402,-6.217767940866269],[106.95823823386694,-6.216578210799731],[106.9590124744418,-6.212445483407246],[106.96029666937686,-6.212287725067217],[106.96032079638012,-6.21177804618506],[106.96119471938857,-6.211709891738063],[106.96282073385517,-6.212170664789081],[106.96297896832242,-6.211115372548543],[106.96504672007863,-6.208004227418691],[106.96621535204667,-6.206971097186126],[106.96632861428246,-6.206279150939504],[106.96586319142274,-6.205843232823143],[106.96631433714819,-6.205291198250351],[106.96572327906193,-6.204973303010783],[106.96651230959066,-6.2031287437985805],[106.96624009842107,-6.2028841353455215],[106.96644760142296,-6.202308737960668],[106.96611685738489,-6.201199670931042],[106.9675638003918,-6.19864553726914],[106.96870550096104,-6.19860502699819],[106.9697595129589,-6.197939250110012],[106.97047277575398,-6.197900157582481],[106.97005303907824,-6.195417429675651],[106.97040353361497,-6.19526291871599],[106.97063703505815,-6.192121590763434],[106.97125859566519,-6.192618659177489],[106.97140629706875,-6.192461158723917],[106.971990943231,-6.191553319331226],[106.97220075207932,-6.189929693048152],[106.97198897942181,-6.1896051308898645],[106.9730040593306,-6.189441712876365],[106.9732106557248,-6.18558329644192],[106.97247200134571,-6.185359999234982],[106.97319900011628,-6.182832999903723],[106.9731324024308,-6.179863202010612],[106.97339100020609,-6.179230998727718],[106.97290846524199,-6.179037598289426],[106.97315800241648,-6.176780999407512],[106.97281399955088,-6.173725998920238],[106.97257399995698,-6.173676999569413],[106.97302500010548,-6.173217000016806],[106.97253900026159,-6.172929999866766],[106.97201800140952,-6.1707369996141335],[106.97262499998853,-6.169387999231455],[106.97158100037112,-6.168940999358555],[106.97205899988248,-6.1679809996385995],[106.97161399987189,-6.167772000028189],[106.97179000025137,-6.1670990002782675],[106.97153756467581,-6.1669683284460595],[106.97214400060939,-6.165402000422019],[106.97175299986449,-6.165344000220196],[106.97203899959098,-6.1621820004264425],[106.9718320006875,-6.162155000308476],[106.97178899987034,-6.16045199969911],[106.97148500143362,-6.160467999776237],[106.97151744840303,-6.154285192685622],[106.97066255756285,-6.154262831355055],[106.97085449374364,-6.157323948754514],[106.96918827477009,-6.157220035154318],[106.96913982406487,-6.155721214671556],[106.96793432022723,-6.155833239773618],[106.96751145143035,-6.155207519271853],[106.96336636374014,-6.15632088001181],[106.96097667669304,-6.155874289263812],[106.96098352703017,-6.158181503169535],[106.959926393435,-6.158496286908432],[106.95992140507401,-6.158765418805628],[106.9586468865528,-6.158883386856914],[106.95860835604935,-6.159376583086559],[106.95687174639725,-6.158328055440039],[106.95427096885734,-6.157656027189251],[106.95311298041463,-6.158441919733633],[106.95264633830719,-6.1600041800959335],[106.95322896283265,-6.160305145674665],[106.95315172890913,-6.1606683301111245],[106.952699802949,-6.1618774296581496],[106.952042529111,-6.161619119261241],[106.95169615337248,-6.163290750564045],[106.94445918108438,-6.162936611206372],[106.94470424603391,-6.157977113186203],[106.94433113194486,-6.155017813413412],[106.94048345675132,-6.155226052615237]]],[[[106.90680414627093,-6.180609538572622],[106.9065909480536,-6.180529079586722],[106.90684582457968,-6.180625394933754],[106.90680414627093,-6.180609538572622]]]]}},{"type":"Feature","id":321,"properties":{"OBJECTID":321,"WADMKK":"Kab. Adm. Kep. Seribu","KDPKAB":"31.01","LUASWH":1095.14,"SRS_ID":"32748"},"geometry":{"type":"MultiPolygon","coordinates":[[[[106.48007915791462,-5.793167031969197],[106.4788617038532,-5.793255560640499],[106.47865298429797,-5.793526901426495],[106.48405186571061,-5.795843225005345],[106.48749387685046,-5.796126106957868],[106.49261085895102,-5.7976150665878725],[106.49078114899726,-5.797015062107769],[106.4915349043955,-5.796952472225688],[106.49313968917727,-5.797460400922474],[106.49378044098174,-5.7979868283390195],[106.49321434031047,-5.797820542955793],[106.49351905572678,-5.797954456308412],[106.49719913416956,-5.7990380729213085],[106.49678460364149,-5.799532903987306],[106.49789644826461,-5.7999284637452275],[106.49829420909688,-5.799998249177787],[106.4974271634032,-5.799585714983982],[106.49754153085634,-5.799098540739427],[106.4988528331992,-5.799163835643675],[106.50093242879655,-5.799892070875033],[106.50135992106482,-5.800759991369155],[106.50174612219573,-5.800295144621956],[106.50327512824435,-5.800840369980645],[106.50259827455976,-5.800516041138292],[106.50278996134764,-5.800456529937968],[106.50393364068238,-5.801086671119858],[106.503781152022,-5.800908810062868],[106.50420402916411,-5.800860027006943],[106.50965515720871,-5.802815417045111],[106.51139789842647,-5.802906579919951],[106.51167995156617,-5.80320587055294],[106.51164663015919,-5.804545696211306],[106.51178043568368,-5.803623576968974],[106.51143403031132,-5.802748886122238],[106.51177092796466,-5.802561662702696],[106.5093426299303,-5.801688694699948],[106.50890423811813,-5.8018998510126085],[106.5065515998923,-5.801472134998763],[106.50363306563521,-5.800152892238015],[106.50244442363099,-5.79937491237294],[106.50215510312265,-5.7988110505977275],[106.50116897410557,-5.798627394800409],[106.5004334496517,-5.797933990616195],[106.50085137512053,-5.797543025127392],[106.50100675068596,-5.796549018552289],[106.50065422407182,-5.796613790566079],[106.50067528867008,-5.797430070443457],[106.50035311294117,-5.797722611340361],[106.4996918277796,-5.797121348552735],[106.50039121721316,-5.796393375360514],[106.49951723280866,-5.796959295025182],[106.49876282220723,-5.796566889804906],[106.49856251096199,-5.796747964672958],[106.49718875601101,-5.795614579930515],[106.49628045619728,-5.795319116768213],[106.49523347159915,-5.795214330767283],[106.49406207993083,-5.795936632414618],[106.49143807202827,-5.796212165235638],[106.48269734669698,-5.793324111442623],[106.48007915791462,-5.793167031969197]]],[[[106.73588396664998,-6.038562012779194],[106.73569187598149,-6.037502560875108],[106.73542068694722,-6.040184090892132],[106.73622711398946,-6.039982528003819],[106.73650106064314,-6.039356392889142],[106.73588396664998,-6.038562012779194]]],[[[106.74671167310139,-6.034214873786521],[106.74589984434375,-6.034352557787628],[106.74557851635406,-6.035161084678655],[106.74622202487308,-6.0372180794254495],[106.74663238996867,-6.037312129810193],[106.74772449040718,-6.03686281095467],[106.74799365732244,-6.03512426814611],[106.74761779610279,-6.034365315697031],[106.74671167310139,-6.034214873786521]]],[[[106.73528225281689,-6.032174097076883],[106.73442052798721,-6.032052629742478],[106.73354902465377,-6.032544374002308],[106.7333746568314,-6.0334554171378265],[106.73362887971402,-6.034198524750336],[106.7345415437503,-6.034763337846146],[106.73533789009059,-6.0344297325781024],[106.73518187070337,-6.034976582097358],[106.73595497069368,-6.034726359675355],[106.73662278509765,-6.03313463861207],[106.73578038424556,-6.032250445050379],[106.73528225281689,-6.032174097076883]]],[[[106.74561267759829,-6.026023212407964],[106.74519089695863,-6.024952468810077],[106.74487637605904,-6.026487076908265],[106.7453258980046,-6.026691592982928],[106.74561267759829,-6.026023212407964]]],[[[106.8317824047984,-6.0068578169403795],[106.83184535862559,-6.006255038266072],[106.83162631366748,-6.006354451251745],[106.8317824047984,-6.0068578169403795]]],[[[106.78217606756219,-6.003305411453073],[106.78193409499852,-6.002975638226893],[106.78094480523436,-6.00285975016276],[106.77980292417314,-6.002863442778418],[106.77951853490866,-6.003201027790352],[106.78051313304127,-6.004787219229491],[106.7815407762759,-6.005563114226286],[106.78270847201374,-6.0042512447732355],[106.78217606756219,-6.003305411453073]]],[[[106.84713503573556,-5.985050318255572],[106.84776500883538,-5.984444088908269],[106.84737602723673,-5.983936309590016],[106.84678321412999,-5.984233264148477],[106.84713503573556,-5.985050318255572]]],[[[106.70579200420889,-5.974985770916107],[106.70527948165783,-5.975303153069766],[106.70438635091811,-5.9750704155985845],[106.7032268766021,-5.975372504938878],[106.70240379276724,-5.976758674808263],[106.70588222998977,-5.979341955773564],[106.70841496071563,-5.980338354552242],[106.71058432376893,-5.979255315320588],[106.7102758051122,-5.978991152382031],[106.71067134591867,-5.978186746735924],[106.7113526186438,-5.978447637816984],[106.71031439491212,-5.980080246702145],[106.71122256111659,-5.979117181773427],[106.71142030800236,-5.978475326197578],[106.71028736655403,-5.976060504898763],[106.70801822541924,-5.9752009718488805],[106.70743723502373,-5.9754853142748185],[106.70579200420889,-5.974985770916107]]],[[[106.6909508140916,-5.97076136978105],[106.68972405116408,-5.970777008375705],[106.6891363244101,-5.971919150081934],[106.6892380357001,-5.974999264766015],[106.689872874212,-5.975309041836955],[106.69177117978285,-5.97761510241323],[106.6935348640953,-5.977693261996703],[106.69496253973576,-5.97837140869074],[106.6952388403462,-5.977230549911285],[106.69478821612043,-5.974180562639958],[106.69543611157653,-5.9732412734433815],[106.69503166497006,-5.972114041447556],[106.69416667034957,-5.971723889384668],[106.69422361245189,-5.971440877423616],[106.6935562797336,-5.971846927412349],[106.69286212184915,-5.971282728613117],[106.69153214761752,-5.9712355340934105],[106.69134029218137,-5.9708135117720085],[106.6909508140916,-5.97076136978105]]],[[[106.84546216163037,-5.955259876043681],[106.84364378111437,-5.954659708188544],[106.84265869798696,-5.954886019630985],[106.8419410766258,-5.955493263926782],[106.84137385896102,-5.956646543862145],[106.84231990041329,-5.958068516652164],[106.84330991710931,-5.958482831658054],[106.84502454434188,-5.9602671397521325],[106.84574089764578,-5.960468871260237],[106.8463530761432,-5.959390704687767],[106.84645344464617,-5.957836477624215],[106.84711703283328,-5.95749275061549],[106.84724934028714,-5.956951757949774],[106.8470193250117,-5.956432241885098],[106.84546216163037,-5.955259876043681]]],[[[106.52209057168275,-5.954664758664035],[106.52177977411758,-5.9543255380638],[106.52090372132606,-5.954199834259903],[106.51980812937065,-5.955125394780463],[106.5200154579727,-5.956320161635216],[106.5193439967207,-5.957011119844697],[106.51973343970839,-5.957925860330126],[106.51935073982818,-5.959463246850743],[106.5195632058971,-5.96010701164155],[106.52176350867491,-5.959800869647794],[106.52275519900151,-5.95880115197468],[106.52240496472513,-5.95664994992616],[106.52270512343773,-5.955987949924441],[106.52254089900062,-5.954830723247261],[106.52209057168275,-5.954664758664035]]],[[[106.63117708927726,-5.94236461194057],[106.62853513618984,-5.942771638680933],[106.62794745281664,-5.943094241331349],[106.62788490265335,-5.943564216011808],[106.62914439029903,-5.9445848719512355],[106.63212812215777,-5.9456502517964145],[106.63355062706668,-5.944059329564782],[106.6335641373646,-5.943148443794778],[106.63222152481951,-5.942485899698808],[106.63117708927726,-5.94236461194057]]],[[[106.59219803413193,-5.933690893035951],[106.59204931023156,-5.93354696274067],[106.59149551027487,-5.935302209059627],[106.59002394707534,-5.936164007554595],[106.59136453031098,-5.93564691342135],[106.59178670912645,-5.935879163962451],[106.59272566272432,-5.938235362889976],[106.59261464763078,-5.939425055270636],[106.59330591929591,-5.938898749207003],[106.59441705414402,-5.939182842411354],[106.5953520373403,-5.940750251678893],[106.59663851602147,-5.940295431166776],[106.59678893081364,-5.939392935049363],[106.59652618084509,-5.940092052066042],[106.59544078324907,-5.940486647708824],[106.59467899732445,-5.939013213706242],[106.59609957188253,-5.938280600969218],[106.59701956770287,-5.9390570050312075],[106.59727163239612,-5.940033591357681],[106.59851286834682,-5.9388043678528275],[106.59851762673176,-5.938209503969297],[106.59786565475467,-5.938204745392172],[106.59743191560321,-5.937786188376753],[106.59778682844585,-5.9375570501739405],[106.59763181367823,-5.937143591962493],[106.5968754533103,-5.936946432343736],[106.59714370401292,-5.936831399196774],[106.59673028373844,-5.936323777047644],[106.59641851671778,-5.936628192230016],[106.59578519040686,-5.936522677119548],[106.59395659317113,-5.934811667230087],[106.59362498474106,-5.935088772584313],[106.59284082772486,-5.934547206188308],[106.59193309890797,-5.93463534724705],[106.59219803413193,-5.933690893035951]]],[[[106.58365575112299,-5.92527703165094],[106.58335353977034,-5.925831666004636],[106.58190122916714,-5.926126554752042],[106.58240091511242,-5.926754734017539],[106.5819930001956,-5.927404536015361],[106.58270977706916,-5.92795037801466],[106.58236780784634,-5.928737627388916],[106.58317065821608,-5.92944390178371],[106.58270174596309,-5.928836828336258],[106.58282985917751,-5.928322216231919],[106.58304309234158,-5.928389805997659],[106.58381463436234,-5.929060857090777],[106.58353077505559,-5.9296146391842806],[106.58387569569575,-5.929287020894833],[106.58495385067668,-5.929767430321035],[106.58473765499868,-5.929405723083207],[106.58559639775794,-5.930017233915475],[106.58667460642914,-5.931515282058509],[106.58706473382193,-5.933823750101173],[106.58760284341533,-5.934169805610786],[106.58759729771161,-5.935039352662621],[106.58800437476043,-5.934945160795454],[106.58816855821561,-5.934704835154846],[106.58768200499883,-5.934070488866243],[106.58882863782613,-5.93364766975169],[106.58931170323226,-5.934175316614772],[106.58878938440883,-5.933531855877586],[106.5896488593109,-5.93246673330563],[106.58902577205114,-5.932543049644164],[106.58875485283949,-5.9321692263315535],[106.58812767581718,-5.932087965996101],[106.5875308970759,-5.929997001781038],[106.5866473592164,-5.9288377775820456],[106.58709051898242,-5.927972603708226],[106.58683255927684,-5.927624688201847],[106.58719914964517,-5.927541601436795],[106.58519050394585,-5.926541552666445],[106.58490105402817,-5.926009750938401],[106.58365575112299,-5.92527703165094]]],[[[106.59923810797679,-5.863004610317631],[106.59933939277359,-5.8625705597388045],[106.5991048560257,-5.862502544219436],[106.59866414929763,-5.863582327747588],[106.59777774400852,-5.863672060410419],[106.59826079558407,-5.866291452246232],[106.59893097901423,-5.866196248738916],[106.59907427425276,-5.865790929367197],[106.59923810797679,-5.863004610317631]]],[[[106.58263997216787,-5.862126671146947],[106.58216437723367,-5.861951670753083],[106.5818383549644,-5.862196182082874],[106.58235940482766,-5.86259901388652],[106.58407527215869,-5.862516010911368],[106.58263997216787,-5.862126671146947]]],[[[106.60053186198843,-5.855596258244883],[106.59980104761348,-5.855560229155443],[106.59961985763071,-5.856554827715978],[106.60066713002453,-5.856991387752073],[106.60118767874953,-5.857814766806772],[106.6019118924397,-5.857659596770902],[106.60140454238025,-5.856246300888432],[106.60053186198843,-5.855596258244883]]],[[[106.62897926206458,-5.854209296319245],[106.62470745918915,-5.854818582164139],[106.62178604123568,-5.854729785861774],[106.62152350122855,-5.8552457386052685],[106.62080420818815,-5.855578321848165],[106.61776600355229,-5.856188804645473],[106.61611995915399,-5.856897351434687],[106.61472366468091,-5.8568447990095045],[106.61463306594067,-5.858503461959545],[106.61332507624896,-5.8608692611337965],[106.6119681969308,-5.8620121869577035],[106.61055629136696,-5.862630077175115],[106.61001468943765,-5.863530949155353],[106.60914529423118,-5.8639513392596205],[106.61034285966598,-5.863977992410717],[106.612676807866,-5.862847360553457],[106.61488433241763,-5.860956838561515],[106.61815953644097,-5.859321051783272],[106.61924652713766,-5.859785025787797],[106.62005608033056,-5.861390808551136],[106.61941050183549,-5.859412254136279],[106.6185796454393,-5.859265559798585],[106.61867949861409,-5.858997370905471],[106.61958567322198,-5.8586132320008515],[106.62059204675236,-5.860995205425396],[106.62020175060562,-5.859932202921003],[106.62045447874368,-5.8598027965565915],[106.61988099655031,-5.858755980812022],[106.62038181709006,-5.85792160310851],[106.62143122232422,-5.857790569927836],[106.62379089855483,-5.856295755807324],[106.62744570573969,-5.855094641429165],[106.6303288193691,-5.854904283864002],[106.63122904792911,-5.8545513312808195],[106.63071620082879,-5.854179385090662],[106.62897926206458,-5.854209296319245]]],[[[106.62274496312087,-5.854320650249064],[106.62286441637305,-5.854013738562224],[106.62271830811723,-5.853962836271757],[106.62274496312087,-5.854320650249064]]],[[[106.6150716571729,-5.855025231835008],[106.61501823987102,-5.854485942245999],[106.61434210381002,-5.853625222231101],[106.61352288742312,-5.8546805976423935],[106.61463271307578,-5.855467351014427],[106.6150716571729,-5.855025231835008]]],[[[106.60544094305628,-5.853571597996361],[106.60489710074287,-5.853728614993464],[106.60512203604684,-5.855911287931214],[106.6054649732232,-5.855926473716972],[106.60557400743733,-5.856462279579711],[106.60334207686141,-5.857517277820343],[106.60349672363425,-5.857908721071649],[106.60325622466634,-5.858098731681782],[106.6023244146297,-5.858287058709154],[106.60223296788672,-5.859225645628204],[106.60293124524698,-5.859541766943718],[106.6029344014209,-5.859898532879984],[106.6018413702776,-5.860200615836452],[106.60162764979587,-5.8594606473266175],[106.60187939159017,-5.8588826002287275],[106.60136739407332,-5.858724124864308],[106.6012422298184,-5.859447210685729],[106.600969728923,-5.859517035434797],[106.60135406299365,-5.860682515266228],[106.60551948515,-5.859626289653924],[106.60563924115647,-5.858963343156866],[106.60585899367007,-5.859227132210545],[106.60759928698022,-5.859082567171431],[106.60865225973518,-5.858391252076037],[106.60899263169462,-5.855993818872722],[106.6058349085822,-5.856229382007663],[106.60620784782236,-5.855853735565426],[106.60525305000701,-5.855819300419981],[106.60544094305628,-5.853571597996361]]],[[[106.62190603594674,-5.852532401994932],[106.62141362000025,-5.8528416442040845],[106.6217283783241,-5.85334405995319],[106.622112826723,-5.85291612556097],[106.62190603594674,-5.852532401994932]]],[[[106.6208200058346,-5.852474392738569],[106.61963266559937,-5.853195754993919],[106.61928792379176,-5.8541159969728565],[106.61952016701679,-5.8547114498176756],[106.61994408037899,-5.854789857158548],[106.619739983788,-5.854003049908064],[106.62000810810449,-5.85319596836709],[106.62027317574201,-5.8534558515626625],[106.62119377719222,-5.852938044702217],[106.6208200058346,-5.852474392738569]]],[[[106.556924555738,-5.824148296145301],[106.55630803194208,-5.824360086882347],[106.55705238910193,-5.824179005121115],[106.556924555738,-5.824148296145301]]],[[[106.55593063756723,-5.824003819173451],[106.55590015801094,-5.823802863668411],[106.55527062581301,-5.824247449332185],[106.55517564099829,-5.8246716624472885],[106.55594195056763,-5.824435413697251],[106.55593063756723,-5.824003819173451]]],[[[106.55867926259415,-5.823698133757024],[106.55885630279226,-5.823597249759959],[106.55756443018501,-5.824010349444888],[106.55867926259415,-5.823698133757024]]],[[[106.55678189691677,-5.823535725397874],[106.55682342574192,-5.823468833848842],[106.55674178042136,-5.823504592321734],[106.55678189691677,-5.823535725397874]]],[[[106.55931583083408,-5.822955165686261],[106.55957998501052,-5.8217154831501885],[106.55931824416417,-5.820841745176721],[106.55859549621411,-5.820527652153562],[106.55922295984661,-5.8208535186480805],[106.55947528809193,-5.821653616939847],[106.55931583083408,-5.822955165686261]]],[[[106.54961357883838,-5.820000083584719],[106.54859092834697,-5.820039230153183],[106.55430858324212,-5.823019096207132],[106.55466004977347,-5.823492272846912],[106.55409403505088,-5.824225695946009],[106.55462006538846,-5.824546454412664],[106.55473491676484,-5.823448346622535],[106.555765847332,-5.823611898866739],[106.55720440314684,-5.82291729466571],[106.55786593227172,-5.822161870880131],[106.55785338256702,-5.820775769267446],[106.55825474482903,-5.820616890347004],[106.55552684288125,-5.820160951363834],[106.54961357883838,-5.820000083584719]]],[[[106.54895870098184,-5.814104647036714],[106.54931765089967,-5.814364588759342],[106.55027040585354,-5.814229785706465],[106.54895870098184,-5.814104647036714]]],[[[106.52241262878935,-5.80432958855146],[106.52143544832907,-5.804188557254578],[106.52127506263541,-5.80518783715924],[106.52158097767831,-5.805648764562578],[106.52151049825349,-5.804341189719443],[106.52224854464663,-5.804568847619385],[106.52196135513155,-5.805629845173533],[106.52241262878935,-5.80432958855146]]],[[[106.53564925568945,-5.803324817354002],[106.53545710843096,-5.803385670554596],[106.53584565716156,-5.803448926272588],[106.53591893595957,-5.8044829957361666],[106.53590052780865,-5.803492273168976],[106.53564925568945,-5.803324817354002]]],[[[106.51223831588352,-5.8032820698184535],[106.51202430701062,-5.804249573662913],[106.51238857262821,-5.803437242310693],[106.51223831588352,-5.8032820698184535]]],[[[106.51770961320925,-5.8023917353515495],[106.51679336939048,-5.802766075829801],[106.51619064192792,-5.802500985874635],[106.51716486803932,-5.8032540431464374],[106.52252646580635,-5.804154261142123],[106.5265782068978,-5.8043530976997255],[106.529999427601,-5.804036610642872],[106.52346071160856,-5.802549201571393],[106.51770961320925,-5.8023917353515495]]],[[[106.50590697937047,-5.801897517091565],[106.50555204903033,-5.8017355971476645],[106.50555553175515,-5.8017478487942835],[106.50590697937047,-5.801897517091565]]],[[[106.52893265271801,-5.801668610231214],[106.52898577767056,-5.801641677072551],[106.52894774405503,-5.801625474942246],[106.52893265271801,-5.801668610231214]]],[[[106.50551915466436,-5.801726969640859],[106.50523084080523,-5.801597127852573],[106.5052221400752,-5.801603000209584],[106.50551915466436,-5.801726969640859]]],[[[106.50519418244501,-5.801588670403181],[106.50491792725914,-5.801466127749935],[106.50491697457583,-5.801478024947139],[106.50519418244501,-5.801588670403181]]],[[[106.5048970943821,-5.801459766930112],[106.50441339697817,-5.801265317944202],[106.50460270734212,-5.80135783137193],[106.5048970943821,-5.801459766930112]]],[[[106.50439503022886,-5.801257982911684],[106.5039747224427,-5.801091992443421],[106.50434866094844,-5.8012524116151996],[106.50439503022886,-5.801257982911684]]],[[[106.49889921705235,-5.7997659843618905],[106.49888774539717,-5.800124582004697],[106.50062085810364,-5.800692429262092],[106.49889921705235,-5.7997659843618905]]],[[[106.49876259764432,-5.7964092261856495],[106.49877195740241,-5.796339981016966],[106.49872370360279,-5.796378408145126],[106.49876259764432,-5.7964092261856495]]],[[[106.49964472224103,-5.795885265292288],[106.4990748270716,-5.7958115271049735],[106.49879452291762,-5.796290587193336],[106.49920251115682,-5.795925356702846],[106.49980451795517,-5.796350217389956],[106.50036715613452,-5.7959291066936665],[106.50001062023014,-5.796168489324246],[106.49964472224103,-5.795885265292288]]],[[[106.55392838788593,-5.769711002963456],[106.55282763660706,-5.769509387207408],[106.55240315509792,-5.770373642754167],[106.55303657205734,-5.770890075334235],[106.55317763890476,-5.770665996889964],[106.55258131034702,-5.770322797199956],[106.55293216292594,-5.769834651441546],[106.55336413720246,-5.769790383444772],[106.5543178263236,-5.771577832771358],[106.55369989896563,-5.771723623274118],[106.55320044924453,-5.771001852025872],[106.5531185407769,-5.77139402337419],[106.55402336808699,-5.772011148750539],[106.55482982695865,-5.771380863323941],[106.55392838788593,-5.769711002963456]]],[[[106.560098619256,-5.771802543233429],[106.56129566120426,-5.7701062872956035],[106.56127559631254,-5.769416213167394],[106.55993724409922,-5.7698771363855625],[106.55895252193353,-5.771195678958015],[106.55915715698058,-5.77185241058766],[106.560098619256,-5.771802543233429]]],[[[106.58409366779603,-5.7604449162427205],[106.58368593784367,-5.76045511703636],[106.58344805633635,-5.761911156158729],[106.58262152508308,-5.762517789091367],[106.58202768483638,-5.76362973512943],[106.58127201585405,-5.7671054938522355],[106.58203023634299,-5.764554625763319],[106.5827841759033,-5.765371670961869],[106.58348454157291,-5.765388518356474],[106.58372759320767,-5.763691970874024],[106.58429513290989,-5.762578778632937],[106.58385065993544,-5.761278376911041],[106.58409366779603,-5.7604449162427205]]],[[[106.58092382901067,-5.766974539126626],[106.58207769618026,-5.762354655843543],[106.58291737308036,-5.760939982102358],[106.58288378431988,-5.760101297104454],[106.58182962969643,-5.761862925552034],[106.58092382901067,-5.766974539126626]]],[[[106.60754664322334,-5.759303804783108],[106.60712230726948,-5.75932838014611],[106.60707685644584,-5.759956486289605],[106.60821585244233,-5.759960229610988],[106.60845896589453,-5.759579423156526],[106.60754664322334,-5.759303804783108]]],[[[106.58650840792883,-5.759589798372811],[106.58722667901841,-5.7581245463708],[106.58636291832187,-5.759440259952948],[106.58650840792883,-5.759589798372811]]],[[[106.58321100818219,-5.757979808165329],[106.58333730983107,-5.75751362028545],[106.5830911473556,-5.7574698331927205],[106.582793660016,-5.757791755152132],[106.58288989210865,-5.758447909834277],[106.58321100818219,-5.757979808165329]]],[[[106.58472541007238,-5.759649474833875],[106.58412853895355,-5.759406153444506],[106.58388966556245,-5.75831752329924],[106.58411341794034,-5.757356271143905],[106.58352774718469,-5.75850240090262],[106.58362128855342,-5.7600263650889065],[106.5856913209802,-5.7597656389725],[106.58595681737215,-5.759413013364531],[106.58472541007238,-5.759649474833875]]],[[[106.61502964284607,-5.751098785552868],[106.61501848780878,-5.749081545709839],[106.61494790910385,-5.7494396146290185],[106.61502964284607,-5.751098785552868]]],[[[106.61506284102026,-5.742041185637679],[106.61416871227095,-5.742250829075975],[106.61428052036912,-5.742601585247391],[106.61376098843141,-5.743327082894649],[106.6133764007884,-5.7432217098566465],[106.61363924827101,-5.743584468281418],[106.61300072838223,-5.745068643780267],[106.61254691738995,-5.744651192135841],[106.61242758674963,-5.744883118621391],[106.61234331861415,-5.745671625211333],[106.61195883809368,-5.745857222853906],[106.61251477657319,-5.746130383328765],[106.61247169295558,-5.746540526716156],[106.61223300422714,-5.746895663847794],[106.61170999977571,-5.746782178898233],[106.61187310780412,-5.7462201399923565],[106.61153071528568,-5.746824468306424],[106.61212713444714,-5.747246306101315],[106.61150249078904,-5.7491697925500995],[106.61214670571346,-5.749608108251821],[106.61265312703718,-5.749554606291677],[106.61459990518662,-5.747432603244412],[106.61500419310289,-5.748109355121319],[106.61492954676841,-5.747418798625021],[106.61529788839384,-5.746762068396234],[106.6156325348646,-5.746817462434082],[106.61611680312835,-5.747075585092361],[106.61557000997769,-5.748095729296783],[106.61548178058574,-5.750535563006846],[106.61562837573906,-5.748372117251638],[106.61633455826801,-5.74720352382541],[106.61516520739895,-5.746529464374432],[106.61613121301171,-5.743532271421385],[106.61568107583807,-5.742194734125318],[106.61506284102026,-5.742041185637679]]],[[[106.61901666087044,-5.739558411624783],[106.61889916998066,-5.739551971171951],[106.61906740828316,-5.739701115002855],[106.61901666087044,-5.739558411624783]]],[[[106.59753218426552,-5.739349991783661],[106.59715469040734,-5.73896315934869],[106.5965677841407,-5.739376429146009],[106.59703445535908,-5.739877305731395],[106.59753218426552,-5.739349991783661]]],[[[106.59541602010646,-5.73855164529652],[106.59534536964387,-5.738489026452276],[106.59622666939649,-5.739226234962108],[106.59541602010646,-5.73855164529652]]],[[[106.60306688580772,-5.737581748254583],[106.60308825981924,-5.737533495057887],[106.6030025724189,-5.737535506690514],[106.60306688580772,-5.737581748254583]]],[[[106.60266487121312,-5.737505678980849],[106.60272016691296,-5.737451920376174],[106.6026254753655,-5.737470308574425],[106.60266487121312,-5.737505678980849]]],[[[106.60186322136772,-5.737278285809478],[106.59966331280172,-5.737469157029319],[106.59809137220324,-5.738015868972539],[106.5976322747844,-5.739098269720192],[106.59819083482718,-5.739233787244498],[106.59785279907204,-5.738963147193253],[106.59819257068959,-5.7387245015698936],[106.5990537598961,-5.739049240450655],[106.59909343120921,-5.73929002140675],[106.59850334341509,-5.739272718976932],[106.59878802221152,-5.739337820804695],[106.59999073442954,-5.739584305827787],[106.60114269424457,-5.739347661111343],[106.60152119896121,-5.739854513017427],[106.60146525412503,-5.740438413622238],[106.60190166879472,-5.740271757232778],[106.60381572922445,-5.7426356686691715],[106.60357259865881,-5.740731734263407],[106.60319407516947,-5.74007456684436],[106.60326866966028,-5.7390125028989],[106.60286367320441,-5.738434631270791],[106.60304055200244,-5.737904511153603],[106.6026481391327,-5.737522776273421],[106.6023256698086,-5.737826155212227],[106.60227100089983,-5.737334501224981],[106.60186322136772,-5.737278285809478]]],[[[106.60981617228418,-5.737928711729184],[106.61001101262737,-5.737012005430492],[106.60972048127282,-5.73676881886325],[106.60936098429482,-5.73784675376962],[106.60981617228418,-5.737928711729184]]],[[[106.6033278530407,-5.733893253171034],[106.60265978478571,-5.734289305682453],[106.60052927503851,-5.734078396349438],[106.59849883585188,-5.735374272744884],[106.60008075329753,-5.736111241413989],[106.6013081589498,-5.735895107337989],[106.60289050060587,-5.735262566082398],[106.6033278530407,-5.733893253171034]]],[[[106.57163317227375,-5.729978178960353],[106.57203687580805,-5.7295693652694775],[106.57188328139414,-5.729423092226211],[106.57013490612412,-5.730027532223316],[106.57080532302429,-5.730236149429791],[106.57163317227375,-5.729978178960353]]],[[[106.56593996833426,-5.7110457331257924],[106.56610580218363,-5.7107021768235136],[106.56533533480176,-5.710862459328262],[106.56593996833426,-5.7110457331257924]]],[[[106.5761299630721,-5.707732541666863],[106.57629536477408,-5.709087318424453],[106.57667133556542,-5.708895944133484],[106.5761299630721,-5.707732541666863]]],[[[106.53717804087023,-5.69965558035745],[106.53489086531998,-5.6993036988825],[106.5341004768328,-5.699713866760881],[106.53391931078586,-5.700562398011326],[106.5350715903347,-5.701312979073718],[106.54057909909184,-5.701865807154098],[106.54277420538135,-5.701152144962839],[106.54368943936107,-5.700268761997458],[106.54303113169671,-5.699726784694367],[106.53717804087023,-5.69965558035745]]],[[[106.7133595647606,-5.69532044661076],[106.71311655229101,-5.694956423825087],[106.71345954928054,-5.693652262741049],[106.71247034728438,-5.693778431125543],[106.71161757666486,-5.694641880120861],[106.7110732887948,-5.696071069605348],[106.71117357734316,-5.6965533702392825],[106.71136113692286,-5.696676386112563],[106.71284189966958,-5.695461520327941],[106.71309363674361,-5.695470563066225],[106.71354334664498,-5.696502481280479],[106.7133595647606,-5.69532044661076]]],[[[106.53160834784096,-5.690712728552605],[106.532619791377,-5.690292029132087],[106.53252313599353,-5.689372331144542],[106.53149387955457,-5.689547826667631],[106.53101673042848,-5.690288183252099],[106.53160834784096,-5.690712728552605]]],[[[106.5617695056674,-5.686142079874583],[106.56279267491684,-5.685190294678083],[106.56287879644084,-5.684701951103903],[106.56169546095643,-5.685782996751655],[106.56151434964188,-5.68603338757776],[106.5617695056674,-5.686142079874583]]],[[[106.58830834882973,-5.678682804242776],[106.58654365041296,-5.679137711090457],[106.58716463172618,-5.679647562758884],[106.5882562567825,-5.679388199642712],[106.58878388614792,-5.678953378202481],[106.58830834882973,-5.678682804242776]]],[[[106.58318760525569,-5.66893900628846],[106.58011286873491,-5.669307415948496],[106.57913417960606,-5.670252636053939],[106.57877984599287,-5.671185916370725],[106.57919112087532,-5.6713497616613],[106.58183184321955,-5.670452504321642],[106.58406693268947,-5.6700955000766875],[106.58500022144504,-5.669381815194916],[106.5844675564183,-5.668898455023286],[106.58318760525569,-5.66893900628846]]],[[[106.55988129665222,-5.66883604321904],[106.55943031917616,-5.669036526126989],[106.55979531679071,-5.669518457907038],[106.56102984066395,-5.669116163910858],[106.55988129665222,-5.66883604321904]]],[[[106.56802803532803,-5.66758017697357],[106.56875457011904,-5.667162279702832],[106.56868301532975,-5.666725775926411],[106.56819643893897,-5.666687753661302],[106.56763158462452,-5.667151050999909],[106.56759045406633,-5.66751423319965],[106.56802803532803,-5.66758017697357]]],[[[106.56954781110508,-5.660376887132052],[106.56820131936661,-5.660865823637217],[106.56723151228937,-5.661861390241413],[106.56569563534252,-5.662735595587378],[106.5652710172019,-5.66371969112601],[106.56578308011886,-5.663663947688892],[106.56595130135574,-5.663989770599192],[106.5684398158201,-5.662648407592605],[106.5703419206186,-5.661036709707903],[106.57014504578902,-5.660568505078807],[106.56954781110508,-5.660376887132052]]],[[[106.58034960594689,-5.658115744200602],[106.58026101280541,-5.657937296151254],[106.58023103115819,-5.6579725118380475],[106.58034960594689,-5.658115744200602]]],[[[106.56452483936471,-5.657092634284713],[106.56437180221296,-5.656954388232665],[106.56436345428563,-5.657364998343299],[106.56480592866461,-5.658297220986868],[106.56453117474392,-5.658579089674061],[106.56491483536063,-5.658548927568945],[106.56495770412238,-5.657354309751584],[106.56452483936471,-5.657092634284713]]],[[[106.57238433671931,-5.656339910800827],[106.57199942395641,-5.656661056894373],[106.5722340876173,-5.656647149340912],[106.57238433671931,-5.656339910800827]]],[[[106.57902960136927,-5.656090898067313],[106.57895235935023,-5.65569596630771],[106.57893941314191,-5.655779653281168],[106.57902960136927,-5.656090898067313]]],[[[106.579376037556,-5.655935248579389],[106.57937533239023,-5.65568293525158],[106.57924348639533,-5.655422684591495],[106.579376037556,-5.655935248579389]]],[[[106.5694702013278,-5.65547458197731],[106.56943374779468,-5.655154227234998],[106.56928926705521,-5.655242363017628],[106.5694702013278,-5.65547458197731]]],[[[106.56984513834551,-5.655706814029187],[106.57086508780512,-5.65508446629126],[106.56998536107494,-5.655508560294003],[106.56984513834551,-5.655706814029187]]],[[[106.57190489412584,-5.65470855506989],[106.57162712990798,-5.654948302226862],[106.57179559302656,-5.655726298837249],[106.57190489412584,-5.65470855506989]]],[[[106.57769212635316,-5.654737192683967],[106.57683422097307,-5.654229173611165],[106.57786827011111,-5.654770664074987],[106.57769212635316,-5.654737192683967]]],[[[106.57910145440948,-5.650467757062893],[106.57891753978475,-5.650170356704726],[106.57909088130451,-5.650460486269465],[106.57858040183287,-5.651547493271444],[106.57818337990439,-5.651352984135227],[106.57828865158311,-5.650605420574543],[106.57816539580783,-5.651137783219792],[106.57759263283525,-5.650972277448376],[106.57762173710528,-5.650375872685967],[106.57761455366423,-5.651133572992048],[106.57812518185344,-5.651453868273017],[106.57802355678118,-5.652229345088353],[106.57601835516708,-5.651850698214479],[106.57560982661046,-5.653232634602384],[106.57363988692056,-5.653082068864223],[106.57314595971813,-5.652407900571012],[106.5728212506852,-5.652641123008304],[106.57267356388903,-5.6522162674083],[106.57188748380712,-5.6520177006730705],[106.57181452985604,-5.652466250987949],[106.57155487427276,-5.652183156997173],[106.57092896127132,-5.65261131067117],[106.56967159099769,-5.652435263648948],[106.5696477394358,-5.652191199306716],[106.56893980125264,-5.653139871370455],[106.56798308779064,-5.653186712441381],[106.5677614896021,-5.6535446848307105],[106.56751384485158,-5.653198675062481],[106.56788453666135,-5.652991756448195],[106.56703347229784,-5.653302899661082],[106.56673873103188,-5.652849059192775],[106.5669071006934,-5.653241072260519],[106.56643282770565,-5.653654895602507],[106.56606962560454,-5.653016766628229],[106.56583947925684,-5.653332759179357],[106.56609980600864,-5.653845859348998],[106.56545999087845,-5.6548054096308595],[106.5651031910981,-5.654855401930429],[106.56427474193016,-5.656680301225305],[106.56676032962709,-5.657004414215321],[106.56785657780881,-5.656255546738573],[106.5689116859167,-5.656129920034196],[106.56937690261886,-5.655709568314316],[106.56908154571137,-5.65523113619647],[106.56944698786458,-5.654775762883535],[106.56984300222936,-5.654841454058797],[106.5695771250848,-5.655024118240224],[106.57005178011788,-5.654875664384916],[106.57160107008845,-5.6541947810338],[106.57147808983596,-5.65370782624913],[106.57316884041077,-5.653231553376025],[106.5735522545629,-5.653912152263438],[106.57378068421446,-5.655913279079345],[106.57324048077326,-5.656297463841505],[106.57327842986707,-5.656697060768255],[106.57399516241803,-5.6566812137084765],[106.57379175930447,-5.653242166072889],[106.57555167315647,-5.653335883288911],[106.57729268212749,-5.654406763103347],[106.57846272990166,-5.6543013466483645],[106.5784046199149,-5.654682897756221],[106.57793063093148,-5.6547591364446],[106.57930993118654,-5.6545361357889234],[106.57938876141583,-5.654131712781724],[106.5805367112002,-5.653767294018145],[106.5811182276925,-5.653243984189939],[106.58018977504422,-5.652562687148262],[106.57806586590884,-5.6522338899670475],[106.5781138816407,-5.651870401756228],[106.5789031260473,-5.651898033807965],[106.57910145440948,-5.650467757062893]]],[[[106.56920916533102,-5.648526618972229],[106.56872705657008,-5.648796857897808],[106.56780387680125,-5.6486650078467235],[106.56726047440254,-5.649236983851989],[106.56620380120742,-5.649446982369875],[106.56509447624893,-5.6492200408219215],[106.56450431340451,-5.648713172184635],[106.56410935855268,-5.64887200989231],[106.56451147831845,-5.64956421931278],[106.56500106926754,-5.649348404309114],[106.56702359173477,-5.649613984738845],[106.56733696723197,-5.650061170135769],[106.56797657033273,-5.650200826974858],[106.56766853188049,-5.650190920782957],[106.56764925083786,-5.649745432418291],[106.5684369033198,-5.6500196066373665],[106.5685432196815,-5.649606045928725],[106.56926074654979,-5.649752698303042],[106.56955454297332,-5.64938186692642],[106.56947212134699,-5.648640879668484],[106.56920916533102,-5.648526618972229]]],[[[106.5688169679513,-5.648429561655459],[106.56811050567994,-5.648287746277162],[106.56881220876888,-5.648445266070234],[106.5688169679513,-5.648429561655459]]],[[[106.56784911272874,-5.64822325017824],[106.56767969472794,-5.648259179788592],[106.56807563662147,-5.648265365604092],[106.56784911272874,-5.64822325017824]]],[[[106.56701053599647,-5.64244406693777],[106.5623651514209,-5.643624372555447],[106.56201607658961,-5.643225598370283],[106.56090276820058,-5.643532521857137],[106.56073068341402,-5.643057926901946],[106.5596861809586,-5.643354449254972],[106.55965193167438,-5.643894727754185],[106.55852138909604,-5.644222638388624],[106.55856274932503,-5.644679728306207],[106.55381153515614,-5.646061924619248],[106.55386324035025,-5.6464510614401435],[106.55311338835024,-5.646716707268541],[106.5532466383777,-5.64726398274065],[106.55403804978268,-5.6470584338100585],[106.55414271408448,-5.64744314695374],[106.55761746055651,-5.646455421604711],[106.55818818116202,-5.646536835259597],[106.56726494377668,-5.643741062670311],[106.56805292731335,-5.643095694891312],[106.56793952099196,-5.642638822690908],[106.56701053599647,-5.64244406693777]]],[[[106.55594169031001,-5.642411948966644],[106.55566637503394,-5.641335381208408],[106.55519513718403,-5.641401497875296],[106.5556562484297,-5.642406621124755],[106.55594169031001,-5.642411948966644]]],[[[106.57786513604827,-5.63423346027189],[106.57803605312084,-5.633909835627711],[106.5761394941655,-5.634255137565946],[106.57522638613852,-5.6347822503544265],[106.57562137741095,-5.636309864124982],[106.5761816229051,-5.6364506663318465],[106.57852543730915,-5.635601651162227],[106.58264903590089,-5.636098884336492],[106.58558899479182,-5.63499447327009],[106.58194951403061,-5.633976179933043],[106.57997464489895,-5.6343370977645835],[106.57891209886972,-5.6349532472325405],[106.57815350239682,-5.634748048680025],[106.57786513604827,-5.63423346027189]]],[[[106.57335008626549,-5.627625494965751],[106.5731618929502,-5.626999898333438],[106.57255368801188,-5.62691122201131],[106.57168574136422,-5.627107242130995],[106.57131130909347,-5.627609177343222],[106.57153434317648,-5.6280896907220415],[106.57312040400143,-5.62778904827634],[106.57333253244724,-5.628188594777461],[106.57359576814899,-5.62810613135378],[106.57335008626549,-5.627625494965751]]],[[[106.54629992002886,-5.623783104909969],[106.54457607291833,-5.623569276844961],[106.54399176958412,-5.623725725142066],[106.54363016497948,-5.6242352018330255],[106.54401043920001,-5.624753293207369],[106.54478831888069,-5.625007300940806],[106.54804168721076,-5.6246492279304015],[106.54804605456597,-5.624113964025945],[106.54766573085661,-5.62381641688426],[106.54629992002886,-5.623783104909969]]],[[[106.56163799316488,-5.619840354091875],[106.56080630274457,-5.620147288005231],[106.56123103788394,-5.6207504818945955],[106.56173857465329,-5.620547693254026],[106.56163799316488,-5.619840354091875]]],[[[106.58377689991451,-5.618621582936868],[106.5818526366239,-5.6194096560612214],[106.58210833906557,-5.619683197005297],[106.58144502769917,-5.620287207996099],[106.58178767072754,-5.620839241640456],[106.58375144680328,-5.620922991908167],[106.58527011094404,-5.620183237822336],[106.58538970572688,-5.61915981075745],[106.58377689991451,-5.618621582936868]]],[[[106.57309982045045,-5.618216865177856],[106.57249112314315,-5.618202555130025],[106.57183308261695,-5.618625568642652],[106.57223536965937,-5.6187918134495],[106.57330701238975,-5.618329879046639],[106.57309982045045,-5.618216865177856]]],[[[106.55068137438772,-5.620552118838767],[106.5516148787871,-5.619032670713121],[106.5553398030805,-5.6177054616462145],[106.55660497370164,-5.616733777350996],[106.55654688239056,-5.61604748943147],[106.55525894143199,-5.614561381760808],[106.55428919314444,-5.6142390609580595],[106.55360216169737,-5.614448801693674],[106.55056121098222,-5.616818744709173],[106.55020839431535,-5.618753352163236],[106.54913353398855,-5.620459319692469],[106.54950640737567,-5.6208383298206295],[106.55068137438772,-5.620552118838767]]],[[[106.58252210201839,-5.6101993519631455],[106.57740295898186,-5.610478909762745],[106.57401222808379,-5.611002392103289],[106.57339821507331,-5.611329600709165],[106.5728176248256,-5.6124717418464565],[106.5726440366878,-5.6137625658783925],[106.57320927810486,-5.6145002059615114],[106.57419068623845,-5.614892809703771],[106.57546369813043,-5.6146310701557445],[106.57858079161537,-5.612441965794431],[106.58195962676635,-5.611490180636404],[106.5829684047057,-5.610601487086231],[106.58252210201839,-5.6101993519631455]]],[[[106.56736542790931,-5.607812921618294],[106.56778565792779,-5.607146382596573],[106.56739859879917,-5.606575312032859],[106.56695443261431,-5.607435090100786],[106.56736542790931,-5.607812921618294]]],[[[106.60321048071522,-5.605432107218648],[106.60359843500012,-5.604634609439049],[106.60292137627394,-5.604886020187122],[106.60281045666105,-5.605123900323958],[106.60321048071522,-5.605432107218648]]],[[[106.5458072247693,-5.605525681688429],[106.54559197881787,-5.605319537079969],[106.54666722308642,-5.604595930158355],[106.54641438113143,-5.603666855600407],[106.5440593336992,-5.604415091742384],[106.54285396172533,-5.605829686444366],[106.5434876442938,-5.606254520426485],[106.54411534517155,-5.606023205317286],[106.54427159941498,-5.60641562523775],[106.54495135367523,-5.606201230107639],[106.54459734067726,-5.606211222168996],[106.5445343293131,-5.60584806701002],[106.5451521055714,-5.605545063735702],[106.54534737384438,-5.6058872718659805],[106.5458072247693,-5.605525681688429]]],[[[106.54920080778204,-5.598946448933854],[106.54978139675289,-5.598870306647022],[106.54983103625877,-5.598265768955233],[106.54864389881907,-5.598398541054991],[106.54877876842343,-5.5988568776213565],[106.54920080778204,-5.598946448933854]]],[[[106.55272457407929,-5.598620830814398],[106.55292546430798,-5.598184527261163],[106.55264952832331,-5.597870288359646],[106.55237832036988,-5.598232939718341],[106.55272457407929,-5.598620830814398]]],[[[106.56223713519613,-5.593613952820094],[106.56059723678254,-5.592542129731302],[106.55935019365333,-5.593310634708652],[106.55862087666021,-5.5942992940574845],[106.55759243381576,-5.594826679929695],[106.55681449511385,-5.595538230657227],[106.5568674318705,-5.595897170155472],[106.55713572332262,-5.5960617131462955],[106.55950328607824,-5.595371668705704],[106.56223713519613,-5.593613952820094]]],[[[106.5685823576036,-5.593944470250334],[106.57003179959146,-5.592515957190793],[106.5701765959579,-5.591959998921677],[106.5696769100029,-5.591488864779926],[106.56835392793616,-5.591431759274841],[106.56688818228974,-5.592250292893593],[106.56685962910707,-5.592754737774715],[106.5673565259744,-5.593431097329308],[106.5679256258119,-5.593925434300613],[106.5685823576036,-5.593944470250334]]],[[[106.54359553827194,-5.591169502823038],[106.54249622602535,-5.5912658713510215],[106.54159503434265,-5.59224543332601],[106.54283394105448,-5.592730996737905],[106.54414481827648,-5.5923231040089325],[106.54359553827194,-5.591169502823038]]],[[[106.5584724444096,-5.59005734339725],[106.55771235601426,-5.590080210130476],[106.55744803795615,-5.590593974736907],[106.5582469043109,-5.590995970732973],[106.5587556560219,-5.590489059858978],[106.5584724444096,-5.59005734339725]]],[[[106.55481155468786,-5.588955676935665],[106.55141368380093,-5.589919358212064],[106.55116918834064,-5.589744817255795],[106.55095311209637,-5.589859113441195],[106.55112601011562,-5.590794221216436],[106.55297130028207,-5.590620282596361],[106.5556095220448,-5.58970765661901],[106.55559352305431,-5.589290139290235],[106.55481155468786,-5.588955676935665]]],[[[106.54561837819114,-5.586616302724365],[106.5444035640826,-5.586690331298721],[106.54423996667084,-5.5871189510450785],[106.5445690350159,-5.587708476757198],[106.545929377673,-5.588536114327329],[106.54710942911875,-5.588525226890673],[106.54821890804536,-5.587638092437652],[106.54803012242141,-5.586897436413445],[106.54561837819114,-5.586616302724365]]],[[[106.59221184592221,-5.5841526737190765],[106.59140643375527,-5.584165947049913],[106.5899475384495,-5.584791474652461],[106.58787180936633,-5.587271060620005],[106.5883592563345,-5.587126860815445],[106.58833223388415,-5.587438814087685],[106.58864632329256,-5.5872674917662035],[106.5885142632785,-5.587681519204342],[106.58991816082982,-5.587826988884953],[106.5916012629355,-5.587135243734363],[106.59238326827908,-5.585764862293993],[106.59221184592221,-5.5841526737190765]]],[[[106.5520180264032,-5.584420565566554],[106.55222503904632,-5.584002970968503],[106.55196805566506,-5.583885187822715],[106.5512328042028,-5.584434843086124],[106.55157187571834,-5.584716809281708],[106.5520180264032,-5.584420565566554]]],[[[106.5701754556651,-5.582097578802521],[106.56835183558506,-5.582356978611277],[106.56728821739361,-5.582867373176376],[106.56799111085755,-5.583353933655059],[106.56913416582958,-5.583223429894357],[106.57066312214414,-5.582323345269998],[106.5701754556651,-5.582097578802521]]],[[[106.59607261966453,-5.5808613881882545],[106.59645053692999,-5.580498283580295],[106.59640972044338,-5.579768828858565],[106.59525596576538,-5.579006659007155],[106.59418808832278,-5.579080359695187],[106.59265690364627,-5.579833460947644],[106.59266047503473,-5.580747174369085],[106.59319228266386,-5.581018432324157],[106.59571927001937,-5.581132645980017],[106.59607261966453,-5.5808613881882545]]],[[[106.55097470327695,-5.5773965846051965],[106.55026681385272,-5.57742236167561],[106.54888276059262,-5.5781738749225385],[106.54718774384656,-5.580383407677675],[106.54715767572078,-5.5819805036390635],[106.54779483865379,-5.583308239848634],[106.54893743310438,-5.583668208355992],[106.54989998261193,-5.582798207258064],[106.55031580697148,-5.579846340436615],[106.55113112698075,-5.5790503291440565],[106.55097470327695,-5.5773965846051965]]],[[[106.58162658120533,-5.574664593425448],[106.58106894961904,-5.574228987569211],[106.58040432702494,-5.5745065649987655],[106.5797856657137,-5.576088905782089],[106.58009499694504,-5.577112073985858],[106.58083699721114,-5.577103973746326],[106.58243316066623,-5.575802015756796],[106.58162658120533,-5.574664593425448]]],[[[106.55904862369174,-5.572798507797863],[106.55980535982296,-5.57187240234382],[106.55899627578026,-5.571308964775395],[106.55648763428539,-5.571088699707733],[106.55554605781853,-5.571722991845137],[106.55560795215234,-5.572100800938228],[106.55621566302972,-5.572434746986458],[106.55904862369174,-5.572798507797863]]],[[[106.5405811796664,-5.574622340940354],[106.54172308986749,-5.5741500491314],[106.5432601691349,-5.572429159259559],[106.54336067988758,-5.571398056030826],[106.54290858179296,-5.570815088662207],[106.54200438678812,-5.570791293843712],[106.54090983613736,-5.5713861589791875],[106.54008408040174,-5.57345228428295],[106.5391728286713,-5.574348587553476],[106.53960442268313,-5.574742571948655],[106.5405811796664,-5.574622340940354]]],[[[106.58464651380889,-5.571595818761308],[106.5853817671753,-5.570960503347027],[106.58544627375845,-5.569803634844338],[106.5851445092235,-5.569258868731472],[106.5842873977807,-5.569897570389579],[106.58397193730403,-5.570671398231806],[106.58406175658706,-5.571300637429776],[106.58464651380889,-5.571595818761308]]],[[[106.55073603085512,-5.570840388211553],[106.55159263785227,-5.569631620616479],[106.55083120983812,-5.569127175729691],[106.55007929970972,-5.569284219995097],[106.54942256801107,-5.570478709255679],[106.54988894433045,-5.571006949998675],[106.55073603085512,-5.570840388211553]]],[[[106.5254859783806,-5.567607525383682],[106.52522456208891,-5.567779727098969],[106.52538982666532,-5.568587624896502],[106.52747998729731,-5.5707232737874985],[106.52837118622027,-5.570490245090157],[106.52955161060768,-5.568600639837576],[106.52912162389524,-5.567856230088272],[106.5254859783806,-5.567607525383682]]],[[[106.56613877901009,-5.566999935666236],[106.56631009962274,-5.566443144002692],[106.56561529697352,-5.5662242329325045],[106.56545825306613,-5.567218848351369],[106.56590559216836,-5.567347339126151],[106.56613877901009,-5.566999935666236]]],[[[106.52697869967454,-5.556661696324245],[106.52597188858748,-5.556997117813471],[106.52565822731991,-5.557941011944664],[106.52795227589806,-5.5574936502841865],[106.52785369572659,-5.556790186862218],[106.52697869967454,-5.556661696324245]]],[[[106.53243868308375,-5.554154375137491],[106.53037056767788,-5.555250749243888],[106.53065895084653,-5.556239219319207],[106.53162342582121,-5.556324880262085],[106.53239113797021,-5.555766468848836],[106.53274525212345,-5.554526139624782],[106.53243868308375,-5.554154375137491]]],[[[106.54418664366732,-5.551643609878872],[106.54319443488386,-5.551604146256174],[106.54106425585614,-5.552675224695267],[106.54059452962741,-5.55492055582486],[106.54140116718953,-5.5554131039990775],[106.54276851187362,-5.5553133280804845],[106.54345616679934,-5.555036898624068],[106.54535077597293,-5.553316954144052],[106.54568570489442,-5.552043358984567],[106.54418664366732,-5.551643609878872]]],[[[106.52987427072199,-5.549321232105716],[106.52921754127993,-5.5490737671066634],[106.52718072076493,-5.549387855752508],[106.52644784803593,-5.550234943653034],[106.52745062813676,-5.550720355285577],[106.52928654489305,-5.550558549578706],[106.53002655844381,-5.550039829219349],[106.52987427072199,-5.549321232105716]]],[[[106.52017328315996,-5.551093755688502],[106.52099348864792,-5.549561556302718],[106.52065393406792,-5.548771401869364],[106.51872348419698,-5.5496376987580875],[106.51805723417856,-5.55071321468344],[106.51828874975678,-5.5510937564133185],[106.51948491221368,-5.551446090231071],[106.52017328315996,-5.551093755688502]]],[[[106.57841802085876,-5.53998810330522],[106.57883762628111,-5.539590021788565],[106.57845370793746,-5.539600693252561],[106.57841802085876,-5.53998810330522]]],[[[106.53636803870447,-5.534536296192599],[106.53456742309318,-5.534989261291734],[106.52978691263407,-5.537658557311706],[106.53074022422989,-5.537989753830178],[106.53437691982889,-5.537038796108507],[106.53606621563527,-5.535902954710839],[106.53636803870447,-5.534536296192599]]],[[[106.5440327264269,-5.528192868695879],[106.54336156179453,-5.528026554376088],[106.54149641192421,-5.528581749969862],[106.54110396025278,-5.528298098192994],[106.54125893516634,-5.528735877595362],[106.54014011884554,-5.529666783791726],[106.53928351176329,-5.531636977907693],[106.5395593862035,-5.531968957291633],[106.54023991217737,-5.531788117741427],[106.54405195273723,-5.529552569721312],[106.54437675036172,-5.528888699595777],[106.5440327264269,-5.528192868695879]]],[[[106.52582223100372,-5.523192703916863],[106.52652655229755,-5.522602597660034],[106.52662793407919,-5.521941735838902],[106.52625053362466,-5.521212990686681],[106.5256413916131,-5.520994082055955],[106.52410901937841,-5.522060080854229],[106.52434310207086,-5.522725137445264],[106.52582223100372,-5.523192703916863]]],[[[106.52063662290867,-5.51691093958071],[106.52076396830151,-5.516065711374183],[106.52039926111765,-5.516486561718431],[106.52063662290867,-5.51691093958071]]],[[[106.52746823161145,-5.512438779796374],[106.5260244852668,-5.51288606782132],[106.5258625408106,-5.513555492367497],[106.52714520982916,-5.514511240732558],[106.52872945482935,-5.514342432665969],[106.52906093036893,-5.513366798010098],[106.52820576120173,-5.51251913596901],[106.52746823161145,-5.512438779796374]]],[[[106.53841195938107,-5.512541048315455],[106.53844534417978,-5.511366518335092],[106.53803528309297,-5.5111028838116765],[106.53679369787741,-5.511071245147586],[106.5347992322774,-5.511724533914083],[106.53327232173004,-5.512576738580019],[106.53333219912648,-5.513661179446844],[106.53235290884415,-5.515523687662826],[106.53279642967942,-5.515789011270019],[106.53515919039364,-5.5142759201703],[106.53671451903747,-5.51387786532791],[106.53841195938107,-5.512541048315455]]],[[[106.53448751066625,-5.503536514757366],[106.53507739867713,-5.502896703774379],[106.53451047658491,-5.501999303732519],[106.53309062964833,-5.501386923739406],[106.53187902529636,-5.501606988745727],[106.53172384711908,-5.502564244628462],[106.5320490393314,-5.503115486030443],[106.53302295682872,-5.503595402134846],[106.53448751066625,-5.503536514757366]]],[[[106.55020507168318,-5.499327784583689],[106.54874106978421,-5.4991893865963775],[106.54811125912691,-5.499631629556797],[106.54792290568909,-5.499264240332654],[106.54725214671275,-5.4997993279635855],[106.54666831001802,-5.499567549697448],[106.54677259569442,-5.499985760683219],[106.5464473497957,-5.500441161685005],[106.54272545527503,-5.5044809418659355],[106.5427014951429,-5.505148446352709],[106.5433989820495,-5.505122634002751],[106.54402674000988,-5.50554136785123],[106.5445413340086,-5.504808971310436],[106.54957221736699,-5.5025875363523],[106.55296975785348,-5.502274700280234],[106.55405513188383,-5.503109490283042],[106.55665439279885,-5.5017949586342185],[106.55733478268556,-5.500966444720718],[106.55695064891435,-5.500347395033181],[106.5548767027078,-5.500322742590776],[106.5545990300638,-5.500263340109935],[106.5547145553579,-5.499981196253829],[106.55405793570107,-5.499855138986471],[106.55310260611812,-5.5002334182561965],[106.55290494463685,-5.5006585751986385],[106.55230754998243,-5.500231729806645],[106.55077666071394,-5.5000135688323795],[106.5510456660944,-5.499536041996155],[106.55020507168318,-5.499327784583689]]],[[[106.57934491444482,-5.491863871967796],[106.57792953505361,-5.49168212091891],[106.57653575234606,-5.492348065270332],[106.57599818180506,-5.494137175449145],[106.57640365556362,-5.494994700045867],[106.57836621801505,-5.494299648626164],[106.58054892362776,-5.492421737000048],[106.58008294700176,-5.491751522076115],[106.57934491444482,-5.491863871967796]]],[[[106.39353409319865,-5.479852550262571],[106.39518718102705,-5.478276411886963],[106.39475264910993,-5.477591432003225],[106.39191900706959,-5.477619510332522],[106.39055041424771,-5.478845299244286],[106.3905254929144,-5.479587677426453],[106.39201623141774,-5.480994894681418],[106.39330902703097,-5.4805696240471375],[106.39304757288782,-5.480082273903622],[106.39343243270433,-5.479862652837417],[106.39368230791439,-5.4803220390366985],[106.39353409319865,-5.479852550262571]]],[[[106.52745866161922,-5.476037774814963],[106.52363446192311,-5.477732736942287],[106.52252434863146,-5.478634714248751],[106.52245481277991,-5.4792594984361465],[106.52349861391527,-5.479616081863044],[106.52467719371542,-5.479443745037282],[106.52601489355814,-5.478148375198463],[106.52745866161922,-5.476037774814963]]],[[[106.43813091926533,-5.464300177738607],[106.437772172314,-5.4645929298208085],[106.43786674809547,-5.465084245052832],[106.43839619411177,-5.465385007076288],[106.43913306157307,-5.465071556003872],[106.43852071238908,-5.464327307196837],[106.43813091926533,-5.464300177738607]]],[[[106.54598203511442,-5.462730318217516],[106.54557681873406,-5.462542784591393],[106.54494889087498,-5.462867673740373],[106.54481936262907,-5.463772891696387],[106.54597436510824,-5.463742020060344],[106.54598203511442,-5.462730318217516]]],[[[106.55723687704781,-5.460928284989878],[106.55719471424092,-5.460696117293098],[106.55664557723718,-5.460986917337745],[106.55632691676401,-5.460712219664457],[106.55624356955529,-5.4611511181661445],[106.55518017577553,-5.460963487958868],[106.55503243678208,-5.461375136103509],[106.55362982496717,-5.4612811492190465],[106.55329907995686,-5.461657104171859],[106.55333124032545,-5.462826868000813],[106.55278987516901,-5.463984217041715],[106.55298023161646,-5.464817027958438],[106.55363505527895,-5.46533534278652],[106.55484271862798,-5.465594955434594],[106.55714825424093,-5.464351050375808],[106.55777020876904,-5.462123471945386],[106.5582379378024,-5.461667759774141],[106.55723687704781,-5.460928284989878]]],[[[106.57263521362212,-5.456523932322417],[106.57183742663356,-5.455763071112132],[106.57042168703141,-5.455372882769275],[106.56671715918395,-5.457034482174155],[106.56616129334026,-5.458638135764226],[106.56659984317676,-5.460067383581778],[106.56812550508539,-5.459785630203724],[106.56965342631655,-5.458828297270109],[106.56984639259333,-5.45897333336364],[106.57225376225084,-5.457434170289003],[106.5720641440628,-5.456917336186077],[106.57219104767952,-5.4566254547967485],[106.57282654176508,-5.4568207307360845],[106.57263521362212,-5.456523932322417]]],[[[106.5647521132019,-5.4523857848409705],[106.56434284587925,-5.452769671559479],[106.5646140443969,-5.452797648398018],[106.5647521132019,-5.4523857848409705]]],[[[106.49280854279125,-5.42214495773311],[106.49390785520761,-5.421202692227445],[106.4945418439847,-5.419146110405674],[106.49359431575566,-5.418686112325991],[106.4921659606137,-5.418516464595123],[106.49100043731727,-5.418853651375401],[106.49012048664275,-5.419919939199976],[106.49043340709095,-5.422207440365439],[106.49170699765504,-5.423106587912527],[106.49280854279125,-5.42214495773311]]],[[[106.47110309973972,-5.41562999435748],[106.47209745131376,-5.41472557335382],[106.47319702721725,-5.412976894711847],[106.47255457192892,-5.412227365086058],[106.47138863586812,-5.412322542735333],[106.47042440623581,-5.412981895117989],[106.47019890607787,-5.414773388293866],[106.47044698422363,-5.4154381677554095],[106.47110309973972,-5.41562999435748]]],[[[106.4609158975709,-5.208420744133196],[106.46099436579824,-5.207272775895942],[106.46237344495042,-5.2065979303312115],[106.46227290916173,-5.206401717688293],[106.46087935874975,-5.206999875592245],[106.4609158975709,-5.208420744133196]]],[[[106.46293170541563,-5.202474270869292],[106.46061814140816,-5.203006541108617],[106.45949666933646,-5.203738959649189],[106.45934135711262,-5.206149663002728],[106.46049037226778,-5.207429015034567],[106.46042996330641,-5.20817115003156],[106.46064574361259,-5.207169921030008],[106.46037884573417,-5.206454524100044],[106.46188965011953,-5.2063905813653095],[106.46162235489021,-5.20603154582227],[106.46190445880994,-5.205720466772974],[106.46185944933843,-5.20447471795764],[106.46231373918431,-5.205443968317735],[106.46196689627654,-5.203985729826317],[106.46326967677437,-5.203109675857322],[106.46293170541563,-5.202474270869292]]]]}},{"type":"Feature","id":322,"properties":{"OBJECTID":322,"WADMKK":"Kota Adm. Jakarta Utara","KDPKAB":"31.72","LUASWH":14684.95,"SRS_ID":"32748"},"geometry":{"type":"MultiPolygon","coordinates":[[[[106.90663299962208,-6.1805469996706766],[106.9100380002132,-6.182305000216431],[106.91207300001138,-6.182718000451558],[106.91369600044156,-6.1824279997001375],[106.92232700011878,-6.183082000285496],[106.92163399994153,-6.180526000289545],[106.9219380003714,-6.179976000199173],[106.92190700031921,-6.178234000427369],[106.9211770000077,-6.175931000164587],[106.92025600005411,-6.16980400022119],[106.92110600001507,-6.1674440004318125],[106.92207899966535,-6.1621520004505],[106.92197500043495,-6.16126000016293],[106.92423799989398,-6.161205999704385],[106.92861299977638,-6.160386999975054],[106.92845500000985,-6.160138999988568],[106.9297099995783,-6.15963399960966],[106.93294600004707,-6.159104000309656],[106.93347100041692,-6.158345999747937],[106.9356879997719,-6.158563000107264],[106.93898799968305,-6.152337000013339],[106.94006700026262,-6.151422000092643],[106.94038399960075,-6.155225000186358],[106.94422000024036,-6.155015999559442],[106.94471300008726,-6.158227000181579],[106.94438200007893,-6.1629360003865346],[106.95169100024292,-6.163344999790301],[106.9520410000627,-6.161637000026042],[106.9526970000582,-6.161875999677091],[106.95323600037554,-6.160308000391313],[106.95263599993733,-6.160115000371028],[106.95323499965444,-6.158321000309569],[106.9542370003369,-6.15767199975446],[106.95474299960982,-6.157673000235713],[106.95715899996421,-6.158449000074036],[106.95851499978016,-6.159471000059163],[106.95862500002578,-6.158883999745734],[106.96099899983999,-6.158333999667069],[106.96097699992659,-6.155873999666259],[106.9632320000388,-6.156336000083874],[106.96771300009172,-6.155212000107478],[106.96801100012179,-6.155820000304103],[106.96910399968117,-6.155600000165816],[106.9691910004394,-6.157315000042479],[106.97085399981307,-6.157324000304681],[106.97066299995707,-6.154400999816242],[106.97152199995452,-6.154253999785274],[106.9713560001483,-6.152639000007696],[106.97220400008571,-6.151479000057193],[106.97189899984716,-6.15004199959877],[106.97068899959022,-6.150513000282325],[106.97082200026522,-6.149493000311252],[106.97127900017401,-6.149007999985262],[106.97133399989704,-6.147777999719873],[106.97101299967443,-6.147737000383639],[106.97097300034974,-6.146542999900151],[106.97138700039525,-6.146430999968339],[106.97125699988467,-6.146013000232688],[106.97177799967467,-6.145883999893515],[106.97258100029963,-6.146178000322959],[106.97182299958082,-6.14462599974174],[106.97168199956985,-6.142962000297743],[106.97026299973963,-6.140205000352094],[106.97073500017004,-6.140066000281684],[106.97063199994408,-6.137156000210873],[106.9703880002508,-6.137141999824591],[106.96959400026938,-6.132711999616252],[106.97031700010037,-6.132165999879077],[106.97006200029386,-6.129220000103917],[106.97034899965105,-6.129232000233807],[106.97071899969356,-6.124937000337524],[106.97105500018428,-6.124949999691352],[106.97108200008363,-6.124676000237091],[106.97036499984391,-6.123060999759015],[106.97075799961988,-6.12060000011986],[106.9702120001161,-6.116658000018594],[106.96998699961753,-6.11671000037174],[106.9698699996885,-6.114330999629043],[106.97031999989345,-6.113546999968082],[106.96998999955483,-6.111735000349898],[106.9704390000206,-6.111487999993771],[106.97009700029105,-6.1086340000694666],[106.97027800011612,-6.106549000441493],[106.96991099981561,-6.104740000448182],[106.96995500024353,-6.101732000300937],[106.97038800000124,-6.100210999952518],[106.97008200024736,-6.098759999737837],[106.9704520003667,-6.096655000318676],[106.97098599976245,-6.096262000109584],[106.97019500040331,-6.093646999631832],[106.97004699975749,-6.090772999749212],[106.96972099975497,-6.091154999752064],[106.96799899998028,-6.091031999563958],[106.9679379996616,-6.08888600028451],[106.96793300028303,-6.091194000017991],[106.96634099994994,-6.091901999915934],[106.96776000032452,-6.091496000019327],[106.96789500040384,-6.092054000412209],[106.96705899986623,-6.093130999840226],[106.96567700028645,-6.093765999977171],[106.9648579998155,-6.093732000159943],[106.96365400012331,-6.092300999866965],[106.96180899990433,-6.092654999796164],[106.95925699981119,-6.093754000174686],[106.95869099964926,-6.093250000439405],[106.95866900030522,-6.096093000064649],[106.95760400016536,-6.097334999577188],[106.9566269997275,-6.097304000422461],[106.95692000016213,-6.096811999999354],[106.95705200021094,-6.094060000053989],[106.9568160003241,-6.09578699972248],[106.95651200018943,-6.095775000405458],[106.95648300022258,-6.0949530002905234],[106.9551469996766,-6.0950279999513075],[106.95477600037958,-6.089573999776292],[106.95033099957557,-6.090089000081809],[106.95073799955273,-6.095460999657186],[106.94861199981936,-6.095510000104755],[106.94787599956948,-6.0905089997238235],[106.9478450000774,-6.0911740003613355],[106.9474569995617,-6.091645999941319],[106.94760099966035,-6.0922479999969354],[106.94723500012108,-6.092507000244433],[106.94756900022914,-6.09321099966152],[106.94637499984623,-6.0939430004079895],[106.94725199965245,-6.09422800029944],[106.94727499995062,-6.094713000158094],[106.94717299971755,-6.0949290001245],[106.94632200025326,-6.094842000047551],[106.94640900040895,-6.096429000415056],[106.94672900022616,-6.096644000090044],[106.94975799976507,-6.096543000331174],[106.94749500014633,-6.096802000413884],[106.9455069997043,-6.0976979996159635],[106.94495500014403,-6.097766999796782],[106.94470400033487,-6.097275000000257],[106.94471900002381,-6.097691000216671],[106.94438199983435,-6.097840999985433],[106.94246399986801,-6.098177999832555],[106.94060200029567,-6.098137999603054],[106.94027999979195,-6.097429999853598],[106.93958799991907,-6.097729000438817],[106.93935499981538,-6.096149999920975],[106.93417900039003,-6.096238999939377],[106.92675199991668,-6.097562999615806],[106.92637499964577,-6.097716999660479],[106.92613000027711,-6.099531999845816],[106.92544700032157,-6.09914999980318],[106.92568900044309,-6.0987160002424785],[106.92380199993462,-6.099835000261114],[106.92024099980983,-6.100548000326656],[106.91976900043464,-6.101504999900732],[106.9198590002252,-6.103419000386691],[106.92126799985027,-6.103495999960574],[106.92132999994337,-6.103767999867941],[106.91948200016024,-6.1042389998060305],[106.91905000017887,-6.103521000123519],[106.91919999987297,-6.101440000216606],[106.91884199966891,-6.100818000187264],[106.91885999997365,-6.099114999738462],[106.91498399995159,-6.098919999849778],[106.9143600000752,-6.100035000439308],[106.91403899996857,-6.10001900014578],[106.91408700015398,-6.098654999547401],[106.91126999992188,-6.098552999657778],[106.91103600035457,-6.098956000432607],[106.90933399981733,-6.09894699968814],[106.90796800006905,-6.099957999674199],[106.90794200002999,-6.101614000175088],[106.91036799974452,-6.101667000437861],[106.91044099968052,-6.10347900006279],[106.90933000041433,-6.1034549997420235],[106.9093310002685,-6.10383300034827],[106.90779599956839,-6.103809000428352],[106.9076370003942,-6.104279000198293],[106.90738599959086,-6.104031999554751],[106.90735200040557,-6.106197000059102],[106.90697800020159,-6.108448999770515],[106.90676299973866,-6.108474000265903],[106.90639100029708,-6.107819999765789],[106.90593700035579,-6.107774999844095],[106.90524599972123,-6.1070879999785035],[106.90549900006702,-6.098569999813337],[106.90514199989484,-6.097932000065024],[106.89277000021382,-6.097367000304166],[106.89240799965484,-6.106873000080664],[106.89209499955527,-6.1068580002517985],[106.89208600023566,-6.106573999825051],[106.89165199991989,-6.1065590003485415],[106.89163200026117,-6.10683999981934],[106.89070899969636,-6.106784000183266],[106.89100700028195,-6.097367000377464],[106.88833999990581,-6.097212000343508],[106.88796399978196,-6.106554000324371],[106.88670099999291,-6.106547999814743],[106.88700900023109,-6.097409999652123],[106.88612300008134,-6.09633899988207],[106.88645600013389,-6.096357000141007],[106.88645899997296,-6.096105000404204],[106.88428799982596,-6.096029999631752],[106.88378100021518,-6.10641699977159],[106.88228200007515,-6.106381000005541],[106.88268700020056,-6.094812000352819],[106.8821869999649,-6.09479100027946],[106.88200699971256,-6.096092000050974],[106.88174600028948,-6.096034999998786],[106.88178099971012,-6.0953949998640296],[106.88116800003597,-6.095355999579761],[106.88108799984741,-6.096655999659859],[106.88076700013002,-6.096999000006775],[106.88043800016837,-6.096989000323967],[106.88040199999449,-6.095460000238931],[106.88022999954688,-6.097742999565096],[106.87993800022345,-6.098524999750218],[106.8796170002347,-6.098565000341488],[106.87964100007984,-6.094302999748864],[106.87951200036707,-6.09524599982276],[106.87915800019212,-6.094980000137609],[106.87906500001635,-6.095213000258143],[106.87875600020529,-6.10146499955737],[106.87911500040356,-6.101943000329969],[106.88023600026469,-6.102128999808159],[106.8802249995708,-6.102461000323255],[106.87879300008697,-6.102366999851321],[106.87865699966001,-6.105980000332098],[106.87890600013905,-6.105968999697472],[106.87863400002203,-6.106711000150954],[106.87856999969463,-6.109880000410493],[106.87758599976603,-6.1104189997356215],[106.87723600024916,-6.110189000005413],[106.87796799960746,-6.10750799995111],[106.87794999999721,-6.106997999879081],[106.87762099966665,-6.107297000123234],[106.8777109999711,-6.106856000205547],[106.87742099991401,-6.1067719997433665],[106.87646699972048,-6.110436999987751],[106.87604899957135,-6.110419999784539],[106.8766590001913,-6.1066589998837575],[106.87687199970206,-6.106738000109403],[106.87744800040709,-6.105253000035285],[106.87756099968526,-6.101876000381441],[106.87668500024043,-6.101775999920899],[106.8746770000388,-6.10367700023598],[106.87266099996634,-6.113693999710117],[106.87290100011663,-6.114127000091814],[106.87178700025328,-6.115344000442534],[106.87120899988179,-6.115030999946491],[106.87055000030574,-6.1153359995860646],[106.87024099957712,-6.114774000012126],[106.87097399984282,-6.11434899976532],[106.87170699971888,-6.111550000151071],[106.87146900028266,-6.111142999574364],[106.87185700029828,-6.1105440003522284],[106.87138599982237,-6.110421999946503],[106.86599499968766,-6.113379999882632],[106.86464399980503,-6.1137120002753775],[106.86492500040954,-6.1123860002240455],[106.87202100008098,-6.108557999678323],[106.87296400041285,-6.10436200011373],[106.87141199992533,-6.105408999742821],[106.87047200029998,-6.106615000051744],[106.86782399968422,-6.1086320003431585],[106.86762800037613,-6.109085000369625],[106.86389399982056,-6.111523000065067],[106.8635120002437,-6.112181999899663],[106.86353399958168,-6.115297999651932],[106.86332599978775,-6.11533499965466],[106.86315299963991,-6.114090000402412],[106.86271800035301,-6.114152999664455],[106.86256900043452,-6.113259000123329],[106.86264500004178,-6.114408000189854],[106.8613750001143,-6.114655000438885],[106.86060099976707,-6.108336000030978],[106.86236799967385,-6.10598500012921],[106.86058400024983,-6.108315000076167],[106.86079699994221,-6.1101799998889605],[106.85842099969365,-6.110825999976822],[106.85794200029292,-6.110761000203045],[106.85745800038181,-6.110084999878895],[106.85646200010174,-6.110283000385311],[106.85460600037433,-6.111876999665964],[106.85428499979109,-6.112471999951926],[106.85436500026105,-6.113144000166331],[106.85513599960129,-6.113847000081231],[106.85524500009134,-6.11480699989557],[106.85190400035239,-6.1164769996944806],[106.84883800023084,-6.1170700003139595],[106.8473010001251,-6.116821999664283],[106.84312600014424,-6.118466999917919],[106.84731300009061,-6.116851000185612],[106.84828800014357,-6.116869999900574],[106.8494420000462,-6.11745199960124],[106.85325300006598,-6.116613999567738],[106.85474000006563,-6.1153260003376415],[106.8570910000193,-6.113902000315589],[106.85782800044775,-6.113773000060132],[106.85846500020891,-6.1141029999270495],[106.85868699974569,-6.114655000101342],[106.85755900015333,-6.1161459999083245],[106.85624500023751,-6.116910000417831],[106.85509899975142,-6.117129000023424],[106.85393099992862,-6.118404000255095],[106.85358000018931,-6.118143999668442],[106.85233400035473,-6.118819999923408],[106.8517359997622,-6.118625999641888],[106.85066599987526,-6.119362999605833],[106.84953300015184,-6.119608000016081],[106.84866499981804,-6.11933500013067],[106.84874799969518,-6.119991999629541],[106.84796200020952,-6.120373000033437],[106.84691399991476,-6.120227999643868],[106.84647700037698,-6.119233000200506],[106.84652500041402,-6.12013400012154],[106.84387099966234,-6.121062000444203],[106.8431640003111,-6.122903999663211],[106.84340299958902,-6.1233519999777],[106.84306799960942,-6.123622999840263],[106.84155800000902,-6.123558999730872],[106.84053900000397,-6.123870000244287],[106.8397739998176,-6.1235940003265705],[106.83930400006453,-6.122570999986555],[106.84022799974302,-6.122250999852788],[106.84169500012075,-6.1227420003520825],[106.84233000018165,-6.122642000048636],[106.84306299995062,-6.121866999674484],[106.8426779999513,-6.121058000409792],[106.84123899983507,-6.120929999622572],[106.84079400033694,-6.1205679997050995],[106.83843400012742,-6.12109900036754],[106.83843600000071,-6.120875999887961],[106.8372379998342,-6.121075000066321],[106.83625199987856,-6.12080200041453],[106.83575100019358,-6.121384999766612],[106.83479099966412,-6.121691999719233],[106.83415499958416,-6.121289000048896],[106.83413700029242,-6.120843000019166],[106.83018000012609,-6.120985000233533],[106.82991899988745,-6.120189999962405],[106.82936300006577,-6.120145000288811],[106.82890200007323,-6.116611000216633],[106.83661200036667,-6.117626000201698],[106.83716099960498,-6.118424000299761],[106.83716699998722,-6.119070999768822],[106.83561100038825,-6.120471999770865],[106.8371800001916,-6.1190829997352525],[106.83723000003717,-6.118564000142062],[106.83661599968865,-6.117610999888371],[106.82899599993114,-6.116530999685377],[106.82892800006333,-6.117145999610947],[106.82814000011567,-6.117155000339144],[106.82757899984796,-6.1163659996033894],[106.81721899979773,-6.114876000362022],[106.81648899971017,-6.119865000083018],[106.81461399983274,-6.119465000138654],[106.81383600014388,-6.12075200044722],[106.81311100025954,-6.120660000252757],[106.81295699973984,-6.1198889995735275],[106.81239899996145,-6.119971000016728],[106.81227100026807,-6.119239999741909],[106.81202599976862,-6.119282999709452],[106.81253300028499,-6.122551000157973],[106.81183200009572,-6.122673000326963],[106.81142999989363,-6.120475999704601],[106.80959799969943,-6.120202000159756],[106.80903700044254,-6.116936000089543],[106.80800699974968,-6.116074000036789],[106.80728500008428,-6.116094000161814],[106.80632899961196,-6.110965000187185],[106.80599399974098,-6.108430999854957],[106.80618799971086,-6.1079089999043275],[106.80381099998536,-6.094433000101818],[106.80303200024046,-6.094575999997727],[106.80446299958724,-6.101961999873061],[106.80244200035082,-6.102271000083975],[106.80198199997581,-6.099862999781947],[106.80087400024917,-6.099995999996594],[106.79978500007918,-6.0947780003512015],[106.80011600024241,-6.09660599994694],[106.79889599987754,-6.096784000220607],[106.79844900026691,-6.094291000204636],[106.8005570000262,-6.092442999867309],[106.79820600030108,-6.094146000303363],[106.79997400014278,-6.103946999797777],[106.79946199965467,-6.104022000286695],[106.79987000032571,-6.106220999849367],[106.79947099964276,-6.107366999845822],[106.7988920003737,-6.1078159998123756],[106.79762599990782,-6.108105999624041],[106.79752499991817,-6.108791000216553],[106.79616600009099,-6.108869999779127],[106.79597400022882,-6.107264999947827],[106.79580099958234,-6.105408000450212],[106.79623899985603,-6.10410500022587],[106.79664199974575,-6.103914999939647],[106.79654699989479,-6.100562000296944],[106.79710799965109,-6.095151999818798],[106.79670800026429,-6.0942579997098],[106.79601600009035,-6.093974000095164],[106.79528900027037,-6.094394999633678],[106.79558200045172,-6.095050000311371],[106.796162000322,-6.0948300000300355],[106.79649900014034,-6.095087999942422],[106.79634200037042,-6.097004000431463],[106.79435000009775,-6.097997999593312],[106.79422599990055,-6.098517000445454],[106.7939230000904,-6.101387999919608],[106.79431700004909,-6.102940999705498],[106.7940830001638,-6.104989999571088],[106.7935769998979,-6.105510000439139],[106.79041999990999,-6.1068310003905975],[106.79013499964366,-6.1079869999917085],[106.7904139999608,-6.107996000171513],[106.78726399999105,-6.108112000257661],[106.78709299977245,-6.1090600000150195],[106.7869040003864,-6.108243000177796],[106.78638699997676,-6.108061999716545],[106.78566400028001,-6.108087000331399],[106.78515300042176,-6.1085370001607675],[106.78251299992532,-6.10855799962827],[106.77781200008306,-6.106658999673303],[106.77808699970369,-6.10572199959713],[106.77772400040448,-6.106535000060092],[106.77657600021408,-6.106041999568788],[106.77732000005686,-6.1065609998298465],[106.77695900005324,-6.1075659997112055],[106.77655900015255,-6.107578999792617],[106.7764229997379,-6.10794800032995],[106.77593300012096,-6.107779000442323],[106.77452600017996,-6.110117000285431],[106.7742319996551,-6.1098240001826705],[106.77499099964409,-6.107809000281898],[106.7747109996055,-6.107697000397045],[106.77491599977911,-6.106993999861411],[106.77555000011859,-6.1066849998093735],[106.77716699998908,-6.1025970003513414],[106.77661200001813,-6.103719999881887],[106.77491299992379,-6.103858000112515],[106.77449899997052,-6.10490799982993],[106.77222600000158,-6.10456699972604],[106.77142899990534,-6.1042170001909675],[106.77215600003463,-6.10227900009304],[106.77135700021098,-6.103754000289956],[106.76998799982596,-6.103300999998905],[106.7692729998536,-6.102963000303672],[106.76726600013009,-6.10066699984939],[106.76654499997676,-6.100457999646378],[106.7647110000733,-6.098990000307173],[106.76352499960288,-6.100275000153131],[106.76357599959236,-6.100483999739883],[106.76463800044343,-6.0999760001576],[106.76498200015926,-6.100122999865041],[106.76407200008727,-6.10276700006595],[106.76258700010774,-6.103601999827262],[106.76065699997181,-6.104028000228484],[106.76078800023241,-6.103835999702499],[106.76037999983537,-6.1036839996941525],[106.75999999992868,-6.104120999731709],[106.75932899975861,-6.104035000026134],[106.75934499981699,-6.103821000103035],[106.75839699977207,-6.104056000165323],[106.7556960002382,-6.103553999626969],[106.75217900037696,-6.100910000075558],[106.75073500038297,-6.1008489999810145],[106.75031800043348,-6.100341999716378],[106.75024800012862,-6.099537999881009],[106.74859899981656,-6.100219000028652],[106.74689299967183,-6.099897999874184],[106.74642500008673,-6.1012699998872195],[106.74571299987376,-6.100661999657151],[106.74498899976375,-6.101785000110569],[106.74408600036332,-6.10188799960513],[106.7418060001157,-6.101245999701735],[106.74154300024921,-6.101991999919956],[106.74106799968385,-6.1020009998147815],[106.74063500027067,-6.101858000077255],[106.74057600031861,-6.1007910001761845],[106.73823999989669,-6.099450999752957],[106.73773200042974,-6.0996740002208965],[106.73742100000327,-6.100274000308238],[106.73637300044427,-6.099579000055805],[106.73641600026987,-6.0985729997873195],[106.73391799993526,-6.096038999868577],[106.73328100027827,-6.09580400033941],[106.73169400023613,-6.097688999934509],[106.73128000044221,-6.097601999831976],[106.73113200032054,-6.096992999583997],[106.73001099956457,-6.096201999852537],[106.72911600003579,-6.094826000422271],[106.72855199970124,-6.0947470000375485],[106.72727300039841,-6.093612000141613],[106.72756999973895,-6.0929849995980545],[106.72719000002077,-6.092787000222196],[106.72677600008073,-6.0917279998511695],[106.72670099961292,-6.092194999979963],[106.72615299957029,-6.092319999632541],[106.72589900011204,-6.091684999569782],[106.72698900030403,-6.090068000218476],[106.72630399988827,-6.089845000357544],[106.72562699987408,-6.089086999755135],[106.72368900027483,-6.0903989997563315],[106.72234000020015,-6.091918999858991],[106.72094799974893,-6.091457999654543],[106.7193870004479,-6.092591000320555],[106.71860699961242,-6.091634000338823],[106.71654999988229,-6.091913000403623],[106.71386599976393,-6.094636000136183],[106.71462800008916,-6.095489000137287],[106.71441799999879,-6.09578499987883],[106.71249000029799,-6.095691000353525],[106.7106200003035,-6.096368000334944],[106.71075900005881,-6.096804000221137],[106.71142300023234,-6.096440999867501],[106.71248800015421,-6.097411000261111],[106.7128729996052,-6.097358000022625],[106.71435999982282,-6.098940000051516],[106.71752899971285,-6.105040000190167],[106.7272919999734,-6.117413000413412],[106.73339700010224,-6.123173000137045],[106.73875099962544,-6.126911000308815],[106.7447740002572,-6.129987999795565],[106.75066599961353,-6.134300000216153],[106.75628500015839,-6.1365910001683455],[106.76821199956701,-6.140653999930354],[106.77275699978392,-6.141465999965279],[106.77514799998849,-6.1415289996280835],[106.77555799993448,-6.141930999793896],[106.77543700035578,-6.14365500044089],[106.7748600001106,-6.1454399999940215],[106.77726299956988,-6.144063999871557],[106.78778000034315,-6.143184999889135],[106.78938799961666,-6.1424290000955875],[106.79049300035058,-6.1422860001240505],[106.79207700020508,-6.142795000324444],[106.80056299989313,-6.141884000030251],[106.80021599979072,-6.135840000399901],[106.80063899956832,-6.134370000002917],[106.8013989997539,-6.133461000207034],[106.802728999999,-6.132820000054711],[106.81318699959067,-6.130126999862448],[106.81498399972683,-6.130224000417373],[106.81695999991823,-6.137050999554914],[106.81986900042467,-6.136325999649899],[106.82153699961067,-6.136828000022947],[106.82774900032142,-6.135885000262193],[106.83070000038703,-6.135136999981824],[106.83068499985544,-6.139100999570509],[106.83111600001824,-6.140261000221403],[106.83196999968236,-6.141106999717417],[106.83418999977577,-6.141967999939967],[106.8354829999596,-6.14287200000531],[106.83649300030864,-6.144195999970857],[106.83715299965449,-6.146049999622889],[106.83729700036527,-6.144577999966141],[106.83841000000344,-6.141780999620249],[106.84395699997256,-6.1449199996851425],[106.84531099976957,-6.142328000181497],[106.84833599998134,-6.141737000353264],[106.85040599964013,-6.152764000130293],[106.85667999982539,-6.151835000180011],[106.8718109996772,-6.160292999680781],[106.87683700034562,-6.163483000001537],[106.88139099958374,-6.162523000012146],[106.87890300015464,-6.1664200003496985],[106.88132399975572,-6.167244999594994],[106.89100399989988,-6.173132000120007],[106.89654299980812,-6.1780110000960775],[106.90142099963023,-6.1785699998865],[106.90663299962208,-6.1805469996706766]],[[106.72505871425896,-6.0918697135735975],[106.7250600002071,-6.091870999789447],[106.72537300029609,-6.092323999981248],[106.72505871425896,-6.0918697135735975]]],[[[106.7531630003965,-6.07438100043373],[106.75216300032089,-6.074102999728655],[106.7511870000396,-6.074556000451548],[106.74969500018264,-6.078134000319809],[106.74779100042761,-6.08122899993267],[106.7459729996447,-6.083439000351771],[106.74278599994692,-6.0863940001997685],[106.74161100033733,-6.087987999887228],[106.73791899982616,-6.0958349999359145],[106.73787299988508,-6.096772000122209],[106.73849999964563,-6.097591000144708],[106.74176699983703,-6.099152999807059],[106.74328799975864,-6.099376000051399],[106.74710699985617,-6.098181999801528],[106.75053499973683,-6.0980450001182245],[106.75128900044226,-6.097364999800451],[106.75786800021746,-6.0777970001560195],[106.7577370001706,-6.077159000208232],[106.75708199996774,-6.07641999980009],[106.7531630003965,-6.07438100043373]]],[[[106.91912299957906,-6.089737000278412],[106.92339200045036,-6.089295000002306],[106.92336700015812,-6.082168999601105],[106.89902699990435,-6.082314000135503],[106.89905900006727,-6.089884000183824],[106.8998339996585,-6.090236000104191],[106.91524399991017,-6.0903339997190695],[106.9182490000189,-6.090221000039047],[106.91912299957906,-6.089737000278412]]],[[[106.73467699998662,-6.0824930002411],[106.73428999991532,-6.082011000104548],[106.73444499999174,-6.0817670000058905],[106.73404799995531,-6.081822000031956],[106.72969200041308,-6.085532999910712],[106.72887700009325,-6.086693999718553],[106.72872199994062,-6.088087000358892],[106.72894000015633,-6.088829999748384],[106.73551499975272,-6.095029000038787],[106.73654100040578,-6.095376999911241],[106.7375229995755,-6.094783000325667],[106.73838899964382,-6.093217999829687],[106.74064599963539,-6.087353999899275],[106.7400920002232,-6.087519000001952],[106.73835300022634,-6.086187999748971],[106.73593100018373,-6.083379999743074],[106.73467699998662,-6.0824930002411]]],[[[106.79097599973223,-6.104256000199428],[106.79091000019397,-6.099891000427802],[106.79141500035298,-6.095970999605425],[106.79154500034876,-6.0956949998668355],[106.79313900028907,-6.096526999651834],[106.79404400024586,-6.096262999912294],[106.79490799979077,-6.09354899980397],[106.79425200025985,-6.092987000144597],[106.79302200013042,-6.092830999689143],[106.79194499998125,-6.093072000170735],[106.79094400004868,-6.094034000253159],[106.79029000041966,-6.100365999956902],[106.78996600040541,-6.100507000300747],[106.7899159998782,-6.101325999564708],[106.7904009995511,-6.106659000034609],[106.79125000026372,-6.1062670004330215],[106.79088899969832,-6.104821000397934],[106.79125499975926,-6.104814999805981],[106.79128300028036,-6.105512000097291],[106.79164500002868,-6.10575200005902],[106.79201599993748,-6.105529000147127],[106.79191699970731,-6.104861999956012],[106.7921960000148,-6.104801999783334],[106.79258099959412,-6.105351000110517],[106.79339700023917,-6.104475999787071],[106.79310999989369,-6.1042050003739545],[106.79097599973223,-6.104256000199428]]],[[[106.87808300036833,-6.0949139995936665],[106.87724399989743,-6.094721999586676],[106.87731699961948,-6.093777000448578],[106.87658799994134,-6.097587999636658],[106.87458900002368,-6.09723299957541],[106.8738490001459,-6.100651999550909],[106.87506600013442,-6.098331000174846],[106.87579100018274,-6.097972000329748],[106.87643500004503,-6.09803299994516],[106.87605400043925,-6.100424999944022],[106.87657000041595,-6.099472000180593],[106.87702700038191,-6.099513000221669],[106.87694700034916,-6.100321999813737],[106.87777500035115,-6.099836999768373],[106.87818299983873,-6.099107999645606],[106.8783819995616,-6.095830000393348],[106.87834699989178,-6.095045999587504],[106.87808300036833,-6.0949139995936665]]],[[[106.78247600005507,-6.092744999749855],[106.78106300020298,-6.090866999891028],[106.77894099992149,-6.0910369995735225],[106.77846300004728,-6.091427999872091],[106.7786799997635,-6.091687000255123],[106.77882200019435,-6.091284000032925],[106.7792359997637,-6.091178000194613],[106.78002100037688,-6.094651000372636],[106.77975599978393,-6.0950380003805655],[106.78017900016225,-6.095013000055477],[106.77995200041703,-6.094306000389128],[106.7809590001672,-6.0946969995886935],[106.78125500001687,-6.097089999739635],[106.78126699978998,-6.095679000412161],[106.78159800016333,-6.095307000264859],[106.78137400005116,-6.095391000290367],[106.78131600042269,-6.095011999987195],[106.78210699989819,-6.09262800021478],[106.78296199999609,-6.093685000090168],[106.78300099981341,-6.094620999916698],[106.78333600007564,-6.094388000071355],[106.78247600005507,-6.092744999749855]]],[[[106.79313199974624,-6.100786999555468],[106.7933389999769,-6.100386999608864],[106.79299500039485,-6.100145999623057],[106.79118499964238,-6.100408999900383],[106.79140700018458,-6.103827999561418],[106.79189599978875,-6.1038459997823455],[106.79189699959876,-6.10361300028651],[106.79270799967155,-6.103837000438847],[106.79283700024169,-6.103583999770529],[106.79332499969047,-6.103826999572692],[106.79336700020117,-6.100777999558936],[106.79313199974624,-6.100786999555468]]],[[[106.79298399976392,-6.0968380000145626],[106.7921750002052,-6.096576999999988],[106.79162000022579,-6.096884000366147],[106.79137299958566,-6.099610000330542],[106.79303500002347,-6.099786000353949],[106.79339299976321,-6.099525000176441],[106.79357700024967,-6.097369999940089],[106.79298399976392,-6.0968380000145626]]],[[[106.90663299962208,-6.1805469996706766],[106.90663299958948,-6.180547999642507],[106.90678000025491,-6.180601999728747],[106.90663299962208,-6.1805469996706766]]]]}}],"metadata":{"source":"Jakarta Satu Geoportal (DKI Jakarta Provincial Government)","service":"https://jakartasatu.jakarta.go.id/server/rest/services/Batas_Administrasi_Update/Batas_Administrasi_DKI_Jakarta_Update_View/MapServer/5","dataset":"Batas Administrasi Kabupaten/Kota","accessedAt":"2026-09-25T08:26:58.120Z","confidence":"High — official government GIS service, live-queried","featureCount":6}}