{"type":"FeatureCollection","features":[{"type":"Feature","id":1,"geometry":{"type":"Polygon","coordinates":[[[106.58558182399997,-6.177910759999975],[106.585199338,-6.176949639999975],[106.583398026,-6.17242319799999],[106.58173469299999,-6.173086054999999],[106.57414618500002,-6.176110084000015],[106.51923309900002,-6.197993177000001],[106.52161338899998,-6.203976877000002],[106.525249046,-6.213116383999989],[106.52673843000002,-6.212247290999983],[106.583950098,-6.1788630429999785],[106.58558182399997,-6.177910759999975]]]},"properties":{"OBJECTID":1,"NAMOBJ":"Soekarno-Hatta (CGK) - Kota Tanggerang","IDBNDR":"1","KODBNDR":"APLL07R10","KAWASAN":"Ancangan Pendaratan dan Lepas Landas","KEMIRINGAN":0,"LNDSNPC":"07R","ELEVASI_1":151,"ELEVASI_2":151,"ELEVASIMSL_1":157.32500000000002,"ELEVASIMSL_2":157.32500000000002,"DISTANCE_1":6482,"DISTANCE_2":15000,"REFMSL":6.325,"RUMUS":null,"KETERANGAN":null,"SHAPE.AREA":0.000766088527419132,"SHAPE.LEN":0.161107389704539}},{"type":"Feature","id":2,"geometry":{"type":"Polygon","coordinates":[[[106.61996603699998,-6.157846775999985],[106.61951564100002,-6.156714978000025],[106.61153982799999,-6.161111134000009],[106.61207348300002,-6.162452201999997],[106.61262040700001,-6.162133058999984],[106.61996603699998,-6.157846775999985]]]},"properties":{"OBJECTID":2,"NAMOBJ":"Soekarno-Hatta (CGK) - Kota Tanggerang","IDBNDR":"1","KODBNDR":"APLL07R03","KAWASAN":"Ancangan Pendaratan dan Lepas Landas","KEMIRINGAN":0,"LNDSNPC":"07R","ELEVASI_1":46,"ELEVASI_2":46,"ELEVASIMSL_1":52.325,"ELEVASIMSL_2":52.325,"DISTANCE_1":3000,"DISTANCE_2":4000,"REFMSL":6.325,"RUMUS":null,"KETERANGAN":null,"SHAPE.AREA":0.000012024572573827,"SHAPE.LEN":0.0209065604470479}},{"type":"Feature","id":3,"geometry":{"type":"Polygon","coordinates":[[[106.61951564100002,-6.156714978000025],[106.61846263899997,-6.154068864999999],[106.617459731,-6.151548599000023],[106.61640662399998,-6.148902150000026],[106.60759516000002,-6.1511979879999785],[106.60975321900003,-6.156621341999994],[106.61062992000001,-6.158824551999999],[106.61153982799999,-6.161111134000009],[106.61951564100002,-6.156714978000025]]]},"properties":{"OBJECTID":3,"NAMOBJ":"Soekarno-Hatta (CGK) - Kota Tanggerang","IDBNDR":"1","KODBNDR":"APLL07R02","KAWASAN":"Ancangan Pendaratan dan Lepas Landas","KEMIRINGAN":0,"LNDSNPC":"07R","ELEVASI_1":46,"ELEVASI_2":46,"ELEVASIMSL_1":52.325,"ELEVASIMSL_2":52.325,"DISTANCE_1":3000,"DISTANCE_2":4000,"REFMSL":6.325,"RUMUS":null,"KETERANGAN":null,"SHAPE.AREA":0.0000861935625304675,"SHAPE.LEN":0.037290629923563204}},{"type":"Feature","id":4,"geometry":{"type":"Polygon","coordinates":[[[106.57414618500002,-6.176110084000015],[106.57843196699997,-6.174402210999972],[106.579616267,-6.173930263999978],[106.57560559500001,-6.163849933999984],[106.57331102299997,-6.1647644540000215],[106.55160382600002,-6.173415437000017],[106.55158330400002,-6.17342361599998],[106.54367001899999,-6.178041195999981],[106.520426778,-6.191604149],[106.51844689,-6.186626444000012],[106.51441142800002,-6.1764807509999855],[106.51262406000001,-6.171987068000021],[106.512623991,-6.171987084000023],[106.51088598299998,-6.172394259999976],[106.509207388,-6.1727875120000135],[106.51075884099998,-6.176688064000018],[106.51522275899998,-6.187910928999997],[106.51828998399998,-6.195622327000024],[106.51923309900002,-6.197993177000001],[106.57414618500002,-6.176110084000015]]]},"properties":{"OBJECTID":4,"NAMOBJ":"Soekarno-Hatta (CGK) - Kota Tanggerang","IDBNDR":"1","KODBNDR":"APLL07R11","KAWASAN":"Ancangan Pendaratan dan Lepas Landas","KEMIRINGAN":0,"LNDSNPC":"07R","ELEVASI_1":151,"ELEVASI_2":151,"ELEVASIMSL_1":157.32500000000002,"ELEVASIMSL_2":157.32500000000002,"DISTANCE_1":7353,"DISTANCE_2":15000,"REFMSL":6.325,"RUMUS":null,"KETERANGAN":null,"SHAPE.AREA":0.000665233819586151,"SHAPE.LEN":0.18953024346046102}},{"type":"Feature","id":5,"geometry":{"type":"Polygon","coordinates":[[[106.64364300199998,-6.144030616000009],[106.64344240499997,-6.143526576999989],[106.62669374500001,-6.152758362999975],[106.627069205,-6.153701832000024],[106.64364300199998,-6.144030616000009]]]},"properties":{"OBJECTID":5,"NAMOBJ":"Soekarno-Hatta (CGK) - Kota Tanggerang","IDBNDR":"1","KODBNDR":"KBK07R01","KAWASAN":"Kemungkinan Bahaya Kecelakaan","KEMIRINGAN":16,"LNDSNPC":"07R","ELEVASI_1":0,"ELEVASI_2":46,"ELEVASIMSL_1":6.325,"ELEVASIMSL_2":52.325,"DISTANCE_1":0,"DISTANCE_2":2103,"REFMSL":6.325,"RUMUS":null,"KETERANGAN":null,"SHAPE.AREA":0.0000147809324275675,"SHAPE.LEN":0.039871485069598804}},{"type":"Feature","id":6,"geometry":{"type":"Polygon","coordinates":[[[106.64304121100002,-6.142518499000005],[106.64284061500001,-6.142014460999974],[106.624336862,-6.146835784000018],[106.62657790499998,-6.152467275999982],[106.62669374500001,-6.152758362999975],[106.64344240499997,-6.143526576999989],[106.64324180800003,-6.143022538000025],[106.64314151000002,-6.14277051900001],[106.64304121100002,-6.142518499000005]]]},"properties":{"OBJECTID":6,"NAMOBJ":"Soekarno-Hatta (CGK) - Kota Tanggerang","IDBNDR":"1","KODBNDR":"KBK07R02","KAWASAN":"Kemungkinan Bahaya Kecelakaan","KEMIRINGAN":16,"LNDSNPC":"07R","ELEVASI_1":0,"ELEVASI_2":46,"ELEVASIMSL_1":6.325,"ELEVASIMSL_2":52.325,"DISTANCE_1":0,"DISTANCE_2":2103,"REFMSL":6.325,"RUMUS":null,"KETERANGAN":null,"SHAPE.AREA":0.000075917379755536,"SHAPE.LEN":0.0462477575007625}},{"type":"Feature","id":7,"geometry":{"type":"Polygon","coordinates":[[[106.64284061500001,-6.142014460999974],[106.642640019,-6.14151042200001],[106.62396558199998,-6.145889107000016],[106.62396087899998,-6.145890982000026],[106.624336862,-6.146835784000018],[106.64284061500001,-6.142014460999974]]]},"properties":{"OBJECTID":7,"NAMOBJ":"Soekarno-Hatta (CGK) - Kota Tanggerang","IDBNDR":"1","KODBNDR":"KBK07R03","KAWASAN":"Kemungkinan Bahaya Kecelakaan","KEMIRINGAN":16,"LNDSNPC":"07R","ELEVASI_1":0,"ELEVASI_2":46,"ELEVASIMSL_1":6.325,"ELEVASIMSL_2":52.325,"DISTANCE_1":0,"DISTANCE_2":2103,"REFMSL":6.325,"RUMUS":null,"KETERANGAN":null,"SHAPE.AREA":0.0000148016389007275,"SHAPE.LEN":0.0398668903412734}},{"type":"Feature","id":8,"geometry":{"type":"Polygon","coordinates":[[[106.593154502,-6.145396597000001],[106.59274594700003,-6.144369746999985],[106.59189786500002,-6.142238189000011],[106.59187515000002,-6.142181096999991],[106.59138284300002,-6.14094372400001],[106.59104404499999,-6.141078615000026],[106.58195984100001,-6.144695490000004],[106.57482817699997,-6.147534961000019],[106.52008163800002,-6.169332286999975],[106.521760427,-6.1735528880000174],[106.524666507,-6.180858993000015],[106.526120236,-6.184513775000028],[106.591425561,-6.146405499000025],[106.593154502,-6.145396597000001]]]},"properties":{"OBJECTID":8,"NAMOBJ":"Soekarno-Hatta (CGK) - Kota Tanggerang","IDBNDR":"1","KODBNDR":"APLL07L210","KAWASAN":"Ancangan Pendaratan dan Lepas Landas","KEMIRINGAN":0,"LNDSNPC":"07L2","ELEVASI_1":151,"ELEVASI_2":151,"ELEVASIMSL_1":157.32500000000002,"ELEVASIMSL_2":157.32500000000002,"DISTANCE_1":6507,"DISTANCE_2":15000,"REFMSL":6.325,"RUMUS":null,"KETERANGAN":null,"SHAPE.AREA":0.0008108413137747631,"SHAPE.LEN":0.175488392105841}},{"type":"Feature","id":9,"geometry":{"type":"Polygon","coordinates":[[[106.61130828199998,-6.148856963000014],[106.614724099,-6.148056059999988],[106.61595569899998,-6.147767284999986],[106.62396087899998,-6.145890982000026],[106.62396558199998,-6.145889107000016],[106.653405352,-6.13415229200001],[106.69093167199998,-6.119188787999974],[106.69093264899999,-6.119188398000006],[106.69720526999998,-6.115526011999975],[106.69870147300003,-6.114652448000015],[106.701348225,-6.11310712400001],[106.70538421399999,-6.110750838999991],[106.70538412799999,-6.110750709000001],[106.70469084299998,-6.10969756999998],[106.703960558,-6.108668236000028],[106.70319483200001,-6.107665037000004],[106.70239459800001,-6.10668919699998],[106.70156083,-6.105741903000023],[106.70069454499998,-6.104824310000026],[106.69979679699998,-6.103937535],[106.69910622399999,-6.103297184999974],[106.69904839899999,-6.103243570000018],[106.69904755200002,-6.10324287200001],[106.69719694999998,-6.10367716899998],[106.69671240100001,-6.103790876000005],[106.69526187600002,-6.104131224000014],[106.694913477,-6.1042129720000275],[106.690486813,-6.1052516290000085],[106.688635411,-6.10568602799998],[106.65502484199999,-6.119089008000003],[106.622433774,-6.132082239999988],[106.62242585000001,-6.132085399000005],[106.62230868300003,-6.132153768000023],[106.60724979899999,-6.1409437880000155],[106.60704305000002,-6.141064448999998],[106.60704301999999,-6.141065454999989],[106.60700551399998,-6.142327436000016],[106.60701203500003,-6.143589958999996],[106.60706257599998,-6.144851485000004],[106.60715707499998,-6.14611047599999],[106.60729541699999,-6.147365400000012],[106.60747743500002,-6.148614726000005],[106.607673739,-6.149709135000023],[106.61130828199998,-6.148856963000014]]]},"properties":{"OBJECTID":9,"NAMOBJ":"Soekarno-Hatta (CGK) - Kota Tanggerang","IDBNDR":"1","KODBNDR":"PHD02","KAWASAN":"Permukaan Horizontal Dalam","KEMIRINGAN":0,"LNDSNPC":"25R107L1","ELEVASI_1":46,"ELEVASI_2":46,"ELEVASIMSL_1":52.325,"ELEVASIMSL_2":52.325,"DISTANCE_1":465,"DISTANCE_2":1481,"REFMSL":6.325,"RUMUS":null,"KETERANGAN":null,"SHAPE.AREA":0.0013024861877946302,"SHAPE.LEN":0.22388974135863202}},{"type":"Feature","id":10,"geometry":{"type":"Polygon","coordinates":[[[106.615142386,-6.1363368849999915],[106.61470845899998,-6.135246365],[106.61469159199999,-6.135203976000014],[106.60671527300002,-6.13960040500001],[106.60695520299998,-6.140203402999987],[106.60724888700003,-6.140941496999972],[106.60724979899999,-6.1409437880000155],[106.615142386,-6.1363368849999915]]]},"properties":{"OBJECTID":10,"NAMOBJ":"Soekarno-Hatta (CGK) - Kota Tanggerang","IDBNDR":"1","KODBNDR":"APLL07L101","KAWASAN":"Ancangan Pendaratan dan Lepas Landas","KEMIRINGAN":0,"LNDSNPC":"07L1","ELEVASI_1":46,"ELEVASI_2":46,"ELEVASIMSL_1":52.325,"ELEVASIMSL_2":52.325,"DISTANCE_1":3000,"DISTANCE_2":4000,"REFMSL":6.325,"RUMUS":null,"KETERANGAN":null,"SHAPE.AREA":0.0000120418023190375,"SHAPE.LEN":0.0209115607704723}},{"type":"Feature","id":11,"geometry":{"type":"Polygon","coordinates":[[[106.67536853600001,-6.131381085999976],[106.67516791999998,-6.130877065999982],[106.674967305,-6.130373044999999],[106.67486702600002,-6.130121109000015],[106.67476668900002,-6.129869025000005],[106.67456607399998,-6.129365005000011],[106.67436551700001,-6.128861131000008],[106.674365459,-6.128860984000028],[106.642640019,-6.14151042200001],[106.64284061500001,-6.142014460999974],[106.64304121100002,-6.142518499000005],[106.64314151000002,-6.14277051900001],[106.64324180800003,-6.143022538000025],[106.64344240499997,-6.143526576999989],[106.64364300199998,-6.144030616000009],[106.67536853600001,-6.131381085999976]]]},"properties":{"OBJECTID":11,"NAMOBJ":"Soekarno-Hatta (CGK) - Kota Tanggerang","IDBNDR":"1","KODBNDR":"PU01","KAWASAN":"Permukaan Utama","KEMIRINGAN":0,"LNDSNPC":"07R-25L","ELEVASI_1":1.891,"ELEVASI_2":3.994,"ELEVASIMSL_1":8.216000000000001,"ELEVASIMSL_2":10.319,"DISTANCE_1":0,"DISTANCE_2":3660,"REFMSL":6.325,"RUMUS":null,"KETERANGAN":"RUNWAY1 (07R-25L)","SHAPE.AREA":0.0000926407343325035,"SHAPE.LEN":0.07373343041437991}},{"type":"Feature","id":12,"geometry":{"type":"Polygon","coordinates":[[[106.627069205,-6.153701832000024],[106.62706996499998,-6.1537037439999835],[106.65651470799997,-6.1419647899999745],[106.69404629799999,-6.126998979999996],[106.69404554099998,-6.126997076999999],[106.67536853600001,-6.131381085999976],[106.64364300199998,-6.144030616000009],[106.627069205,-6.153701832000024]]]},"properties":{"OBJECTID":12,"NAMOBJ":"Soekarno-Hatta (CGK) - Kota Tanggerang","IDBNDR":"1","KODBNDR":"PT07","KAWASAN":"Permukaan Transisi","KEMIRINGAN":143,"LNDSNPC":"25L07R","ELEVASI_1":0,"ELEVASI_2":46,"ELEVASIMSL_1":6.325,"ELEVASIMSL_2":52.325,"DISTANCE_1":150,"DISTANCE_2":465,"REFMSL":6.325,"RUMUS":null,"KETERANGAN":null,"SHAPE.AREA":0.000151346289513967,"SHAPE.LEN":0.14463614363119998}},{"type":"Feature","id":13,"geometry":{"type":"Polygon","coordinates":[[[106.69404554099998,-6.126997076999999],[106.69367000400001,-6.126053673000001],[106.67516791999998,-6.130877065999982],[106.67536853600001,-6.131381085999976],[106.69404554099998,-6.126997076999999]]]},"properties":{"OBJECTID":13,"NAMOBJ":"Soekarno-Hatta (CGK) - Kota Tanggerang","IDBNDR":"1","KODBNDR":"KBK25L3","KAWASAN":"Kemungkinan Bahaya Kecelakaan","KEMIRINGAN":16,"LNDSNPC":"25L","ELEVASI_1":1.891,"ELEVASI_2":46,"ELEVASIMSL_1":8.216000000000001,"ELEVASIMSL_2":52.325,"DISTANCE_1":0,"DISTANCE_2":2205,"REFMSL":6.325,"RUMUS":null,"KETERANGAN":null,"SHAPE.AREA":0.0000147796945003105,"SHAPE.LEN":0.039862976400409394}},{"type":"Feature","id":14,"geometry":{"type":"Polygon","coordinates":[[[106.71094358800002,-6.123030636999999],[106.71040978299999,-6.1216897030000155],[106.70067426600002,-6.124227766999979],[106.700716178,-6.124332896999988],[106.70111659999998,-6.125337304000027],[106.71033072699998,-6.123174493000022],[106.71094358800002,-6.123030636999999]]]},"properties":{"OBJECTID":14,"NAMOBJ":"Soekarno-Hatta (CGK) - Kota Tanggerang","IDBNDR":"1","KODBNDR":"APLL25L01","KAWASAN":"Ancangan Pendaratan dan Lepas Landas","KEMIRINGAN":16,"LNDSNPC":"25L","ELEVASI_1":46,"ELEVASI_2":46,"ELEVASIMSL_1":52.325,"ELEVASIMSL_2":52.325,"DISTANCE_1":3000,"DISTANCE_2":4000,"REFMSL":6.325,"RUMUS":null,"KETERANGAN":null,"SHAPE.AREA":0.0000131666228159245,"SHAPE.LEN":0.022792732108549502}},{"type":"Feature","id":15,"geometry":{"type":"Polygon","coordinates":[[[106.69367000400001,-6.126053673000001],[106.69355414099999,-6.125762608000002],[106.69131265800002,-6.120131555],[106.67456607399998,-6.129365005000011],[106.67476668900002,-6.129869025000005],[106.67486702600002,-6.130121109000015],[106.674967305,-6.130373044999999],[106.67516791999998,-6.130877065999982],[106.69367000400001,-6.126053673000001]]]},"properties":{"OBJECTID":15,"NAMOBJ":"Soekarno-Hatta (CGK) - Kota Tanggerang","IDBNDR":"1","KODBNDR":"KBK25L2","KAWASAN":"Kemungkinan Bahaya Kecelakaan","KEMIRINGAN":16,"LNDSNPC":"25L","ELEVASI_1":1.891,"ELEVASI_2":46,"ELEVASIMSL_1":8.216000000000001,"ELEVASIMSL_2":52.325,"DISTANCE_1":0,"DISTANCE_2":2205,"REFMSL":6.325,"RUMUS":null,"KETERANGAN":null,"SHAPE.AREA":0.00007591044438532149,"SHAPE.LEN":0.0462453623107494}},{"type":"Feature","id":16,"geometry":{"type":"Polygon","coordinates":[[[106.69093264899999,-6.119188398000006],[106.69093167199998,-6.119188787999974],[106.653405352,-6.13415229200001],[106.62396558199998,-6.145889107000016],[106.642640019,-6.14151042200001],[106.674365459,-6.128860984000028],[106.67436551700001,-6.128861131000008],[106.69093264899999,-6.119188398000006]]]},"properties":{"OBJECTID":16,"NAMOBJ":"Soekarno-Hatta (CGK) - Kota Tanggerang","IDBNDR":"1","KODBNDR":"PT06","KAWASAN":"Permukaan Transisi","KEMIRINGAN":143,"LNDSNPC":"25L07R","ELEVASI_1":0,"ELEVASI_2":46,"ELEVASIMSL_1":6.325,"ELEVASIMSL_2":52.325,"DISTANCE_1":150,"DISTANCE_2":465,"REFMSL":6.325,"RUMUS":null,"KETERANGAN":null,"SHAPE.AREA":0.000151307372748879,"SHAPE.LEN":0.144613258231229}},{"type":"Feature","id":17,"geometry":{"type":"Polygon","coordinates":[[[106.69131265800002,-6.120131555],[106.69093659999999,-6.119186822000017],[106.69093264899999,-6.119188398000006],[106.67436551700001,-6.128861131000008],[106.67456607399998,-6.129365005000011],[106.69131265800002,-6.120131555]]]},"properties":{"OBJECTID":17,"NAMOBJ":"Soekarno-Hatta (CGK) - Kota Tanggerang","IDBNDR":"1","KODBNDR":"KBK25L1","KAWASAN":"Kemungkinan Bahaya Kecelakaan","KEMIRINGAN":16,"LNDSNPC":"25L","ELEVASI_1":1.891,"ELEVASI_2":46,"ELEVASIMSL_1":8.216000000000001,"ELEVASIMSL_2":52.325,"DISTANCE_1":0,"DISTANCE_2":2205,"REFMSL":6.325,"RUMUS":null,"KETERANGAN":null,"SHAPE.AREA":0.000014797729357939,"SHAPE.LEN":0.0398709600582251}},{"type":"Feature","id":18,"geometry":{"type":"Polygon","coordinates":[[[106.57482817699997,-6.147534961000019],[106.58195984100001,-6.144695490000004],[106.58402043699999,-6.143875079999987],[106.58252407600003,-6.140113943000017],[106.58152136299998,-6.137593557000002],[106.58044581000001,-6.134890042999984],[106.58003236100001,-6.133850786999972],[106.577972139,-6.134671769000022],[106.51610235300001,-6.159327218999977],[106.51917285600001,-6.1670475419999775],[106.52008163800002,-6.169332286999975],[106.57482817699997,-6.147534961000019]]]},"properties":{"OBJECTID":18,"NAMOBJ":"Soekarno-Hatta (CGK) - Kota Tanggerang","IDBNDR":"1","KODBNDR":"APLL07L211","KAWASAN":"Ancangan Pendaratan dan Lepas Landas","KEMIRINGAN":0,"LNDSNPC":"07L2","ELEVASI_1":151,"ELEVASI_2":151,"ELEVASIMSL_1":157.32500000000002,"ELEVASIMSL_2":157.32500000000002,"DISTANCE_1":7384,"DISTANCE_2":15000,"REFMSL":6.325,"RUMUS":null,"KETERANGAN":null,"SHAPE.AREA":0.0007417348837288221,"SHAPE.LEN":0.15919546813791702}},{"type":"Feature","id":19,"geometry":{"type":"Polygon","coordinates":[[[106.58739377500001,-6.130917242999999],[106.58737142000001,-6.130861050000021],[106.586867778,-6.1295951129999935],[106.58601580700002,-6.127453603999982],[106.58560545,-6.126422127000012],[106.58151049899999,-6.127379322000024],[106.58130979999999,-6.127426234999973],[106.57910401999999,-6.127941822000025],[106.57674166999999,-6.128494062000016],[106.56170105000001,-6.132010066000021],[106.51004086799998,-6.144086522000009],[106.51156360700003,-6.147915221000005],[106.51610235300001,-6.159327218999977],[106.577972139,-6.134671769000022],[106.58328523199998,-6.132554524],[106.58739377500001,-6.130917242999999]]]},"properties":{"OBJECTID":19,"NAMOBJ":"Soekarno-Hatta (CGK) - Kota Tanggerang","IDBNDR":"1","KODBNDR":"APLL07L212","KAWASAN":"Ancangan Pendaratan dan Lepas Landas","KEMIRINGAN":0,"LNDSNPC":"07L2","ELEVASI_1":151,"ELEVASI_2":151,"ELEVASIMSL_1":157.32500000000002,"ELEVASIMSL_2":157.32500000000002,"DISTANCE_1":6507,"DISTANCE_2":15000,"REFMSL":6.325,"RUMUS":null,"KETERANGAN":null,"SHAPE.AREA":0.000815002361652101,"SHAPE.LEN":0.175585100583318}},{"type":"Feature","id":20,"geometry":{"type":"Polygon","coordinates":[[[106.57674166999999,-6.128494062000016],[106.57910401999999,-6.127941822000025],[106.59484680700001,-6.124261837999995],[106.59447779200002,-6.123334718000024],[106.59340512799997,-6.120639707999999],[106.59299574900001,-6.119611153999983],[106.59297045,-6.119547590000025],[106.59082210499997,-6.120403796000005],[106.58796449900001,-6.121542701999999],[106.581216143,-6.1242322759999865],[106.57589066700001,-6.126354757999991],[106.57499976999998,-6.1267098399999895],[106.57502617400002,-6.126776183000004],[106.57543553099998,-6.127804758000025],[106.575797695,-6.128714746000014],[106.57674166999999,-6.128494062000016]]]},"properties":{"OBJECTID":20,"NAMOBJ":"Soekarno-Hatta (CGK) - Kota Tanggerang","IDBNDR":"1","KODBNDR":"APLL07L306","KAWASAN":"Ancangan Pendaratan dan Lepas Landas","KEMIRINGAN":16,"LNDSNPC":"07L3","ELEVASI_1":103,"ELEVASI_2":151,"ELEVASIMSL_1":109.325,"ELEVASIMSL_2":157.32500000000002,"DISTANCE_1":5243,"DISTANCE_2":7384,"REFMSL":6.325,"RUMUS":null,"KETERANGAN":null,"SHAPE.AREA":0.0000699508498307155,"SHAPE.LEN":0.046139801845634404}},{"type":"Feature","id":21,"geometry":{"type":"Polygon","coordinates":[[[106.621933936,-6.131211991999976],[106.63861698900001,-6.122016417999987],[106.63861771400002,-6.122016008000003],[106.63841259499998,-6.121500556000001],[106.63830834599997,-6.121238584000025],[106.638304597,-6.121229163999999],[106.63821095499998,-6.120993845999976],[106.63801538299998,-6.120502382999973],[106.63801410000002,-6.1205027180000116],[106.63403683400003,-6.121541680000007],[106.63403197100001,-6.121542949999991],[106.63325706299997,-6.121995140000024],[106.62799936099998,-6.1250632200000155],[106.621091385,-6.129094301000009],[106.62075131900002,-6.1292927499999905],[106.62088702800003,-6.129633801000011],[106.621590368,-6.131401364999988],[106.621933936,-6.131211991999976]]]},"properties":{"OBJECTID":21,"NAMOBJ":"Soekarno-Hatta (CGK) - Kota Tanggerang","IDBNDR":"1","KODBNDR":"KBK07L102","KAWASAN":"Kemungkinan Bahaya Kecelakaan","KEMIRINGAN":16,"LNDSNPC":"07L1","ELEVASI_1":0,"ELEVASI_2":46,"ELEVASIMSL_1":6.325,"ELEVASIMSL_2":52.325,"DISTANCE_1":0,"DISTANCE_2":2135,"REFMSL":6.325,"RUMUS":null,"KETERANGAN":null,"SHAPE.AREA":0.000046128203449188,"SHAPE.LEN":0.0428346331305203}},{"type":"Feature","id":22,"geometry":{"type":"Polygon","coordinates":[[[106.70067426600002,-6.124227766999979],[106.71040978299999,-6.1216897030000155],[106.706463961,-6.111777684999993],[106.69764864000001,-6.116638201000001],[106.70067426600002,-6.124227766999979]]]},"properties":{"OBJECTID":22,"NAMOBJ":"Soekarno-Hatta (CGK) - Kota Tanggerang","IDBNDR":"1","KODBNDR":"APLL25L03","KAWASAN":"Ancangan Pendaratan dan Lepas Landas","KEMIRINGAN":16,"LNDSNPC":"25L","ELEVASI_1":46,"ELEVASI_2":46,"ELEVASIMSL_1":52.325,"ELEVASIMSL_2":52.325,"DISTANCE_1":3000,"DISTANCE_2":4000,"REFMSL":6.325,"RUMUS":null,"KETERANGAN":null,"SHAPE.AREA":0.000094061966317808,"SHAPE.LEN":0.0389663849643009}},{"type":"Feature","id":23,"geometry":{"type":"Polygon","coordinates":[[[106.50631427600001,-6.136834127999975],[106.50586477399997,-6.134745348000024],[106.504986169,-6.130092978999983],[106.504270341,-6.125412747999974],[106.50371815800003,-6.1207103599999755],[106.50333028900002,-6.115991544999986],[106.503130333,-6.111752421999995],[106.503125667,-6.111841883000011],[106.50287904999999,-6.116570204000027],[106.50279745400002,-6.121304259999988],[106.50288098099998,-6.126038280999978],[106.50312953500003,-6.1307664990000035],[106.50354281599999,-6.135483151000017],[106.50412032499997,-6.140182489999972],[106.50486136299997,-6.144858789000011],[106.50576503000002,-6.149506348999978],[106.50604443100002,-6.150779969999974],[106.509686988,-6.149928950000003],[106.50463582399999,-6.137227543999984],[106.50631427600001,-6.136834127999975]]]},"properties":{"OBJECTID":23,"NAMOBJ":"Soekarno-Hatta (CGK) - Kota Tanggerang","IDBNDR":"1","KODBNDR":"PHL07","KAWASAN":"Permukaan Horizontal Luar","KEMIRINGAN":0,"LNDSNPC":"07L3","ELEVASI_1":151,"ELEVASI_2":151,"ELEVASIMSL_1":157.32500000000002,"ELEVASIMSL_2":157.32500000000002,"DISTANCE_1":6000,"DISTANCE_2":15000,"REFMSL":6.325,"RUMUS":null,"KETERANGAN":null,"SHAPE.AREA":0.000066017836745562,"SHAPE.LEN":0.0837238219279349}},{"type":"Feature","id":24,"geometry":{"type":"Polygon","coordinates":[[[106.60590595500003,-6.121676412999989],[106.606863594,-6.121452557999987],[106.61309538699999,-6.11999580600002],[106.61480310399998,-6.119596593999972],[106.61430604700001,-6.118347893000021],[106.61330288900001,-6.115827743000011],[106.61226890400002,-6.113230112999986],[106.61107716200002,-6.113540614999977],[106.60772655599999,-6.114413582999987],[106.60496213200003,-6.115133852999975],[106.60345778499999,-6.115525807999973],[106.60383745399997,-6.116479675999983],[106.60491015100001,-6.119174654000005],[106.60590595500003,-6.121676412999989]]]},"properties":{"OBJECTID":24,"NAMOBJ":"Soekarno-Hatta (CGK) - Kota Tanggerang","IDBNDR":"1","KODBNDR":"APLL07L302","KAWASAN":"Ancangan Pendaratan dan Lepas Landas","KEMIRINGAN":0,"LNDSNPC":"07L3","ELEVASI_1":46,"ELEVASI_2":46,"ELEVASIMSL_1":52.325,"ELEVASIMSL_2":52.325,"DISTANCE_1":3000,"DISTANCE_2":4000,"REFMSL":6.325,"RUMUS":null,"KETERANGAN":null,"SHAPE.AREA":0.0000608642125988965,"SHAPE.LEN":0.031714530116534995}},{"type":"Feature","id":25,"geometry":{"type":"Polygon","coordinates":[[[106.51213684099997,-6.149356570000009],[106.51156360700003,-6.147915221000005],[106.51004086799998,-6.144086522000009],[106.56170105000001,-6.132010066000021],[106.57589066700001,-6.126354757999991],[106.581216143,-6.1242322759999865],[106.582360989,-6.1237759989999745],[106.581884688,-6.122579245999987],[106.58103499499998,-6.1204442910000125],[106.58062577599998,-6.11941606900001],[106.57941324299998,-6.119700275000014],[106.57523331200002,-6.120680020000009],[106.56523461299997,-6.123023639999985],[106.54746534100002,-6.127188624999974],[106.50631427600001,-6.136834127999975],[106.50463582399999,-6.137227543999984],[106.509686988,-6.149928950000003],[106.51213684099997,-6.149356570000009]]]},"properties":{"OBJECTID":25,"NAMOBJ":"Soekarno-Hatta (CGK) - Kota Tanggerang","IDBNDR":"1","KODBNDR":"APLL07L308","KAWASAN":"Ancangan Pendaratan dan Lepas Landas","KEMIRINGAN":0,"LNDSNPC":"07L3","ELEVASI_1":151,"ELEVASI_2":151,"ELEVASIMSL_1":157.32500000000002,"ELEVASIMSL_2":157.32500000000002,"DISTANCE_1":6507,"DISTANCE_2":15000,"REFMSL":6.325,"RUMUS":null,"KETERANGAN":null,"SHAPE.AREA":0.000596014999258915,"SHAPE.LEN":0.179891639107467}},{"type":"Feature","id":26,"geometry":{"type":"Polygon","coordinates":[[[106.63886296999999,-6.107969935000028],[106.62218397100003,-6.117163679999976],[106.62183671499997,-6.117355094000004],[106.62205421499999,-6.117901475999986],[106.622441514,-6.117810937000002],[106.62350237999999,-6.117562941000017],[106.63906391900002,-6.10847382999998],[106.63906354099998,-6.108473980999975],[106.63886296999999,-6.107969935000028]]]},"properties":{"OBJECTID":26,"NAMOBJ":"Soekarno-Hatta (CGK) - Kota Tanggerang","IDBNDR":"1","KODBNDR":"KBK07L301","KAWASAN":"Kemungkinan Bahaya Kecelakaan","KEMIRINGAN":16,"LNDSNPC":"07L3","ELEVASI_1":0,"ELEVASI_2":46,"ELEVASIMSL_1":6.325,"ELEVASIMSL_2":52.325,"DISTANCE_1":0,"DISTANCE_2":2135,"REFMSL":6.325,"RUMUS":null,"KETERANGAN":null,"SHAPE.AREA":0.0000148519439211405,"SHAPE.LEN":0.0400812219311919}},{"type":"Feature","id":27,"geometry":{"type":"Polygon","coordinates":[[[106.66922809900001,-6.108033572000011],[106.66902819400002,-6.107531285999983],[106.667963251,-6.107955887000003],[106.66755449700003,-6.10811886099998],[106.64243659800002,-6.11813358500001],[106.63780724600002,-6.119979347000026],[106.63800372899999,-6.120473097999991],[106.63801538299998,-6.120502382999973],[106.63821095499998,-6.120993845999976],[106.638304597,-6.121229163999999],[106.63830834599997,-6.121238584000025],[106.63841259499998,-6.121500556000001],[106.63861771400002,-6.122016008000003],[106.63880604600001,-6.122489275000021],[106.63880639299998,-6.122490148999987],[106.64186249400001,-6.12127271899999],[106.67003118100001,-6.110051417000022],[106.66983058400001,-6.109547390999978],[106.669629638,-6.109042489999979],[106.66952933900001,-6.108790477000014],[106.66943406399997,-6.108551085999977],[106.669431825,-6.108545459000027],[106.66922809900001,-6.108033572000011]]]},"properties":{"OBJECTID":27,"NAMOBJ":"Soekarno-Hatta (CGK) - Kota Tanggerang","IDBNDR":"1","KODBNDR":"PU02","KAWASAN":"Permukaan Utama","KEMIRINGAN":0,"LNDSNPC":"07L125R1","ELEVASI_1":0,"ELEVASI_2":3.307,"ELEVASIMSL_1":6.325,"ELEVASIMSL_2":9.362,"DISTANCE_1":0,"DISTANCE_2":3600,"REFMSL":6.325,"RUMUS":null,"KETERANGAN":"RUNWAY2 (07L1-25R1)","SHAPE.AREA":0.0000909967672525845,"SHAPE.LEN":0.0726368739196918}},{"type":"Feature","id":28,"geometry":{"type":"Polygon","coordinates":[[[106.62218397100003,-6.117163679999976],[106.63886296999999,-6.107969935000028],[106.638662399,-6.107465889000025],[106.63856211400002,-6.107213865999995],[106.638461829,-6.106961843000022],[106.638261258,-6.106457797000019],[106.619769496,-6.111275807000027],[106.61944990500001,-6.11135908],[106.62014287199997,-6.11309993399999],[106.62114605,-6.115620063999984],[106.62183671499997,-6.117355094000004],[106.62218397100003,-6.117163679999976]]]},"properties":{"OBJECTID":28,"NAMOBJ":"Soekarno-Hatta (CGK) - Kota Tanggerang","IDBNDR":"1","KODBNDR":"KBK07L302","KAWASAN":"Kemungkinan Bahaya Kecelakaan","KEMIRINGAN":16,"LNDSNPC":"07L3","ELEVASI_1":0,"ELEVASI_2":46,"ELEVASIMSL_1":6.325,"ELEVASIMSL_2":52.325,"DISTANCE_1":0,"DISTANCE_2":2135,"REFMSL":6.325,"RUMUS":null,"KETERANGAN":null,"SHAPE.AREA":0.000077942453912566,"SHAPE.LEN":0.0469620150993411}},{"type":"Feature","id":29,"geometry":{"type":"Polygon","coordinates":[[[106.619769496,-6.111275807000027],[106.638261258,-6.106457797000019],[106.638060688,-6.105953752000005],[106.61939527700002,-6.110328784999979],[106.619070126,-6.110405002999983],[106.61944990500001,-6.11135908],[106.619769496,-6.111275807000027]]]},"properties":{"OBJECTID":29,"NAMOBJ":"Soekarno-Hatta (CGK) - Kota Tanggerang","IDBNDR":"1","KODBNDR":"KBK07L303","KAWASAN":"Kemungkinan Bahaya Kecelakaan","KEMIRINGAN":16,"LNDSNPC":"07L3","ELEVASI_1":0,"ELEVASI_2":46,"ELEVASIMSL_1":6.325,"ELEVASIMSL_2":52.325,"DISTANCE_1":0,"DISTANCE_2":2135,"REFMSL":6.325,"RUMUS":null,"KETERANGAN":null,"SHAPE.AREA":0.000015136895453248501,"SHAPE.LEN":0.040514010683685306}},{"type":"Feature","id":30,"geometry":{"type":"Polygon","coordinates":[[[106.622433774,-6.132082239999988],[106.65502484199999,-6.119089008000003],[106.688635411,-6.10568602799998],[106.67003118100001,-6.110051417000022],[106.64186249400001,-6.12127271899999],[106.63880639299998,-6.122490148999987],[106.62242585000001,-6.132085399000005],[106.622433774,-6.132082239999988]]]},"properties":{"OBJECTID":30,"NAMOBJ":"Soekarno-Hatta (CGK) - Kota Tanggerang","IDBNDR":"1","KODBNDR":"PT05","KAWASAN":"Permukaan Transisi","KEMIRINGAN":143,"LNDSNPC":"25R107L1","ELEVASI_1":0,"ELEVASI_2":46,"ELEVASIMSL_1":6.325,"ELEVASIMSL_2":52.325,"DISTANCE_1":150,"DISTANCE_2":465,"REFMSL":6.325,"RUMUS":null,"KETERANGAN":null,"SHAPE.AREA":0.000149036730098885,"SHAPE.LEN":0.142983201582937}},{"type":"Feature","id":31,"geometry":{"type":"Polygon","coordinates":[[[106.690486813,-6.1052516290000085],[106.690094128,-6.104265058999999],[106.68826011499999,-6.1047431279999955],[106.66983058400001,-6.109547390999978],[106.67003118100001,-6.110051417000022],[106.688635411,-6.10568602799998],[106.690486813,-6.1052516290000085]]]},"properties":{"OBJECTID":31,"NAMOBJ":"Soekarno-Hatta (CGK) - Kota Tanggerang","IDBNDR":"1","KODBNDR":"KBK25R101","KAWASAN":"Kemungkinan Bahaya Kecelakaan","KEMIRINGAN":16,"LNDSNPC":"25R1","ELEVASI_1":0,"ELEVASI_2":46,"ELEVASIMSL_1":6.325,"ELEVASIMSL_2":52.325,"DISTANCE_1":0,"DISTANCE_2":2300,"REFMSL":6.325,"RUMUS":null,"KETERANGAN":null,"SHAPE.AREA":0.00001666937645877,"SHAPE.LEN":0.0435562647704047}},{"type":"Feature","id":32,"geometry":{"type":"Polygon","coordinates":[[[106.669890683,-6.102971362999995],[106.66968252999999,-6.102448346000017],[106.643497588,-6.112888718000022],[106.643678701,-6.113343842999996],[106.64370570199998,-6.113411695000025],[106.643898751,-6.113896812999997],[106.64397957,-6.1140999059999785],[106.64399903600003,-6.114148822000004],[106.64409933399997,-6.114400862000025],[106.64430806000001,-6.11492537700002],[106.64450048499998,-6.115408925999986],[106.645170942,-6.115141601999994],[106.64594511199999,-6.11483292600002],[106.646314271,-6.114685736000013],[106.66991758099999,-6.1052746650000245],[106.670685505,-6.104968480000025],[106.67049306500002,-6.104484942999989],[106.67028431699998,-6.103960431000019],[106.67008372200002,-6.103456404999974],[106.669890683,-6.102971362999995]]]},"properties":{"OBJECTID":32,"NAMOBJ":"Soekarno-Hatta (CGK) - Kota Tanggerang","IDBNDR":"1","KODBNDR":"PU03","KAWASAN":"Permukaan Utama","KEMIRINGAN":0,"LNDSNPC":"07L225R2","ELEVASI_1":0,"ELEVASI_2":3.307,"ELEVASIMSL_1":6.325,"ELEVASIMSL_2":9.632,"DISTANCE_1":0,"DISTANCE_2":3000,"REFMSL":6.325,"RUMUS":null,"KETERANGAN":"RUNWAY3 (07L2-25R2)","SHAPE.AREA":0.000076461683473824,"SHAPE.LEN":0.0618040752228741}},{"type":"Feature","id":33,"geometry":{"type":"Polygon","coordinates":[[[106.690094128,-6.104265058999999],[106.68933358200002,-6.102354264999974],[106.68870023900001,-6.1007630390000145],[106.68684890999998,-6.101197580000019],[106.67777752,-6.103326799999991],[106.66922855000001,-6.108033381999974],[106.66922809900001,-6.108033572000011],[106.669431825,-6.108545459000027],[106.66943406399997,-6.108551085999977],[106.66952933900001,-6.108790477000014],[106.669629638,-6.109042489999979],[106.66983058400001,-6.109547390999978],[106.68826011499999,-6.1047431279999955],[106.690094128,-6.104265058999999]]]},"properties":{"OBJECTID":33,"NAMOBJ":"Soekarno-Hatta (CGK) - Kota Tanggerang","IDBNDR":"1","KODBNDR":"KBK25R102","KAWASAN":"Kemungkinan Bahaya Kecelakaan","KEMIRINGAN":16,"LNDSNPC":"25R1","ELEVASI_1":0,"ELEVASI_2":46,"ELEVASIMSL_1":6.325,"ELEVASIMSL_2":52.325,"DISTANCE_1":0,"DISTANCE_2":2300,"REFMSL":6.325,"RUMUS":null,"KETERANGAN":null,"SHAPE.AREA":0.000070837535773172,"SHAPE.LEN":0.04731825382434}},{"type":"Feature","id":34,"geometry":{"type":"Polygon","coordinates":[[[106.705071336,-6.100360731000023],[106.70381895700001,-6.097214400999974],[106.70381892299997,-6.097214409000003],[106.69737411400001,-6.098727171000007],[106.69650748700002,-6.098930584000016],[106.69492561300001,-6.099301873999991],[106.69520808499999,-6.100011544999973],[106.696261247,-6.102657439999973],[106.69711992600003,-6.102433596000026],[106.69807617200001,-6.102184314999988],[106.705071336,-6.100360731000023]]]},"properties":{"OBJECTID":34,"NAMOBJ":"Soekarno-Hatta (CGK) - Kota Tanggerang","IDBNDR":"1","KODBNDR":"APLL25R101","KAWASAN":"Ancangan Pendaratan dan Lepas Landas","KEMIRINGAN":5,"LNDSNPC":"25R1","ELEVASI_1":46,"ELEVASI_2":102,"ELEVASIMSL_1":52.325,"ELEVASIMSL_2":108.325,"DISTANCE_1":4000,"DISTANCE_2":5134,"REFMSL":6.325,"RUMUS":null,"KETERANGAN":null,"SHAPE.AREA":0.0000316130194339835,"SHAPE.LEN":0.0252376153413107}},{"type":"Feature","id":35,"geometry":{"type":"Polygon","coordinates":[[[106.80027380899998,-6.181523046999985],[106.801989219,-6.177111274000026],[106.803549723,-6.1726422739999975],[106.80495342299997,-6.16812149499998],[106.80619861500003,-6.1635544430000095],[106.80728378600003,-6.158946682000021],[106.808207617,-6.154303826999978],[106.808968989,-6.14963153299999],[106.80956697800002,-6.144935492999991],[106.81000085900001,-6.140221426999972],[106.81027010999998,-6.1354950780000195],[106.810374406,-6.1307622030000175],[106.81031362499999,-6.126028566000002],[106.810087845,-6.121299935000025],[106.80969734500002,-6.116582069000003],[106.80914260600002,-6.111880713000005],[106.808424307,-6.107201594000003],[106.80754332700002,-6.102550412000028],[106.80709274200001,-6.100461983999992],[106.80709269900001,-6.100461780999979],[106.74783026900002,-6.11437231299999],[106.73871986299997,-6.116510776999974],[106.73400878500001,-6.117616596999994],[106.72867259200001,-6.118869148999977],[106.72792928400003,-6.119043624000028],[106.72793009999998,-6.119047552999973],[106.72794022599999,-6.119096263000017],[106.728292382,-6.120956863999993],[106.72857945300001,-6.122828632999983],[106.728801089,-6.12470928800002],[106.72895702,-6.126596538999991],[106.72904705500002,-6.128488086999994],[106.72905419699998,-6.129050982000024],[106.72907108200002,-6.130381628000009],[106.72902907399998,-6.132274854000002],[106.72892107899997,-6.13416546000002],[106.72874722799997,-6.136051141999985],[106.728507734,-6.137929601999986],[106.72820288600002,-6.139798552999991],[106.72783305600001,-6.141655716999992],[106.727398693,-6.1434988319999775],[106.72690032700001,-6.145325651999997],[106.72633856200002,-6.14713395199999],[106.725714084,-6.148921528000017],[106.725027652,-6.150686201999974],[106.72428010200002,-6.152425823999977],[106.72347234400002,-6.154138276000026],[106.72260536099998,-6.155821468999989],[106.72168020999999,-6.15747335399999],[106.72069801700002,-6.159091917000012],[106.71965997699999,-6.160675185999992],[106.71856735699998,-6.162221233000025],[106.71742148499999,-6.163728172999981],[106.71622375800001,-6.165194170000007],[106.71497563399998,-6.166617438000003],[106.71367863500001,-6.167996242000015],[106.71233433999998,-6.169328902000018],[106.710944386,-6.170613794000019],[106.70951046800002,-6.171849353000027],[106.70901134500002,-6.1722499389999825],[106.70803433100002,-6.173034072000007],[106.70651777400002,-6.174166507999985],[106.70496264500002,-6.175245281000002],[106.70337083999999,-6.176269074999993],[106.70174429600002,-6.177236644000004],[106.70008499599999,-6.178146808000008],[106.69839496200001,-6.178998456999977],[106.69667625400001,-6.179790555000011],[106.69493096500003,-6.18052213499999],[106.69492854399999,-6.180523100000016],[106.683802088,-6.184959791999972],[106.66320360200001,-6.1931734699999765],[106.66315740800002,-6.193191864000028],[106.661386946,-6.193860325999992],[106.659594245,-6.194466537999972],[106.65778149200003,-6.195009762999973],[106.655950894,-6.195489338000016],[106.65410468300001,-6.195904677999977],[106.65224510799999,-6.196255278000024],[106.65037443699998,-6.196540707999986],[106.648494948,-6.196760622999989],[106.646608931,-6.196914751999998],[106.64471868700002,-6.197002908999991],[106.642826517,-6.197024985999974],[106.64093472899998,-6.196980955000015],[106.63904562800002,-6.196870869999998],[106.63716151599999,-6.196694864999984],[106.635284689,-6.1964531539999825],[106.63341743400002,-6.196146032999991],[106.63156202800002,-6.195773873999997],[106.62972073200001,-6.195337130999974],[106.62789578899998,-6.194836337000027],[106.62608942399999,-6.194272101000024],[106.62430383899999,-6.1936451110000235],[106.62254120900002,-6.192956131000017],[106.62080368199997,-6.192205999999999],[106.61909337600002,-6.191395633000013],[106.617412376,-6.190526017000025],[106.61576272899998,-6.189598212000021],[106.614146447,-6.18861334799999],[106.61256550000002,-6.187572624999973],[106.61102181199999,-6.186477310999976],[106.609517267,-6.185328742000024],[106.60805369600001,-6.184128316999988],[106.60663288400002,-6.182877499000028],[106.60525656300001,-6.1815778120000004],[106.603926408,-6.180230838999989],[106.60373940699998,-6.180027761000019],[106.60264404100002,-6.178838223000014],[106.60141102400002,-6.177401659999987],[106.60022885900003,-6.1759229009999785],[106.59921699400002,-6.174562411000011],[106.59909898799998,-6.174403747999975],[106.598022786,-6.172846052000011],[106.597036242,-6.17130585000001],[106.59699833799999,-6.171248918000003],[106.59160403499999,-6.174396624999986],[106.5859145,-6.177716608000026],[106.52673843000002,-6.212247290999983],[106.52673854199998,-6.212247471000012],[106.52923206399998,-6.21627119499999],[106.53186443099997,-6.2202053569999975],[106.53463243700003,-6.224045163000028],[106.53753271,-6.227785929999982],[106.540561717,-6.231423099999972],[106.54371576599999,-6.234952238000005],[106.546991015,-6.238369042999977],[106.55038347200002,-6.241669349000006],[106.553889003,-6.244849133999992],[106.55750333600002,-6.24790452000002],[106.56122206399999,-6.250831784000013],[106.56504065600001,-6.253627358000017],[106.56895445700002,-6.256287832999988],[106.57295869500001,-6.258809966000001],[106.577048488,-6.261190682999995],[106.581218852,-6.2634270830000105],[106.58546470200002,-6.2655164390000095],[106.58978086100001,-6.267456203999984],[106.59416206600002,-6.269244015000027],[106.598602976,-6.270877691999999],[106.60309817699999,-6.272355245000028],[106.60764218700001,-6.273674872000015],[106.61222946499998,-6.274834967000004],[106.61685441899999,-6.275834115000009],[106.621511408,-6.276671098999998],[106.62619475600002,-6.277344900000003],[106.63089874899998,-6.277854697000009],[106.632114065,-6.277943594000021],[106.63241835000002,-6.277092289999985],[106.63275270399998,-6.276177849000021],[106.63295451300002,-6.27563565600002],[106.63315865599998,-6.275094340999999],[106.633479115,-6.2742585230000145],[106.63380514300002,-6.2734248630000025],[106.634136721,-6.272593400999995],[106.63447383699997,-6.2717641709999725],[106.63481647700002,-6.27093721],[106.63516462299998,-6.2701125570000045],[106.63548344600002,-6.269348401999991],[106.63580701400002,-6.268586246999973],[106.63613531599998,-6.267826121999974],[106.636468337,-6.267068056000028],[106.63685441799998,-6.266204870000024],[106.637246619,-6.265344452000022],[106.63764492000001,-6.264486845000022],[106.63804930100002,-6.263632092000023],[106.63845974100002,-6.262780236000026],[106.63887621999999,-6.2619313220000095],[106.63929871699997,-6.261085389000016],[106.63972720999999,-6.260242484000003],[106.64016167900002,-6.259402646000012],[106.64060209899998,-6.258565920000024],[106.64106243100002,-6.257706466000002],[106.64152904299999,-6.256850408999981],[106.64200190999998,-6.25599779800001],[106.642481008,-6.255148677000022],[106.64296631000002,-6.2543030919999865],[106.64345778900002,-6.253461087999995],[106.64395542,-6.252622710000026],[106.64445917699999,-6.251788003999991],[106.64496903000003,-6.250957014999983],[106.64548495499997,-6.250129786999992],[106.64600692099998,-6.2493063630000165],[106.64653490299997,-6.248486790000015],[106.64706887,-6.247671109999999],[106.647608795,-6.246859368000003],[106.64815464899999,-6.246051607000027],[106.64870640200002,-6.245247869000025],[106.64926402399999,-6.244448200000022],[106.64982748599999,-6.243652640999983],[106.65039675700001,-6.2428612339999745],[106.65097180599997,-6.242074023999976],[106.65155260400002,-6.241291051000019],[106.65213911799998,-6.2405123579999895],[106.65273131700002,-6.239737987000012],[106.65332916800003,-6.238967978999995],[106.65393264199997,-6.238202376000004],[106.654541704,-6.237441218000015],[106.65508066799998,-6.236769988999981],[106.65562409099999,-6.236102371000015],[106.65617194999999,-6.2354383940000275],[106.65672422,-6.234778086999995],[106.657280877,-6.234121479999999],[106.65786472999997,-6.233442212999989],[106.65845327800002,-6.232767016000025],[106.65904649200002,-6.232095921999985],[106.65964434300002,-6.231428962999985],[106.660246804,-6.230766169999981],[106.66085384299998,-6.2301075770000125],[106.661465432,-6.229453212999999],[106.66208154399999,-6.228803113000026],[106.66270214500003,-6.228157305000025],[106.662744949,-6.2281130910000115],[106.66338999800001,-6.227451873000007],[106.66403975700001,-6.226795288999995],[106.664694193,-6.226143375999982],[106.665353273,-6.225496164999981],[106.666016963,-6.224853689999975],[106.666685228,-6.224215985000001],[106.66735803400002,-6.223583080000026],[106.668035347,-6.222955010000021],[106.66871713400002,-6.222331806],[106.66940335599998,-6.221713500000021],[106.67009398300002,-6.221100122999985],[106.670788974,-6.220491707999997],[106.67148829899998,-6.2198882850000246],[106.67219191700002,-6.219289885000023],[106.67289979600002,-6.218696538000017],[106.673611897,-6.2181082760000095],[106.67432818600003,-6.217525127999977],[106.67504862499999,-6.216947123000011],[106.675773176,-6.216374293999991],[106.676501804,-6.215806665999992],[106.67723447100002,-6.215244270000028],[106.67794076500002,-6.214692907000028],[106.678650602,-6.214146120000009],[106.67936395200002,-6.213603931000023],[106.680080783,-6.213066363999985],[106.680801068,-6.212533440000016],[106.681524776,-6.212005180999995],[106.68225187500002,-6.211481611000011],[106.682982337,-6.2109627500000215],[106.683716129,-6.210448621000012],[106.68428120800002,-6.2100574890000075],[106.684848214,-6.209669163000001],[106.68566927900002,-6.2091141060000155],[106.686494283,-6.208564931000012],[106.68732318500003,-6.208021669000004],[106.68815594199998,-6.207484345000012],[106.68899251099998,-6.206952988000012],[106.68983285000002,-6.206427624000014],[106.69067691599997,-6.205908281000006],[106.69152466600002,-6.205394984000009],[106.69238193299998,-6.204884288000017],[106.69324284700002,-6.204379775000007],[106.69410736200001,-6.203881469999999],[106.694975436,-6.2033894020000275],[106.69584702200001,-6.20290359400002],[106.69672207399998,-6.202424070999996],[106.69760055,-6.201950859000021],[106.69848240200002,-6.201483982000013],[106.69936758400002,-6.201023464999992],[106.70025605199999,-6.2005693300000075],[106.70114776000003,-6.200121600999978],[106.70204265900003,-6.199680301000001],[106.70294070699998,-6.199245454999982],[106.70384185500001,-6.1988170829999945],[106.70474605599998,-6.198395208000022],[106.70565326500002,-6.197979852000003],[106.70656343399997,-6.19757103500001],[106.70747651599999,-6.197168780000027],[106.708392463,-6.196773107000013],[106.70931122899998,-6.196384036999973],[106.71023276599999,-6.19600158999998],[106.71115702700001,-6.195625784000015],[106.712083963,-6.1952566410000145],[106.713013526,-6.194894179000016],[106.713945669,-6.194538416],[106.714880343,-6.1941893719999825],[106.71574085100002,-6.193870678999986],[106.71660364600001,-6.193558242999984],[106.71746868399998,-6.1932520810000256],[106.71833591699999,-6.192952208000008],[106.71924161800001,-6.19264653099998],[106.72014960199999,-6.192347714999983],[106.72105981499999,-6.192055776000018],[106.72197220599998,-6.191770729999973],[106.72288672299999,-6.191492595999989],[106.72380331400001,-6.191221386999985],[106.72472192599997,-6.190957120000007],[106.72564250699998,-6.190699810000012],[106.726565005,-6.190449471000022],[106.727489365,-6.190206117999992],[106.72841553699999,-6.189969764000011],[106.72934346599999,-6.189740425000025],[106.73027309999998,-6.189518110999984],[106.731204386,-6.189302834999978],[106.732137271,-6.189094610999973],[106.73307169999998,-6.188893451000013],[106.73400762099999,-6.188699364000001],[106.73494498100001,-6.188512364000019],[106.73588372500001,-6.18833245899998],[106.73682380100001,-6.188159660999986],[106.73776515399999,-6.1879939799999875],[106.73870773099998,-6.1878354240000135],[106.739651477,-6.187684004000005],[106.740324326,-6.187571817999981],[106.74099830699998,-6.18746666200002],[106.74167334700002,-6.187368548999984],[106.74234937300002,-6.1872774880000065],[106.743026311,-6.187193488999981],[106.74370408700003,-6.187116562000028],[106.74438785799998,-6.187046204000012],[106.74507233000003,-6.186983043999987],[106.745757427,-6.186927087000015],[106.74644307400001,-6.1868783410000106],[106.74712919500001,-6.186836809999988],[106.74781571300002,-6.186802500999988],[106.74850255400003,-6.186775415],[106.74914594799998,-6.186756817999992],[106.74895927699998,-6.184618553000007],[106.774018662,-6.185959210000021],[106.79341056800001,-6.186996662000013],[106.793008375,-6.188864366000018],[106.79325945300002,-6.188905938999994],[106.79379854400003,-6.189002519999974],[106.794336316,-6.18910619899998],[106.794872677,-6.1892169579999745],[106.79540753399999,-6.189334778999978],[106.795940793,-6.189459640999985],[106.79647082399998,-6.189591129000007],[106.79663205100002,-6.18963338399999],[106.79840557900002,-6.185872218999975],[106.80027380899998,-6.181523046999985]]]},"properties":{"OBJECTID":35,"NAMOBJ":"Soekarno-Hatta (CGK) - Kota Tanggerang","IDBNDR":"1","KODBNDR":"PHL02","KAWASAN":"Permukaan Horizontal Luar","KEMIRINGAN":0,"LNDSNPC":"07R-25L","ELEVASI_1":151,"ELEVASI_2":151,"ELEVASIMSL_1":157.32500000000002,"ELEVASIMSL_2":157.32500000000002,"DISTANCE_1":6000,"DISTANCE_2":15000,"REFMSL":6.325,"RUMUS":null,"KETERANGAN":null,"SHAPE.AREA":0.0165799143872894,"SHAPE.LEN":0.777994474742738}},{"type":"Feature","id":36,"geometry":{"type":"Polygon","coordinates":[[[106.69114875600002,-6.100188349000007],[106.69075647300002,-6.099202773999991],[106.69026936400002,-6.099329753999996],[106.68892328700002,-6.099680651000028],[106.68649691000002,-6.100313191999987],[106.68258429399998,-6.101333185999977],[106.680332351,-6.101920253000003],[106.670493867,-6.104484733999982],[106.67049306500002,-6.104484942999989],[106.670685505,-6.104968480000025],[106.67126220699998,-6.104855573000009],[106.67510289,-6.103954584000007],[106.67612704700002,-6.1037141959999985],[106.67777752,-6.103326799999991],[106.68684890999998,-6.101197580000019],[106.68870023900001,-6.1007630390000145],[106.689298232,-6.1006226790000255],[106.69043786499998,-6.1003552010000135],[106.69114875600002,-6.100188349000007]]]},"properties":{"OBJECTID":36,"NAMOBJ":"Soekarno-Hatta (CGK) - Kota Tanggerang","IDBNDR":"1","KODBNDR":"KBK25R201","KAWASAN":"Kemungkinan Bahaya Kecelakaan","KEMIRINGAN":16,"LNDSNPC":"25R2","ELEVASI_1":0,"ELEVASI_2":46,"ELEVASIMSL_1":6.325,"ELEVASIMSL_2":52.325,"DISTANCE_1":0,"DISTANCE_2":2300,"REFMSL":6.325,"RUMUS":null,"KETERANGAN":null,"SHAPE.AREA":0.000016654181423598,"SHAPE.LEN":0.043536298293063595}},{"type":"Feature","id":37,"geometry":{"type":"Polygon","coordinates":[[[106.66444609299998,-6.096017737000011],[106.66424551099999,-6.095513714999981],[106.638060688,-6.105953752000005],[106.638261258,-6.106457797000019],[106.638461829,-6.106961843000022],[106.63856211400002,-6.107213865999995],[106.638662399,-6.107465889000025],[106.63886296999999,-6.107969935000028],[106.63906354099998,-6.108473980999975],[106.63906391900002,-6.10847382999998],[106.665248437,-6.098033859999987],[106.66504470799998,-6.097521931000017],[106.66484726499999,-6.097025798000004],[106.66474540399997,-6.096769844999983],[106.66464667899999,-6.096521768000002],[106.66444609299998,-6.096017737000011]]]},"properties":{"OBJECTID":37,"NAMOBJ":"Soekarno-Hatta (CGK) - Kota Tanggerang","IDBNDR":"1","KODBNDR":"PU04","KAWASAN":"Permukaan Utama","KEMIRINGAN":0,"LNDSNPC":"07L325R3","ELEVASI_1":0,"ELEVASI_2":3.307,"ELEVASIMSL_1":6.325,"ELEVASIMSL_2":9.632,"DISTANCE_1":0,"DISTANCE_2":3000,"REFMSL":6.325,"RUMUS":null,"KETERANGAN":"RUNWAY4 (07L3-25R3)","SHAPE.AREA":0.0000764609843785795,"SHAPE.LEN":0.0618036004113902}},{"type":"Feature","id":38,"geometry":{"type":"Polygon","coordinates":[[[106.706268217,-6.096639515999982],[106.70573429299998,-6.095298130000003],[106.70330797000003,-6.095930656999997],[106.70330794199998,-6.0959306639999795],[106.69840545800002,-6.097208755999986],[106.69692350700001,-6.0975950960000205],[106.69737411400001,-6.098727171000007],[106.70381892299997,-6.097214409000003],[106.70381895700001,-6.097214400999974],[106.706268217,-6.096639515999982]]]},"properties":{"OBJECTID":38,"NAMOBJ":"Soekarno-Hatta (CGK) - Kota Tanggerang","IDBNDR":"1","KODBNDR":"APLL25R201","KAWASAN":"Ancangan Pendaratan dan Lepas Landas","KEMIRINGAN":0,"LNDSNPC":"25R2","ELEVASI_1":46,"ELEVASI_2":46,"ELEVASIMSL_1":52.325,"ELEVASIMSL_2":52.325,"DISTANCE_1":3000,"DISTANCE_2":4000,"REFMSL":6.325,"RUMUS":null,"KETERANGAN":null,"SHAPE.AREA":0.000012027264890312,"SHAPE.LEN":0.0209033026848777}},{"type":"Feature","id":39,"geometry":{"type":"Polygon","coordinates":[[[106.62456009200002,-6.117315683000015],[106.65024420700001,-6.107076140999993],[106.68388714999998,-6.093661340999972],[106.665248437,-6.098033859999987],[106.63906391900002,-6.10847382999998],[106.62350237999999,-6.117562941000017],[106.62456009200002,-6.117315683000015]]]},"properties":{"OBJECTID":39,"NAMOBJ":"Soekarno-Hatta (CGK) - Kota Tanggerang","IDBNDR":"1","KODBNDR":"PT02","KAWASAN":"Permukaan Transisi","KEMIRINGAN":143,"LNDSNPC":"25R307L3","ELEVASI_1":0,"ELEVASI_2":46,"ELEVASIMSL_1":6.325,"ELEVASIMSL_2":52.325,"DISTANCE_1":150,"DISTANCE_2":465,"REFMSL":6.325,"RUMUS":null,"KETERANGAN":null,"SHAPE.AREA":0.00013370141425163602,"SHAPE.LEN":0.13031029747037298}},{"type":"Feature","id":40,"geometry":{"type":"Polygon","coordinates":[[[106.66968252999999,-6.102448346000017],[106.68530978799998,-6.093312534000006],[106.68391997200001,-6.0936390190000225],[106.68392314300002,-6.093646987],[106.68388714999998,-6.093661340999972],[106.65024420700001,-6.107076140999993],[106.62456009200002,-6.117315683000015],[106.62488643,-6.117239396000002],[106.643497588,-6.112888718000022],[106.66968252999999,-6.102448346000017]]]},"properties":{"OBJECTID":40,"NAMOBJ":"Soekarno-Hatta (CGK) - Kota Tanggerang","IDBNDR":"1","KODBNDR":"PT03","KAWASAN":"Permukaan Transisi","KEMIRINGAN":143,"LNDSNPC":"25R207L2","ELEVASI_1":0,"ELEVASI_2":46,"ELEVASIMSL_1":6.325,"ELEVASIMSL_2":52.325,"DISTANCE_1":150,"DISTANCE_2":465,"REFMSL":6.325,"RUMUS":null,"KETERANGAN":null,"SHAPE.AREA":0.000137303996374915,"SHAPE.LEN":0.131083216715555}},{"type":"Feature","id":41,"geometry":{"type":"Polygon","coordinates":[[[106.719359473,-6.09141820100001],[106.71885859600002,-6.090159946000028],[106.71677665800001,-6.090990508000004],[106.71528382000002,-6.091586049],[106.71528380299998,-6.091586009000025],[106.713642946,-6.092240580000009],[106.71159419700001,-6.09305789199999],[106.706439074,-6.095114398000021],[106.70573429299998,-6.095298130000003],[106.706268217,-6.096639515999982],[106.720141689,-6.093383193000022],[106.719359473,-6.09141820100001]]]},"properties":{"OBJECTID":41,"NAMOBJ":"Soekarno-Hatta (CGK) - Kota Tanggerang","IDBNDR":"1","KODBNDR":"APLL25R204","KAWASAN":"Ancangan Pendaratan dan Lepas Landas","KEMIRINGAN":5,"LNDSNPC":"25R2","ELEVASI_1":46,"ELEVASI_2":123,"ELEVASIMSL_1":52.325,"ELEVASIMSL_2":129.32500000000002,"DISTANCE_1":4000,"DISTANCE_2":5560,"REFMSL":6.325,"RUMUS":null,"KETERANGAN":null,"SHAPE.AREA":0.000034016968507293,"SHAPE.LEN":0.033263147857806506}},{"type":"Feature","id":42,"geometry":{"type":"Polygon","coordinates":[[[106.68530566200002,-6.092234190999989],[106.68455057,-6.090336975000014],[106.68354758800001,-6.087816885999985],[106.682786889,-6.085905536999974],[106.68271553900001,-6.085944865999977],[106.68225776399998,-6.086197259000016],[106.68195745399998,-6.08636283300001],[106.68119205699998,-6.08678482900001],[106.66444609299998,-6.096017737000011],[106.66464667899999,-6.096521768000002],[106.66474540399997,-6.096769844999983],[106.66484726499999,-6.097025798000004],[106.66504470799998,-6.097521931000017],[106.66504494200001,-6.097521863999987],[106.68354384999998,-6.092693985999972],[106.68530566200002,-6.092234190999989]]]},"properties":{"OBJECTID":42,"NAMOBJ":"Soekarno-Hatta (CGK) - Kota Tanggerang","IDBNDR":"1","KODBNDR":"KBK25R301","KAWASAN":"Kemungkinan Bahaya Kecelakaan","KEMIRINGAN":16,"LNDSNPC":"25R3","ELEVASI_1":0,"ELEVASI_2":46,"ELEVASIMSL_1":6.325,"ELEVASIMSL_2":52.325,"DISTANCE_1":0,"DISTANCE_2":2300,"REFMSL":6.325,"RUMUS":null,"KETERANGAN":null,"SHAPE.AREA":0.00008759233225707249,"SHAPE.LEN":0.050313756159477606}},{"type":"Feature","id":43,"geometry":{"type":"Polygon","coordinates":[[[106.70573429299998,-6.095298130000003],[106.70179638500002,-6.085404864999987],[106.69959971899999,-6.086614295999993],[106.69511203100001,-6.089085151000006],[106.693819571,-6.0897967590000235],[106.69485912900001,-6.0924085839999975],[106.69586217699998,-6.094928643999992],[106.69692350700001,-6.0975950960000205],[106.69840545800002,-6.097208755999986],[106.70330794199998,-6.0959306639999795],[106.70330797000003,-6.095930656999997],[106.70573429299998,-6.095298130000003]]]},"properties":{"OBJECTID":43,"NAMOBJ":"Soekarno-Hatta (CGK) - Kota Tanggerang","IDBNDR":"1","KODBNDR":"APLL25R202","KAWASAN":"Ancangan Pendaratan dan Lepas Landas","KEMIRINGAN":0,"LNDSNPC":"25R2","ELEVASI_1":46,"ELEVASI_2":46,"ELEVASIMSL_1":52.325,"ELEVASIMSL_2":52.325,"DISTANCE_1":3000,"DISTANCE_2":4000,"REFMSL":6.325,"RUMUS":null,"KETERANGAN":null,"SHAPE.AREA":0.0000860254527082185,"SHAPE.LEN":0.037252764349169805}},{"type":"Feature","id":44,"geometry":{"type":"Polygon","coordinates":[[[106.66424551099999,-6.095513714999981],[106.68080353099998,-6.085845099999972],[106.64704481199999,-6.099305856000001],[106.61939527700002,-6.110328784999979],[106.638060688,-6.105953752000005],[106.66424551099999,-6.095513714999981]]]},"properties":{"OBJECTID":44,"NAMOBJ":"Soekarno-Hatta (CGK) - Kota Tanggerang","IDBNDR":"1","KODBNDR":"PT01","KAWASAN":"Permukaan Transisi","KEMIRINGAN":143,"LNDSNPC":"25R307L3","ELEVASI_1":0,"ELEVASI_2":46,"ELEVASIMSL_1":6.325,"ELEVASIMSL_2":52.325,"DISTANCE_1":150,"DISTANCE_2":465,"REFMSL":6.325,"RUMUS":null,"KETERANGAN":null,"SHAPE.AREA":0.000134287927550024,"SHAPE.LEN":0.13264403222600799}},{"type":"Feature","id":45,"geometry":{"type":"Polygon","coordinates":[[[106.70179638500002,-6.085404864999987],[106.70125391099998,-6.084041990000003],[106.70124191100001,-6.0840118400000165],[106.69906866000002,-6.085280035999972],[106.69479459799999,-6.087774190999994],[106.69413682999999,-6.088158033000013],[106.69335006699998,-6.0886171469999795],[106.693605359,-6.089258561000008],[106.69378647399998,-6.089713603999996],[106.693819571,-6.0897967590000235],[106.69511203100001,-6.089085151000006],[106.69959971899999,-6.086614295999993],[106.70179638500002,-6.085404864999987]]]},"properties":{"OBJECTID":45,"NAMOBJ":"Soekarno-Hatta (CGK) - Kota Tanggerang","IDBNDR":"1","KODBNDR":"APLL25R203","KAWASAN":"Ancangan Pendaratan dan Lepas Landas","KEMIRINGAN":0,"LNDSNPC":"25R2","ELEVASI_1":46,"ELEVASI_2":46,"ELEVASIMSL_1":52.325,"ELEVASIMSL_2":52.325,"DISTANCE_1":3000,"DISTANCE_2":4000,"REFMSL":6.325,"RUMUS":null,"KETERANGAN":null,"SHAPE.AREA":0.000012509273706346001,"SHAPE.LEN":0.0210121709057342}},{"type":"Feature","id":46,"geometry":{"type":"Polygon","coordinates":[[[106.69117747299998,-6.089884950999988],[106.69042499099999,-6.087994336999998],[106.689421992,-6.085474266000006],[106.68836885399998,-6.082828183000004],[106.68836878299999,-6.082828004000021],[106.682786889,-6.085905536999974],[106.68354758800001,-6.087816885999985],[106.68455057,-6.090336975000014],[106.68530566200002,-6.092234190999989],[106.68567466000002,-6.092137889000014],[106.68864520199998,-6.091362625999977],[106.69117747299998,-6.089884950999988]]]},"properties":{"OBJECTID":46,"NAMOBJ":"Soekarno-Hatta (CGK) - Kota Tanggerang","IDBNDR":"1","KODBNDR":"KBK25R305","KAWASAN":"Kemungkinan Bahaya Kecelakaan","KEMIRINGAN":0,"LNDSNPC":"25R3","ELEVASI_1":46,"ELEVASI_2":46,"ELEVASIMSL_1":52.325,"ELEVASIMSL_2":52.325,"DISTANCE_1":2300,"DISTANCE_2":3000,"REFMSL":6.325,"RUMUS":null,"KETERANGAN":null,"SHAPE.AREA":0.000046920255421341,"SHAPE.LEN":0.027164157229772102}},{"type":"Feature","id":47,"geometry":{"type":"Polygon","coordinates":[[[106.70243733699999,-6.08505197300002],[106.711281074,-6.0815302679999945],[106.71231246500002,-6.08111954200001],[106.712859401,-6.080901738000023],[106.71485667000002,-6.080106367999974],[106.71434497899997,-6.07882086699999],[106.713551887,-6.076828393000028],[106.71177030199999,-6.077868050000006],[106.71059790100003,-6.078552208000019],[106.70801712299999,-6.08005820599999],[106.70124191100001,-6.0840118400000165],[106.70125391099998,-6.084041990000003],[106.70179638500002,-6.085404864999987],[106.70243733699999,-6.08505197300002]]]},"properties":{"OBJECTID":47,"NAMOBJ":"Soekarno-Hatta (CGK) - Kota Tanggerang","IDBNDR":"1","KODBNDR":"APLL25R205","KAWASAN":"Ancangan Pendaratan dan Lepas Landas","KEMIRINGAN":5,"LNDSNPC":"25R2","ELEVASI_1":46,"ELEVASI_2":123,"ELEVASIMSL_1":52.325,"ELEVASIMSL_2":129.32500000000002,"DISTANCE_1":4000,"DISTANCE_2":5560,"REFMSL":6.325,"RUMUS":null,"KETERANGAN":null,"SHAPE.AREA":0.0000348215494951025,"SHAPE.LEN":0.0333795672951905}},{"type":"Feature","id":48,"geometry":{"type":"Polygon","coordinates":[[[106.73753144099999,-6.110967399999993],[106.74519708000003,-6.107909321000022],[106.74813469999998,-6.106737405999979],[106.78345355800002,-6.092647535000026],[106.80274965400002,-6.084949677999987],[106.802749769,-6.0849496320000185],[106.79960136800003,-6.077044079000018],[106.79875969800003,-6.074930520000009],[106.79875953999999,-6.074930122000012],[106.798340569,-6.0750284619999775],[106.733518355,-6.100887736000004],[106.73658840299998,-6.108598773999972],[106.73753144099999,-6.110967399999993]]]},"properties":{"OBJECTID":48,"NAMOBJ":"Soekarno-Hatta (CGK) - Kota Tanggerang","IDBNDR":"1","KODBNDR":"APLL25L11","KAWASAN":"Ancangan Pendaratan dan Lepas Landas","KEMIRINGAN":0,"LNDSNPC":"25L","ELEVASI_1":150,"ELEVASI_2":150,"ELEVASIMSL_1":156.32500000000002,"ELEVASIMSL_2":156.32500000000002,"DISTANCE_1":7455,"DISTANCE_2":15000,"REFMSL":6.325,"RUMUS":null,"KETERANGAN":null,"SHAPE.AREA":0.000761755565339857,"SHAPE.LEN":0.162070676316319}},{"type":"Feature","id":49,"geometry":{"type":"Polygon","coordinates":[[[106.61939527700002,-6.110328784999979],[106.64704481199999,-6.099305856000001],[106.68080353099998,-6.085845099999972],[106.680815387,-6.085838177000028],[106.68156737599998,-6.085399073000019],[106.68182449300002,-6.085248938999996],[106.68239337699998,-6.084916780000015],[106.68554996900002,-6.083073547000026],[106.68679134199999,-6.082348699000022],[106.690088855,-6.080423253999982],[106.69526184,-6.077402565],[106.694569704,-6.076350972],[106.69383949299998,-6.075321609000014],[106.69307384199999,-6.074318380000022],[106.69227368399999,-6.073342507999996],[106.69143999300002,-6.07239518199998],[106.69057378500003,-6.071477555999991],[106.689676115,-6.070590746999983],[106.688748078,-6.069735836000007],[106.68779080299998,-6.068913865000013],[106.68680545699999,-6.068125834],[106.68579324000001,-6.067372703999979],[106.68475538500002,-6.066655391999973],[106.683693157,-6.065974772000004],[106.68260784900002,-6.065331673000003],[106.68150078299999,-6.064726877999988],[106.680373309,-6.064161124999998],[106.679226798,-6.063635101999978],[106.67806264900003,-6.063149451000015],[106.67688227899998,-6.06270476200001],[106.67568712500002,-6.062301578000017],[106.67447864500002,-6.061940390000018],[106.673258309,-6.06162163800002],[106.672027604,-6.061345710000012],[106.670788029,-6.0611129420000225],[106.669541095,-6.060923618999993],[106.66828831999999,-6.060777970000004],[106.66703123000002,-6.06067617299999],[106.665771356,-6.060618352999995],[106.66451023299999,-6.0606045800000174],[106.66324939700002,-6.060634870000001],[106.66199038500002,-6.060709187999976],[106.66073472900001,-6.060827441000015],[106.659483959,-6.060989488000018],[106.65823959900001,-6.061195128999998],[106.657003164,-6.061444114999972],[106.655776161,-6.061736143000019],[106.65456008500001,-6.062070856999981],[106.65335641600001,-6.062447849000023],[106.65257302499998,-6.062723604999974],[106.65216662099999,-6.062866659999997],[106.651375642,-6.063171323999995],[106.65137457899999,-6.063171748000002],[106.64794568600001,-6.064538792999997],[106.625192314,-6.073610197999983],[106.62519180499999,-6.073610400999996],[106.624028377,-6.074097924],[106.62288265199999,-6.074625791000017],[106.62175602500002,-6.075193361000004],[106.62064987100001,-6.075799942000003],[106.61956553499999,-6.076444795999976],[106.61850433900003,-6.077127135000012],[106.61746757499998,-6.077846131000001],[106.616456508,-6.07860090600002],[106.61547236799998,-6.079390541999999],[106.61451635499998,-6.080214076000004],[106.613589634,-6.081070505000014],[106.61269333299998,-6.081958785999973],[106.61182854499998,-6.082877837000012],[106.61099632399998,-6.083826538999972],[106.61019768300002,-6.08480373499998],[106.60943359499998,-6.085808235000002],[106.608704993,-6.086838816000011],[106.60801276299998,-6.087894220999999],[106.60735774900002,-6.088973166000017],[106.60674074999997,-6.0900743359999865],[106.60616251699997,-6.091196389000004],[106.60562375500001,-6.092337957999973],[106.60512512100001,-6.093497652999986],[106.60466722199999,-6.094674060999978],[106.60425061699999,-6.095865747999994],[106.60387581399999,-6.097071262999975],[106.603543269,-6.098289136000005],[106.60325338799998,-6.099517885000012],[106.60300652500001,-6.100756011999977],[106.60280297999998,-6.1020020079999995],[106.60264300199998,-6.1032543559999795],[106.602526786,-6.104511530000025],[106.60245447400001,-6.105771998000023],[106.60242615499999,-6.107034223000028],[106.60244186199998,-6.108296669000026],[106.60250157799999,-6.109557798000026],[106.60260523,-6.110816070999988],[106.60275269200002,-6.112069958000006],[106.60294378499998,-6.113317928000015],[106.60309599800001,-6.114149214000008],[106.61939527700002,-6.110328784999979]]]},"properties":{"OBJECTID":49,"NAMOBJ":"Soekarno-Hatta (CGK) - Kota Tanggerang","IDBNDR":"1","KODBNDR":"PHD01","KAWASAN":"Permukaan Horizontal Dalam","KEMIRINGAN":0,"LNDSNPC":"25R307L3","ELEVASI_1":46,"ELEVASI_2":46,"ELEVASIMSL_1":52.325,"ELEVASIMSL_2":52.325,"DISTANCE_1":465,"DISTANCE_2":4000,"REFMSL":6.325,"RUMUS":null,"KETERANGAN":null,"SHAPE.AREA":0.0026082255169881303,"SHAPE.LEN":0.22789188534341298}},{"type":"Feature","id":50,"geometry":{"type":"Polygon","coordinates":[[[106.70124191100001,-6.0840118400000165],[106.70801712299999,-6.08005820599999],[106.70582546000003,-6.074551956999983],[106.696980704,-6.078079740000021],[106.69634280000002,-6.078431448999993],[106.69906866000002,-6.085280035999972],[106.70124191100001,-6.0840118400000165]]]},"properties":{"OBJECTID":50,"NAMOBJ":"Soekarno-Hatta (CGK) - Kota Tanggerang","IDBNDR":"1","KODBNDR":"APLL25R303","KAWASAN":"Ancangan Pendaratan dan Lepas Landas","KEMIRINGAN":5,"LNDSNPC":"25R3","ELEVASI_1":46,"ELEVASI_2":102,"ELEVASIMSL_1":52.325,"ELEVASIMSL_2":108.325,"DISTANCE_1":4000,"DISTANCE_2":5134,"REFMSL":6.325,"RUMUS":null,"KETERANGAN":null,"SHAPE.AREA":0.00006854753340043551,"SHAPE.LEN":0.0339089185747391}},{"type":"Feature","id":51,"geometry":{"type":"Polygon","coordinates":[[[106.79700547700003,-6.055884907999996],[106.79408694900002,-6.048555211999997],[106.79408692200002,-6.048555222999994],[106.73633551,-6.071553024000025],[106.732227223,-6.073189028000002],[106.73113974900002,-6.0736220939999725],[106.73513794799999,-6.08366565],[106.73513813300002,-6.08366610500002],[106.79807071200003,-6.058560070999988],[106.79839154899997,-6.059365651999997],[106.79700547700003,-6.055884907999996]]]},"properties":{"OBJECTID":51,"NAMOBJ":"Soekarno-Hatta (CGK) - Kota Tanggerang","IDBNDR":"1","KODBNDR":"APLL25R210","KAWASAN":"Ancangan Pendaratan dan Lepas Landas","KEMIRINGAN":0,"LNDSNPC":"25R2","ELEVASI_1":150,"ELEVASI_2":150,"ELEVASIMSL_1":156.32500000000002,"ELEVASIMSL_2":156.32500000000002,"DISTANCE_1":7500,"DISTANCE_2":15000,"REFMSL":6.325,"RUMUS":null,"KETERANGAN":null,"SHAPE.AREA":0.0007310590064174231,"SHAPE.LEN":0.158823973674699}},{"type":"Feature","id":52,"geometry":{"type":"Polygon","coordinates":[[[106.625192314,-6.073610197999983],[106.61850744899999,-6.056808363000016],[106.61676233899999,-6.057539613000017],[106.61504378000001,-6.058331380000027],[106.61335386500002,-6.059182700000008],[106.61169465199998,-6.060092536000013],[106.61006816399998,-6.061059780999983],[106.608476381,-6.062083255999994],[106.606921242,-6.063161713999989],[106.60540464299999,-6.064293841999984],[106.60392843099999,-6.065478261999999],[106.60249440500002,-6.0667135300000155],[106.60110431099997,-6.0679981409999755],[106.599759844,-6.069330531999981],[106.59846264200002,-6.070709077999993],[106.597214285,-6.072132102000012],[106.59601629399998,-6.073597869000025],[106.594870131,-6.075104593999981],[106.59377719000003,-6.076650441000027],[106.59273880500001,-6.078233527999998],[106.59175624,-6.079851925000014],[106.59083069399998,-6.081503661999989],[106.58996329399997,-6.083186726000008],[106.58915509799999,-6.084899065999991],[106.58840709100002,-6.086638597999979],[106.58772018600001,-6.088403200000016],[106.58709521899999,-6.090190724000024],[106.58653295200003,-6.091998993000004],[106.58603407200002,-6.09382580099998],[106.58559918700001,-6.095668924999984],[106.58522882699998,-6.097526119000008],[106.58492344400003,-6.0993951190000075],[106.58468341100001,-6.101273649999996],[106.58450902200002,-6.103159419999997],[106.58440048900002,-6.105050134999999],[106.58435794600001,-6.106943488000013],[106.58438144399997,-6.108837175000019],[106.58447095700001,-6.110728886999993],[106.58462637500003,-6.112616318999983],[106.58484750999997,-6.114497170999982],[106.58513409300002,-6.116369152000004],[106.585485775,-6.118229982000003],[106.58549506700001,-6.118274740999993],[106.58959297199999,-6.117314222999994],[106.59323476200001,-6.116460614000005],[106.60240066300003,-6.114312195000025],[106.60248179500002,-6.114293178000025],[106.60309599800001,-6.114149214000008],[106.60294378499998,-6.113317928000015],[106.60275269200002,-6.112069958000006],[106.60260523,-6.110816070999988],[106.60250157799999,-6.109557798000026],[106.60244186199998,-6.108296669000026],[106.60242615499999,-6.107034223000028],[106.60245447400001,-6.105771998000023],[106.602526786,-6.104511530000025],[106.60264300199998,-6.1032543559999795],[106.60280297999998,-6.1020020079999995],[106.60300652500001,-6.100756011999977],[106.60325338799998,-6.099517885000012],[106.603543269,-6.098289136000005],[106.60387581399999,-6.097071262999975],[106.60425061699999,-6.095865747999994],[106.60466722199999,-6.094674060999978],[106.60512512100001,-6.093497652999986],[106.60562375500001,-6.092337957999973],[106.60616251699997,-6.091196389000004],[106.60674074999997,-6.0900743359999865],[106.60735774900002,-6.088973166000017],[106.60801276299998,-6.087894220999999],[106.608704993,-6.086838816000011],[106.60943359499998,-6.085808235000002],[106.61019768300002,-6.08480373499998],[106.61099632399998,-6.083826538999972],[106.61182854499998,-6.082877837000012],[106.61269333299998,-6.081958785999973],[106.613589634,-6.081070505000014],[106.61451635499998,-6.080214076000004],[106.61547236799998,-6.079390541999999],[106.616456508,-6.07860090600002],[106.61746757499998,-6.077846131000001],[106.61850433900003,-6.077127135000012],[106.61956553499999,-6.076444795999976],[106.62064987100001,-6.075799942000003],[106.62175602500002,-6.075193361000004],[106.62288265199999,-6.074625791000017],[106.624028377,-6.074097924],[106.62519180499999,-6.073610400999996],[106.625192314,-6.073610197999983]]]},"properties":{"OBJECTID":52,"NAMOBJ":"Soekarno-Hatta (CGK) - Kota Tanggerang","IDBNDR":"1","KODBNDR":"PK01","KAWASAN":"Permukaan Kerucut","KEMIRINGAN":5,"LNDSNPC":"07L3","ELEVASI_1":46,"ELEVASI_2":146,"ELEVASIMSL_1":52.325,"ELEVASIMSL_2":152.32500000000002,"DISTANCE_1":4000,"DISTANCE_2":6000,"REFMSL":6.325,"RUMUS":null,"KETERANGAN":null,"SHAPE.AREA":0.0011370348042312802,"SHAPE.LEN":0.162005148570982}},{"type":"Feature","id":53,"geometry":{"type":"Polygon","coordinates":[[[106.78655051599998,-6.034230160999982],[106.78649629199998,-6.034142610999993],[106.78418442600002,-6.030409772999974],[106.78570341900001,-6.0342251019999935],[106.78586475600002,-6.034630334999974],[106.78655051599998,-6.034230160999982]]]},"properties":{"OBJECTID":53,"NAMOBJ":"Soekarno-Hatta (CGK) - Kota Tanggerang","IDBNDR":"1","KODBNDR":"PHL04","KAWASAN":"Permukaan Horizontal Luar","KEMIRINGAN":0,"LNDSNPC":"25R3","ELEVASI_1":151,"ELEVASI_2":151,"ELEVASIMSL_1":157.32500000000002,"ELEVASIMSL_2":157.32500000000002,"DISTANCE_1":6000,"DISTANCE_2":15000,"REFMSL":6.325,"RUMUS":null,"KETERANGAN":null,"SHAPE.AREA":0.0000017833595398160002,"SHAPE.LEN":0.00983048461013113}},{"type":"Feature","id":54,"geometry":{"type":"Polygon","coordinates":[[[106.725679678,-6.066633051999986],[106.74256375800002,-6.059898551999993],[106.78586475600002,-6.034630334999974],[106.78570341900001,-6.0342251019999935],[106.78418442600002,-6.030409772999974],[106.78259151499998,-6.026408785000001],[106.78182402499999,-6.026856940000016],[106.78110295099998,-6.027277991000005],[106.72029621299998,-6.062784426000007],[106.71690922900001,-6.064762163000012],[106.71627047800001,-6.065139815000009],[106.71780736800002,-6.069000997999979],[106.71807250199998,-6.069667096999979],[106.725679678,-6.066633051999986]]]},"properties":{"OBJECTID":54,"NAMOBJ":"Soekarno-Hatta (CGK) - Kota Tanggerang","IDBNDR":"1","KODBNDR":"APLL25R308","KAWASAN":"Ancangan Pendaratan dan Lepas Landas","KEMIRINGAN":0,"LNDSNPC":"25R3","ELEVASI_1":150,"ELEVASI_2":150,"ELEVASIMSL_1":156.32500000000002,"ELEVASIMSL_2":156.32500000000002,"DISTANCE_1":6600,"DISTANCE_2":15000,"REFMSL":6.325,"RUMUS":null,"KETERANGAN":null,"SHAPE.AREA":0.000619131182431322,"SHAPE.LEN":0.16702602552482}},{"type":"Feature","id":55,"geometry":{"type":"Polygon","coordinates":[[[106.78182402499999,-6.026856940000016],[106.779076068,-6.023004286000003],[106.77619545699997,-6.019249875000014],[106.774043619,-6.016612952999992],[106.77386104800001,-6.016389220000008],[106.77597672799999,-6.019323101999987],[106.77860922299999,-6.023255855000002],[106.78110295099998,-6.027277991000005],[106.78182402499999,-6.026856940000016]]]},"properties":{"OBJECTID":55,"NAMOBJ":"Soekarno-Hatta (CGK) - Kota Tanggerang","IDBNDR":"1","KODBNDR":"PHL03","KAWASAN":"Permukaan Horizontal Luar","KEMIRINGAN":0,"LNDSNPC":"25R3","ELEVASI_1":151,"ELEVASI_2":151,"ELEVASIMSL_1":157.32500000000002,"ELEVASIMSL_2":157.32500000000002,"DISTANCE_1":6000,"DISTANCE_2":15000,"REFMSL":6.325,"RUMUS":null,"KETERANGAN":null,"SHAPE.AREA":0.0000053835764890785,"SHAPE.LEN":0.0270738187046641}},{"type":"Feature","id":56,"geometry":{"type":"Polygon","coordinates":[[[106.78110295099998,-6.027277991000005],[106.77860922299999,-6.023255855000002],[106.77597672799999,-6.019323101999987],[106.77386104800001,-6.016389220000008],[106.773208781,-6.015484694999998],[106.77030875399998,-6.011745306000023],[106.76728018,-6.008109489999981],[106.76412674800002,-6.004581674999997],[106.76085230000001,-6.001166155000021],[106.75746082299997,-5.997867090999989],[106.75395644999998,-5.994688498000016],[106.75034344599999,-5.991634250000004],[106.746626214,-5.98870806299999],[106.74280927799998,-5.985913503000006],[106.738897286,-5.983253972],[106.73489500400001,-5.980732708999994],[106.73080730200002,-5.978352783999981],[106.726639159,-5.976117095999996],[106.72239564900002,-5.974028367000017],[106.71808193999999,-5.972089142000016],[106.71370328199998,-5.970301783000025],[106.70926500600001,-5.9686684650000075],[106.70477251699998,-5.967191179999986],[106.700231282,-5.965871726999978],[106.69564683200002,-5.964711711999996],[106.69102474599998,-5.963712550000025],[106.68637065299998,-5.962875457999985],[106.68169021699998,-5.962201456999992],[106.67698913700002,-5.961691368000004],[106.672273136,-5.96134581299998],[106.66754795600002,-5.961165214000005],[106.66281934800003,-5.961149793000004],[106.65809307,-5.961299568000015],[106.65337487699998,-5.961614359999999],[106.64867051200002,-5.962093786000025],[106.64398570200001,-5.962737263000008],[106.63932615300001,-5.963544008999975],[106.63469753700002,-5.964513044],[106.63010549,-5.965643187000012],[106.625555604,-5.966933064999978],[106.62105341900002,-5.968381108000017],[106.61660441800001,-5.969985553000015],[106.61461543799999,-5.970760348999988],[106.60389497400001,-5.975033943000028],[106.58843438100001,-5.981196694000005],[106.58407196799999,-5.983024440999998],[106.57977588699998,-5.9850034739999955],[106.57555136899998,-5.987131385999987],[106.57140356100001,-5.989405584999986],[106.56733751399997,-5.991823303999979],[106.56335818100001,-5.9943815990000076],[106.559470411,-5.997077355999977],[106.55567893699998,-5.999907291999989],[106.551988381,-6.002867961999982],[106.54840323899998,-6.005955760999996],[106.54492787800001,-6.009166929999992],[106.54156653400003,-6.012497558000007],[106.53832330400002,-6.015943589000017],[106.53520213899998,-6.019500827000002],[106.53220684399997,-6.023164940000015],[106.52934106999999,-6.026931466000008],[106.52660831200001,-6.030795817000012],[106.5240119,-6.034753287000001],[106.52155500100002,-6.038799056000016],[106.51924061099999,-6.042928195000002],[106.517071553,-6.047135675999982],[106.51505047199998,-6.051416372999995],[106.513179836,-6.055765072999975],[106.51146192599998,-6.060176477000027],[106.50989884,-6.064645211000027],[106.50849248600002,-6.06916583200001],[106.50724458100001,-6.0737328309999725],[106.50615664999998,-6.0783406470000045],[106.50523002400001,-6.082983662999993],[106.50446583399997,-6.08765622300001],[106.50386501700001,-6.0923526349999975],[106.50342830900001,-6.0970671750000065],[106.50315624699999,-6.101794099000017],[106.50304916699997,-6.106527647999997],[106.50310720300001,-6.111262053000019],[106.503130333,-6.111752421999995],[106.50333028900002,-6.115991544999986],[106.50371815800003,-6.1207103599999755],[106.504270341,-6.125412747999974],[106.504986169,-6.130092978999983],[106.50586477399997,-6.134745348000024],[106.50631427600001,-6.136834127999975],[106.54746534100002,-6.127188624999974],[106.56523461299997,-6.123023639999985],[106.57523331200002,-6.120680020000009],[106.57941324299998,-6.119700275000014],[106.58549506700001,-6.118274740999993],[106.585485775,-6.118229982000003],[106.58513409300002,-6.116369152000004],[106.58484750999997,-6.114497170999982],[106.58462637500003,-6.112616318999983],[106.58447095700001,-6.110728886999993],[106.58438144399997,-6.108837175000019],[106.58435794600001,-6.106943488000013],[106.58440048900002,-6.105050134999999],[106.58450902200002,-6.103159419999997],[106.58468341100001,-6.101273649999996],[106.58492344400003,-6.0993951190000075],[106.58522882699998,-6.097526119000008],[106.58559918700001,-6.095668924999984],[106.58603407200002,-6.09382580099998],[106.58653295200003,-6.091998993000004],[106.58709521899999,-6.090190724000024],[106.58772018600001,-6.088403200000016],[106.58840709100002,-6.086638597999979],[106.58915509799999,-6.084899065999991],[106.58996329399997,-6.083186726000008],[106.59083069399998,-6.081503661999989],[106.59175624,-6.079851925000014],[106.59273880500001,-6.078233527999998],[106.59377719000003,-6.076650441000027],[106.594870131,-6.075104593999981],[106.59601629399998,-6.073597869000025],[106.597214285,-6.072132102000012],[106.59846264200002,-6.070709077999993],[106.599759844,-6.069330531999981],[106.60110431099997,-6.0679981409999755],[106.60249440500002,-6.0667135300000155],[106.60392843099999,-6.065478261999999],[106.60540464299999,-6.064293841999984],[106.606921242,-6.063161713999989],[106.608476381,-6.062083255999994],[106.61006816399998,-6.061059780999983],[106.61169465199998,-6.060092536000013],[106.61335386500002,-6.059182700000008],[106.61504378000001,-6.058331380000027],[106.61676233899999,-6.057539613000017],[106.61850744899999,-6.056808363000016],[106.63714602499999,-6.049377672999981],[106.64468838599998,-6.046370739999986],[106.64469077799998,-6.046369786000014],[106.64473696099998,-6.046351398000013],[106.64650702300003,-6.0456831129999955],[106.64829929899997,-6.045077069999991],[106.650111606,-6.044534008000028],[106.65194173700002,-6.0440545879999945],[106.65378746099998,-6.043639392999978],[106.65564653199999,-6.043288929000028],[106.65751668500002,-6.043003623000004],[106.659395641,-6.04278382199999],[106.66128111299997,-6.042629793000003],[106.66317080300001,-6.042541723999989],[106.66506241000002,-6.042519722999998],[106.66695363000002,-6.042563814999994],[106.66884216,-6.042673947000026],[106.670725699,-6.042849983999986],[106.67260195400002,-6.043091711999978],[106.674468639,-6.043398836999984],[106.67632348000001,-6.043770983000002],[106.678164219,-6.04420769799998],[106.67998861400002,-6.044708448999984],[106.68179444200001,-6.045272626999974],[106.68357950299998,-6.045899543000019],[106.68534162499998,-6.04658843499999],[106.68707866,-6.047338463000017],[106.688788493,-6.0481487139999786],[106.69046904200002,-6.049018199999978],[106.69211825899998,-6.0499458620000155],[106.693734135,-6.050930569999991],[106.69531470300001,-6.0519711239999765],[106.69685803599998,-6.053066258000001],[106.69836225699999,-6.054214636999973],[106.69982553099999,-6.05541486300001],[106.70124607600002,-6.05666547200002],[106.702622163,-6.057964943000002],[106.703952114,-6.059311691000005],[106.70523430999998,-6.060704077000025],[106.70646718799998,-6.06214040499998],[106.707649248,-6.063618925000014],[106.70877904700001,-6.065137834999973],[106.70985521099999,-6.0666952860000265],[106.710874316,-6.0682860860000005],[106.71627047800001,-6.065139815000009],[106.71690922900001,-6.064762163000012],[106.72029621299998,-6.062784426000007],[106.78110295099998,-6.027277991000005]]]},"properties":{"OBJECTID":56,"NAMOBJ":"Soekarno-Hatta (CGK) - Kota Tanggerang","IDBNDR":"1","KODBNDR":"PHL01","KAWASAN":"Permukaan Horizontal Luar","KEMIRINGAN":0,"LNDSNPC":"07L-25R4","ELEVASI_1":151,"ELEVASI_2":151,"ELEVASIMSL_1":157.32500000000002,"ELEVASIMSL_2":157.32500000000002,"DISTANCE_1":6000,"DISTANCE_2":15000,"REFMSL":6.325,"RUMUS":null,"KETERANGAN":null,"SHAPE.AREA":0.0240216846692235,"SHAPE.LEN":0.753321179580941}},{"type":"Feature","id":57,"geometry":{"type":"Polygon","coordinates":[[[106.71528380299998,-6.091586009000025],[106.711281074,-6.0815302679999945],[106.70243733699999,-6.08505197300002],[106.70179638500002,-6.085404864999987],[106.70573429299998,-6.095298130000003],[106.706439074,-6.095114398000021],[106.71159419700001,-6.09305789199999],[106.713642946,-6.092240580000009],[106.71528380299998,-6.091586009000025]]]},"properties":{"OBJECTID":57,"NAMOBJ":"Soekarno-Hatta (CGK) - Kota Tanggerang","IDBNDR":"1","KODBNDR":"APLL25R206","KAWASAN":"Ancangan Pendaratan dan Lepas Landas","KEMIRINGAN":5,"LNDSNPC":"25R2","ELEVASI_1":46,"ELEVASI_2":102,"ELEVASIMSL_1":52.325,"ELEVASIMSL_2":108.325,"DISTANCE_1":4000,"DISTANCE_2":5134,"REFMSL":6.325,"RUMUS":null,"KETERANGAN":null,"SHAPE.AREA":0.000110851842203236,"SHAPE.LEN":0.041972992978462}},{"type":"Feature","id":58,"geometry":{"type":"Polygon","coordinates":[[[106.682786889,-6.085905536999974],[106.68249446800002,-6.085170785999992],[106.68239337699998,-6.084916780000015],[106.68182449300002,-6.085248938999996],[106.68156737599998,-6.085399073000019],[106.680815387,-6.085838177000028],[106.68080353099998,-6.085845099999972],[106.66424551099999,-6.095513714999981],[106.66444609299998,-6.096017737000011],[106.68119205699998,-6.08678482900001],[106.68195745399998,-6.08636283300001],[106.68225776399998,-6.086197259000016],[106.68271553900001,-6.085944865999977],[106.682786889,-6.085905536999974]]]},"properties":{"OBJECTID":58,"NAMOBJ":"Soekarno-Hatta (CGK) - Kota Tanggerang","IDBNDR":"1","KODBNDR":"KBK25R302","KAWASAN":"Kemungkinan Bahaya Kecelakaan","KEMIRINGAN":16,"LNDSNPC":"25R3","ELEVASI_1":0,"ELEVASI_2":46,"ELEVASIMSL_1":6.325,"ELEVASIMSL_2":52.325,"DISTANCE_1":0,"DISTANCE_2":2300,"REFMSL":6.325,"RUMUS":null,"KETERANGAN":null,"SHAPE.AREA":0.000016693239107398002,"SHAPE.LEN":0.043565655453364105}},{"type":"Feature","id":59,"geometry":{"type":"Polygon","coordinates":[[[106.68836878299999,-6.082828004000021],[106.68826776200001,-6.082574179000005],[106.68791653699998,-6.081691691999993],[106.68679134199999,-6.082348699000022],[106.68554996900002,-6.083073547000026],[106.68239337699998,-6.084916780000015],[106.68249446800002,-6.085170785999992],[106.682786889,-6.085905536999974],[106.68836878299999,-6.082828004000021]]]},"properties":{"OBJECTID":59,"NAMOBJ":"Soekarno-Hatta (CGK) - Kota Tanggerang","IDBNDR":"1","KODBNDR":"KBK25R306","KAWASAN":"Kemungkinan Bahaya Kecelakaan","KEMIRINGAN":0,"LNDSNPC":"25R3","ELEVASI_1":46,"ELEVASI_2":46,"ELEVASIMSL_1":52.325,"ELEVASIMSL_2":52.325,"DISTANCE_1":2300,"DISTANCE_2":3000,"REFMSL":6.325,"RUMUS":null,"KETERANGAN":null,"SHAPE.AREA":0.000007232468698869,"SHAPE.LEN":0.015057073749620401}},{"type":"Feature","id":60,"geometry":{"type":"Polygon","coordinates":[[[106.70940024700002,-6.073126101000014],[106.70811509700002,-6.069897304999984],[106.70786790599999,-6.0700415969999995],[106.707486491,-6.070264313999985],[106.707237921,-6.070409459000018],[106.69975261399998,-6.074780299999986],[106.69690586299998,-6.076442583000016],[106.69580613,-6.077084742000011],[106.69580796100001,-6.07708769300001],[106.69634280000002,-6.078431448999993],[106.696980704,-6.078079740000021],[106.70582546000003,-6.074551956999983],[106.70940024700002,-6.073126101000014]]]},"properties":{"OBJECTID":60,"NAMOBJ":"Soekarno-Hatta (CGK) - Kota Tanggerang","IDBNDR":"1","KODBNDR":"APLL25R304","KAWASAN":"Ancangan Pendaratan dan Lepas Landas","KEMIRINGAN":5,"LNDSNPC":"25R3","ELEVASI_1":46,"ELEVASI_2":123,"ELEVASIMSL_1":52.325,"ELEVASIMSL_2":129.32500000000002,"DISTANCE_1":4000,"DISTANCE_2":5560,"REFMSL":6.325,"RUMUS":null,"KETERANGAN":null,"SHAPE.AREA":0.000034101860378414493,"SHAPE.LEN":0.0332781187221006}},{"type":"Feature","id":61,"geometry":{"type":"Polygon","coordinates":[[[106.71807250199998,-6.069667096999979],[106.71780736800002,-6.069000997999979],[106.71627047800001,-6.065139815000009],[106.710874316,-6.0682860860000005],[106.70811509700002,-6.069897304999984],[106.70940024700002,-6.073126101000014],[106.71128934900003,-6.072372615000006],[106.71284044700002,-6.071753946999991],[106.71807250199998,-6.069667096999979]]]},"properties":{"OBJECTID":61,"NAMOBJ":"Soekarno-Hatta (CGK) - Kota Tanggerang","IDBNDR":"1","KODBNDR":"APLL25R306","KAWASAN":"Ancangan Pendaratan dan Lepas Landas","KEMIRINGAN":25,"LNDSNPC":"25R3","ELEVASI_1":123,"ELEVASI_2":150,"ELEVASIMSL_1":129.32500000000002,"ELEVASIMSL_2":156.32500000000002,"DISTANCE_1":5560,"DISTANCE_2":6600,"REFMSL":6.325,"RUMUS":null,"KETERANGAN":null,"SHAPE.AREA":0.0000389771162647685,"SHAPE.LEN":0.0271261381398157}},{"type":"Feature","id":62,"geometry":{"type":"Polygon","coordinates":[[[106.70243759499999,-6.153503654000019],[106.70323610000003,-6.152526340999998],[106.70400003700001,-6.1515217310000025],[106.704728477,-6.150491048999982],[106.70542053100002,-6.1494355510000105],[106.70607535599999,-6.148356521999972],[106.70669215599997,-6.147255276999999],[106.70727017899998,-6.146133157999998],[106.70780872099999,-6.144991532999995],[106.70830712499998,-6.1438317920000145],[106.70876478600002,-6.142655347000016],[106.70918114599999,-6.14146363399999],[106.70955569699998,-6.140258103000008],[106.70988798399998,-6.139040222999995],[106.71017760299998,-6.137811478999993],[106.71042419999998,-6.136573365999993],[106.71062747600001,-6.13532739499999],[106.71078718299998,-6.134075080999992],[106.710903127,-6.132817951999982],[106.710975168,-6.131557539000028],[106.711003216,-6.130295376999982],[106.71098724000001,-6.129033004000007],[106.71092725800003,-6.1277719579999825],[106.710823344,-6.126513776000024],[106.71067562500002,-6.125259989000028],[106.71048428099999,-6.124012126000025],[106.71033131399997,-6.1231776960000275],[106.71033072699998,-6.123174493000022],[106.70111659999998,-6.125337304000027],[106.69404554099998,-6.126997076999999],[106.69404629799999,-6.126998979999996],[106.65651470799997,-6.1419647899999745],[106.62706996499998,-6.1537037439999835],[106.627069205,-6.153701832000024],[106.61262040700001,-6.162133058999984],[106.61266301199998,-6.1622042459999875],[106.61331304499998,-6.163191944999994],[106.61351466500003,-6.163476181000021],[106.61404329599998,-6.164221424000004],[106.614809003,-6.165224767999973],[106.615343457,-6.165876604000005],[106.61560923399998,-6.166200752999998],[106.61595166199999,-6.166589860999977],[106.61644301299998,-6.167148191000024],[106.61679195900001,-6.167517850000024],[106.61730932400002,-6.168065925999997],[106.61820711299998,-6.168952841000021],[106.61913528500003,-6.169807854999988],[106.620092709,-6.170629926000004],[106.62107821900003,-6.171418051999979],[106.62209061300001,-6.172171273000004],[106.62312865799998,-6.17288867100001],[106.62419109000001,-6.1735693719999745],[106.62527661299998,-6.174212547000025],[106.626383906,-6.174817410999992],[106.62751161800003,-6.175383228999976],[106.62865837499999,-6.175909309000019],[106.62982277999998,-6.176395012],[106.63100341400002,-6.176839745999985],[106.63219883900001,-6.177242967999973],[106.63340759699997,-6.177604187999975],[106.63462821500002,-6.177922964999993],[106.63585920700001,-6.178198910999981],[106.63709907200001,-6.178431688999979],[106.63834629899998,-6.178621017000012],[106.639599368,-6.178766662999976],[106.64085675299998,-6.178868451000028],[106.64211691999998,-6.178926255000022],[106.64337833500002,-6.178940006000005],[106.64463946000001,-6.178909687999976],[106.64589875899998,-6.17883533600002],[106.64715469599997,-6.178717042000017],[106.64840574200002,-6.178554951000024],[106.649650371,-6.178349258000026],[106.65088706799997,-6.178100217000008],[106.652114326,-6.177808129000027],[106.65333064800001,-6.177473351000003],[106.65453455199997,-6.177096291999987],[106.65572457299999,-6.1766774089999785],[106.65651569699997,-6.176372695999987],[106.65651621400002,-6.176372488000027],[106.66833466999998,-6.171660262999978],[106.68358813200001,-6.165577896000002],[106.68824135900002,-6.163722405999977],[106.68824243300003,-6.163721979000002],[106.689397628,-6.163237766000009],[106.689405938,-6.163234283000008],[106.69055172399999,-6.1627062410000235],[106.69167839699998,-6.16213849899998],[106.69278458399998,-6.161531747000026],[106.693868936,-6.160886725000012],[106.69493013300001,-6.160204218999979],[106.695966882,-6.159485060999998],[106.69697791800002,-6.1587301270000125],[106.697962012,-6.157940338000003],[106.69891796299999,-6.157116654999982],[106.69984460699999,-6.156260082000017],[106.70074081500002,-6.155371662999983],[106.70160549600001,-6.154452479999975],[106.70243759499999,-6.153503654000019]]]},"properties":{"OBJECTID":62,"NAMOBJ":"Soekarno-Hatta (CGK) - Kota Tanggerang","IDBNDR":"1","KODBNDR":"PHD03","KAWASAN":"Permukaan Horizontal Dalam","KEMIRINGAN":0,"LNDSNPC":"25L07R","ELEVASI_1":46,"ELEVASI_2":46,"ELEVASIMSL_1":52.325,"ELEVASIMSL_2":52.325,"DISTANCE_1":465,"DISTANCE_2":4000,"REFMSL":6.325,"RUMUS":null,"KETERANGAN":null,"SHAPE.AREA":0.0027993024981353303,"SHAPE.LEN":0.23985325443303201}},{"type":"Feature","id":63,"geometry":{"type":"Polygon","coordinates":[[[106.65651621400002,-6.176372488000027],[106.65651569699997,-6.176372695999987],[106.65572457299999,-6.1766774089999785],[106.65453455199997,-6.177096291999987],[106.65333064800001,-6.177473351000003],[106.652114326,-6.177808129000027],[106.65088706799997,-6.178100217000008],[106.649650371,-6.178349258000026],[106.64840574200002,-6.178554951000024],[106.64715469599997,-6.178717042000017],[106.64589875899998,-6.17883533600002],[106.64463946000001,-6.178909687999976],[106.64337833500002,-6.178940006000005],[106.64211691999998,-6.178926255000022],[106.64085675299998,-6.178868451000028],[106.639599368,-6.178766662999976],[106.63834629899998,-6.178621017000012],[106.63709907200001,-6.178431688999979],[106.63585920700001,-6.178198910999981],[106.63462821500002,-6.177922964999993],[106.63340759699997,-6.177604187999975],[106.63219883900001,-6.177242967999973],[106.63100341400002,-6.176839745999985],[106.62982277999998,-6.176395012],[106.62865837499999,-6.175909309000019],[106.62751161800003,-6.175383228999976],[106.626383906,-6.174817410999992],[106.62527661299998,-6.174212547000025],[106.62419109000001,-6.1735693719999745],[106.62312865799998,-6.17288867100001],[106.62209061300001,-6.172171273000004],[106.62107821900003,-6.171418051999979],[106.620092709,-6.170629926000004],[106.61913528500003,-6.169807854999988],[106.61820711299998,-6.168952841000021],[106.61730932400002,-6.168065925999997],[106.61679195900001,-6.167517850000024],[106.61644301299998,-6.167148191000024],[106.61595166199999,-6.166589860999977],[106.61560923399998,-6.166200752999998],[106.615343457,-6.165876604000005],[106.614809003,-6.165224767999973],[106.61404329599998,-6.164221424000004],[106.61351466500003,-6.163476181000021],[106.61331304499998,-6.163191944999994],[106.61266301199998,-6.1622042459999875],[106.61262040700001,-6.162133058999984],[106.61207348300002,-6.162452201999997],[106.60063687500002,-6.169125742000006],[106.59936435999998,-6.169868285999996],[106.59699833799999,-6.171248918000003],[106.597036242,-6.17130585000001],[106.598022786,-6.172846052000011],[106.59909898799998,-6.174403747999975],[106.59921699400002,-6.174562411000011],[106.60022885900003,-6.1759229009999785],[106.60141102400002,-6.177401659999987],[106.60264404100002,-6.178838223000014],[106.60373940699998,-6.180027761000019],[106.603926408,-6.180230838999989],[106.60525656300001,-6.1815778120000004],[106.60663288400002,-6.182877499000028],[106.60805369600001,-6.184128316999988],[106.609517267,-6.185328742000024],[106.61102181199999,-6.186477310999976],[106.61256550000002,-6.187572624999973],[106.614146447,-6.18861334799999],[106.61576272899998,-6.189598212000021],[106.617412376,-6.190526017000025],[106.61909337600002,-6.191395633000013],[106.62080368199997,-6.192205999999999],[106.62254120900002,-6.192956131000017],[106.62430383899999,-6.1936451110000235],[106.62608942399999,-6.194272101000024],[106.62789578899998,-6.194836337000027],[106.62972073200001,-6.195337130999974],[106.63156202800002,-6.195773873999997],[106.63341743400002,-6.196146032999991],[106.635284689,-6.1964531539999825],[106.63716151599999,-6.196694864999984],[106.63904562800002,-6.196870869999998],[106.64093472899998,-6.196980955000015],[106.642826517,-6.197024985999974],[106.64471868700002,-6.197002908999991],[106.646608931,-6.196914751999998],[106.648494948,-6.196760622999989],[106.65037443699998,-6.196540707999986],[106.65224510799999,-6.196255278000024],[106.65410468300001,-6.195904677999977],[106.655950894,-6.195489338000016],[106.65778149200003,-6.195009762999973],[106.659594245,-6.194466537999972],[106.661386946,-6.193860325999992],[106.66315740800002,-6.193191864000028],[106.66320360200001,-6.1931734699999765],[106.65651621400002,-6.176372488000027]]]},"properties":{"OBJECTID":63,"NAMOBJ":"Soekarno-Hatta (CGK) - Kota Tanggerang","IDBNDR":"1","KODBNDR":"PK07","KAWASAN":"Permukaan Kerucut","KEMIRINGAN":5,"LNDSNPC":"07R","ELEVASI_1":46,"ELEVASI_2":146,"ELEVASIMSL_1":52.325,"ELEVASIMSL_2":152.32500000000002,"DISTANCE_1":4000,"DISTANCE_2":6000,"REFMSL":6.325,"RUMUS":null,"KETERANGAN":null,"SHAPE.AREA":0.00113733614260616,"SHAPE.LEN":0.161987028892359}},{"type":"Feature","id":64,"geometry":{"type":"Polygon","coordinates":[[[106.59895479699998,-6.170107277],[106.59936435999998,-6.169868285999996],[106.60063687500002,-6.169125742000006],[106.61207348300002,-6.162452201999997],[106.61153982799999,-6.161111134000009],[106.61090175700002,-6.161462835000009],[106.604781994,-6.163901586000009],[106.60132700999998,-6.165278412000021],[106.59940889500001,-6.1660427890000165],[106.59714366600002,-6.166945510999994],[106.597644274,-6.168203596000012],[106.59850598999998,-6.170369167999979],[106.59895479699998,-6.170107277]]]},"properties":{"OBJECTID":64,"NAMOBJ":"Soekarno-Hatta (CGK) - Kota Tanggerang","IDBNDR":"1","KODBNDR":"APLL07R04","KAWASAN":"Ancangan Pendaratan dan Lepas Landas","KEMIRINGAN":5,"LNDSNPC":"07R","ELEVASI_1":46,"ELEVASI_2":132,"ELEVASIMSL_1":52.325,"ELEVASIMSL_2":138.32500000000002,"DISTANCE_1":4000,"DISTANCE_2":5719,"REFMSL":6.325,"RUMUS":null,"KETERANGAN":null,"SHAPE.AREA":0.000039157745124293495,"SHAPE.LEN":0.036375410838255205}},{"type":"Feature","id":65,"geometry":{"type":"Polygon","coordinates":[[[106.5859145,-6.177716608000026],[106.59160403499999,-6.174396624999986],[106.59699833799999,-6.171248918000003],[106.59850598999998,-6.170369167999979],[106.597644274,-6.168203596000012],[106.59714366600002,-6.166945510999994],[106.59631058399998,-6.16727750199999],[106.58979985299999,-6.169872032000001],[106.584477188,-6.171993136000026],[106.583398026,-6.17242319799999],[106.585199338,-6.176949639999975],[106.58558182399997,-6.177910759999975],[106.5859145,-6.177716608000026]]]},"properties":{"OBJECTID":65,"NAMOBJ":"Soekarno-Hatta (CGK) - Kota Tanggerang","IDBNDR":"1","KODBNDR":"APLL07R09","KAWASAN":"Ancangan Pendaratan dan Lepas Landas","KEMIRINGAN":25,"LNDSNPC":"07R","ELEVASI_1":132,"ELEVASI_2":151,"ELEVASIMSL_1":138.32500000000002,"ELEVASIMSL_2":157.32500000000002,"DISTANCE_1":5719,"DISTANCE_2":6482,"REFMSL":6.325,"RUMUS":null,"KETERANGAN":null,"SHAPE.AREA":0.000070957039478276,"SHAPE.LEN":0.039351363236208504}},{"type":"Feature","id":66,"geometry":{"type":"Polygon","coordinates":[[[106.72383062,-6.120005693999985],[106.72260359400002,-6.116923634999978],[106.72260324400003,-6.116922756000008],[106.72068672,-6.117687321000005],[106.71636554999998,-6.119411179999986],[106.71111459500003,-6.121505962000015],[106.71040978299999,-6.1216897030000155],[106.71094358800002,-6.123030636999999],[106.718168934,-6.1213346480000155],[106.72383062,-6.120005693999985]]]},"properties":{"OBJECTID":66,"NAMOBJ":"Soekarno-Hatta (CGK) - Kota Tanggerang","IDBNDR":"1","KODBNDR":"APLL25L04","KAWASAN":"Ancangan Pendaratan dan Lepas Landas","KEMIRINGAN":5,"LNDSNPC":"25L","ELEVASI_1":46,"ELEVASI_2":128,"ELEVASIMSL_1":52.325,"ELEVASIMSL_2":134.32500000000002,"DISTANCE_1":4000,"DISTANCE_2":5638,"REFMSL":6.325,"RUMUS":null,"KETERANGAN":null,"SHAPE.AREA":0.000030609275436205,"SHAPE.LEN":0.0310963221526983}},{"type":"Feature","id":67,"geometry":{"type":"Polygon","coordinates":[[[106.73400878500001,-6.117616596999994],[106.73374494500001,-6.116953916],[106.73220772100001,-6.113092854999991],[106.73220715600002,-6.113091435000001],[106.72260324400003,-6.116922756000008],[106.72260359400002,-6.116923634999978],[106.72383062,-6.120005693999985],[106.72792928400003,-6.119043624000028],[106.72867259200001,-6.118869148999977],[106.73400878500001,-6.117616596999994]]]},"properties":{"OBJECTID":67,"NAMOBJ":"Soekarno-Hatta (CGK) - Kota Tanggerang","IDBNDR":"1","KODBNDR":"APLL25L07","KAWASAN":"Ancangan Pendaratan dan Lepas Landas","KEMIRINGAN":25,"LNDSNPC":"25L","ELEVASI_1":128,"ELEVASI_2":151,"ELEVASIMSL_1":134.32500000000002,"ELEVASIMSL_2":157.32500000000002,"DISTANCE_1":5638,"DISTANCE_2":6564,"REFMSL":6.325,"RUMUS":null,"KETERANGAN":null,"SHAPE.AREA":0.000042336415989476,"SHAPE.LEN":0.028983627343517202}},{"type":"Feature","id":68,"geometry":{"type":"Polygon","coordinates":[[[106.805075654,-6.090789867000012],[106.804507403,-6.089363004000006],[106.802749769,-6.0849496320000185],[106.80274965400002,-6.084949677999987],[106.78345355800002,-6.092647535000026],[106.74813469999998,-6.106737405999979],[106.74519708000003,-6.107909321000022],[106.73753144099999,-6.110967399999993],[106.73220715600002,-6.113091435000001],[106.73220772100001,-6.113092854999991],[106.73374494500001,-6.116953916],[106.73400878500001,-6.117616596999994],[106.73871986299997,-6.116510776999974],[106.74783026900002,-6.11437231299999],[106.80709269900001,-6.100461780999979],[106.80877065599998,-6.100067917999979],[106.80617506499999,-6.093550459000028],[106.805075654,-6.090789867000012]]]},"properties":{"OBJECTID":68,"NAMOBJ":"Soekarno-Hatta (CGK) - Kota Tanggerang","IDBNDR":"1","KODBNDR":"APLL25L12","KAWASAN":"Ancangan Pendaratan dan Lepas Landas","KEMIRINGAN":0,"LNDSNPC":"25L","ELEVASI_1":150,"ELEVASI_2":150,"ELEVASIMSL_1":156.32500000000002,"ELEVASIMSL_2":156.32500000000002,"DISTANCE_1":6564,"DISTANCE_2":15000,"REFMSL":6.325,"RUMUS":null,"KETERANGAN":null,"SHAPE.AREA":0.0008029239206615,"SHAPE.LEN":0.173886362745131}},{"type":"Feature","id":69,"geometry":{"type":"Polygon","coordinates":[[[106.805075654,-6.090789867000012],[106.80454193499997,-6.086086567999985],[106.803844508,-6.081404276000001],[106.80298428499998,-6.076749193000012],[106.80241309799999,-6.0740725649999945],[106.79875953999999,-6.074930122000012],[106.79875969800003,-6.074930520000009],[106.79960136800003,-6.077044079000018],[106.802749769,-6.0849496320000185],[106.804507403,-6.089363004000006],[106.805075654,-6.090789867000012]]]},"properties":{"OBJECTID":69,"NAMOBJ":"Soekarno-Hatta (CGK) - Kota Tanggerang","IDBNDR":"1","KODBNDR":"PHL05","KAWASAN":"Permukaan Horizontal Luar","KEMIRINGAN":0,"LNDSNPC":"25L","ELEVASI_1":151,"ELEVASI_2":151,"ELEVASIMSL_1":157.32500000000002,"ELEVASIMSL_2":157.32500000000002,"DISTANCE_1":6000,"DISTANCE_2":15000,"REFMSL":6.325,"RUMUS":null,"KETERANGAN":null,"SHAPE.AREA":0.000034453788079445,"SHAPE.LEN":0.0377622440914058}},{"type":"Feature","id":70,"geometry":{"type":"Polygon","coordinates":[[[106.72068672,-6.117687321000005],[106.720251642,-6.116084179999973],[106.71999219899999,-6.115220781000005],[106.71947130900003,-6.113642626000001],[106.71889571499997,-6.112083626000015],[106.71826612000001,-6.110545679999973],[106.717583289,-6.109030662999999],[106.716848056,-6.1075404189999745],[106.716847379,-6.10753910599999],[106.71684700200001,-6.107538374000001],[106.70898851999999,-6.1106733280000185],[106.70710188800001,-6.111425955000016],[106.706463961,-6.111777684999993],[106.71040978299999,-6.1216897030000155],[106.71111459500003,-6.121505962000015],[106.71636554999998,-6.119411179999986],[106.72068672,-6.117687321000005]]]},"properties":{"OBJECTID":70,"NAMOBJ":"Soekarno-Hatta (CGK) - Kota Tanggerang","IDBNDR":"1","KODBNDR":"APLL25L05","KAWASAN":"Ancangan Pendaratan dan Lepas Landas","KEMIRINGAN":5,"LNDSNPC":"25L","ELEVASI_1":46,"ELEVASI_2":106,"ELEVASIMSL_1":52.325,"ELEVASIMSL_2":112.325,"DISTANCE_1":4000,"DISTANCE_2":5197,"REFMSL":6.325,"RUMUS":null,"KETERANGAN":null,"SHAPE.AREA":0.000122790323450441,"SHAPE.LEN":0.0437970887843997}},{"type":"Feature","id":71,"geometry":{"type":"Polygon","coordinates":[[[106.73753144099999,-6.110967399999993],[106.73658840299998,-6.108598773999972],[106.733518355,-6.100887736000004],[106.73055964899999,-6.1020680409999954],[106.72819420600001,-6.103011677999973],[106.721038287,-6.105866360999983],[106.71859040499999,-6.106842884999992],[106.71684700200001,-6.107538374000001],[106.716847379,-6.10753910599999],[106.716848056,-6.1075404189999745],[106.717583289,-6.109030662999999],[106.71826612000001,-6.110545679999973],[106.71889571499997,-6.112083626000015],[106.71947130900003,-6.113642626000001],[106.71999219899999,-6.115220781000005],[106.720251642,-6.116084179999973],[106.72068672,-6.117687321000005],[106.72260324400003,-6.116922756000008],[106.73220715600002,-6.113091435000001],[106.73753144099999,-6.110967399999993]]]},"properties":{"OBJECTID":71,"NAMOBJ":"Soekarno-Hatta (CGK) - Kota Tanggerang","IDBNDR":"1","KODBNDR":"APLL25L08","KAWASAN":"Ancangan Pendaratan dan Lepas Landas","KEMIRINGAN":16,"LNDSNPC":"25L","ELEVASI_1":128,"ELEVASI_2":151,"ELEVASIMSL_1":134.32500000000002,"ELEVASIMSL_2":157.32500000000002,"DISTANCE_1":5638,"DISTANCE_2":7455,"REFMSL":6.325,"RUMUS":null,"KETERANGAN":null,"SHAPE.AREA":0.00019355110208023302,"SHAPE.LEN":0.0578078646625859}},{"type":"Feature","id":72,"geometry":{"type":"Polygon","coordinates":[[[106.71677665800001,-6.090990508000004],[106.71885859600002,-6.090159946000028],[106.72129759699999,-6.089186933000008],[106.72229846900001,-6.088787658000001],[106.72758584500002,-6.0866787919999865],[106.73002488899999,-6.085705959999984],[106.735137984,-6.083666165000011],[106.73513813300002,-6.08366610500002],[106.73513794799999,-6.08366565],[106.73113974900002,-6.0736220939999725],[106.730821773,-6.07374871899998],[106.723585776,-6.076630234999982],[106.72277233,-6.076954165000018],[106.721621733,-6.077412357000014],[106.71830015900002,-6.078735071999972],[106.71729622800001,-6.0791348569999855],[106.71485667000002,-6.080106367999974],[106.712859401,-6.080901738000023],[106.71231246500002,-6.08111954200001],[106.711281074,-6.0815302679999945],[106.71528380299998,-6.091586009000025],[106.71528382000002,-6.091586049],[106.71677665800001,-6.090990508000004]]]},"properties":{"OBJECTID":72,"NAMOBJ":"Soekarno-Hatta (CGK) - Kota Tanggerang","IDBNDR":"1","KODBNDR":"APLL25R207","KAWASAN":"Ancangan Pendaratan dan Lepas Landas","KEMIRINGAN":16,"LNDSNPC":"25R2","ELEVASI_1":102,"ELEVASI_2":150,"ELEVASIMSL_1":108.325,"ELEVASIMSL_2":156.32500000000002,"DISTANCE_1":5134,"DISTANCE_2":7500,"REFMSL":6.325,"RUMUS":null,"KETERANGAN":null,"SHAPE.AREA":0.000231216215998885,"SHAPE.LEN":0.06438479728238419}},{"type":"Feature","id":73,"geometry":{"type":"Polygon","coordinates":[[[106.61640662399998,-6.148902150000026],[106.61640659900002,-6.14890208700001],[106.61596112000001,-6.147782587999984],[106.61595577899999,-6.147767511999973],[106.61595569899998,-6.147767284999986],[106.614724099,-6.148056059999988],[106.61130828199998,-6.148856963000014],[106.607673739,-6.149709135000023],[106.60705998100002,-6.149853045999976],[106.60706030199998,-6.149853853000025],[106.60759516000002,-6.1511979879999785],[106.61640662399998,-6.148902150000026]]]},"properties":{"OBJECTID":73,"NAMOBJ":"Soekarno-Hatta (CGK) - Kota Tanggerang","IDBNDR":"1","KODBNDR":"APLL07R01","KAWASAN":"Ancangan Pendaratan dan Lepas Landas","KEMIRINGAN":0,"LNDSNPC":"07R","ELEVASI_1":46,"ELEVASI_2":46,"ELEVASIMSL_1":52.325,"ELEVASIMSL_2":52.325,"DISTANCE_1":3000,"DISTANCE_2":4000,"REFMSL":6.325,"RUMUS":null,"KETERANGAN":null,"SHAPE.AREA":0.000012057375382938,"SHAPE.LEN":0.0209113037946707}},{"type":"Feature","id":74,"geometry":{"type":"Polygon","coordinates":[[[106.61153982799999,-6.161111134000009],[106.61062992000001,-6.158824551999999],[106.60975321900003,-6.156621341999994],[106.60759516000002,-6.1511979879999785],[106.60689023200001,-6.1513816639999845],[106.59714255799997,-6.155266488999985],[106.597142695,-6.155266934999986],[106.59763258599997,-6.1568551220000245],[106.59817756199999,-6.158425227999999],[106.59877696000001,-6.159975341000006],[106.59943004899998,-6.161503571000026],[106.60013603499999,-6.163008056000024],[106.60089405600002,-6.164486963999991],[106.60132700999998,-6.165278412000021],[106.604781994,-6.163901586000009],[106.61090175700002,-6.161462835000009],[106.61153982799999,-6.161111134000009]]]},"properties":{"OBJECTID":74,"NAMOBJ":"Soekarno-Hatta (CGK) - Kota Tanggerang","IDBNDR":"1","KODBNDR":"APLL07R05","KAWASAN":"Ancangan Pendaratan dan Lepas Landas","KEMIRINGAN":5,"LNDSNPC":"07R","ELEVASI_1":46,"ELEVASI_2":109,"ELEVASIMSL_1":52.325,"ELEVASIMSL_2":115.325,"DISTANCE_1":4000,"DISTANCE_2":5265,"REFMSL":6.325,"RUMUS":null,"KETERANGAN":null,"SHAPE.AREA":0.000122812144345137,"SHAPE.LEN":0.0438007554654073}},{"type":"Feature","id":75,"geometry":{"type":"Polygon","coordinates":[[[106.584477188,-6.171993136000026],[106.58979985299999,-6.169872032000001],[106.59940889500001,-6.1660427890000165],[106.60132700999998,-6.165278412000021],[106.60089405600002,-6.164486963999991],[106.60013603499999,-6.163008056000024],[106.59943004899998,-6.161503571000026],[106.59877696000001,-6.159975341000006],[106.59817756199999,-6.158425227999999],[106.59763258599997,-6.1568551220000245],[106.597142695,-6.155266934999986],[106.59714255799997,-6.155266488999985],[106.59472590799999,-6.156229617999998],[106.59254474699998,-6.15709889499999],[106.58579119500001,-6.159790446999978],[106.58046635400001,-6.161912601999973],[106.57560559500001,-6.163849933999984],[106.579616267,-6.173930263999978],[106.584477188,-6.171993136000026]]]},"properties":{"OBJECTID":75,"NAMOBJ":"Soekarno-Hatta (CGK) - Kota Tanggerang","IDBNDR":"1","KODBNDR":"APLL07R08","KAWASAN":"Ancangan Pendaratan dan Lepas Landas","KEMIRINGAN":16,"LNDSNPC":"07R","ELEVASI_1":109,"ELEVASI_2":151,"ELEVASIMSL_1":115.325,"ELEVASIMSL_2":157.32500000000002,"DISTANCE_1":5265,"DISTANCE_2":7353,"REFMSL":6.325,"RUMUS":null,"KETERANGAN":null,"SHAPE.AREA":0.000250353738096681,"SHAPE.LEN":0.0682787137072338}},{"type":"Feature","id":76,"geometry":{"type":"Polygon","coordinates":[[[106.510262727,-6.166050170999995],[106.509181614,-6.163331894999999],[106.50997966800003,-6.16799877699998],[106.51088598299998,-6.172394259999976],[106.512623991,-6.171987084000023],[106.51262406000001,-6.171987068000021],[106.51122284500002,-6.168464227000015],[106.51050879799999,-6.166668881000021],[106.510262727,-6.166050170999995]]]},"properties":{"OBJECTID":76,"NAMOBJ":"Soekarno-Hatta (CGK) - Kota Tanggerang","IDBNDR":"1","KODBNDR":"PHL06","KAWASAN":"Permukaan Horizontal Luar","KEMIRINGAN":0,"LNDSNPC":"07L1","ELEVASI_1":151,"ELEVASI_2":151,"ELEVASIMSL_1":157.32500000000002,"ELEVASIMSL_2":157.32500000000002,"DISTANCE_1":6000,"DISTANCE_2":15000,"REFMSL":6.325,"RUMUS":null,"KETERANGAN":null,"SHAPE.AREA":0.000008583176762266,"SHAPE.LEN":0.020322347819229102}},{"type":"Feature","id":77,"geometry":{"type":"Polygon","coordinates":[[[106.58046635400001,-6.161912601999973],[106.58579119500001,-6.159790446999978],[106.59254474699998,-6.15709889499999],[106.59313249399997,-6.156864654999993],[106.592630988,-6.15560423300002],[106.59176921699998,-6.153438347000019],[106.59114637900001,-6.153584385999977],[106.58398963600001,-6.155262461999996],[106.58184474799998,-6.155765384000006],[106.57772582199999,-6.1581690200000025],[106.57938670599998,-6.1623429169999895],[106.58046635400001,-6.161912601999973]]]},"properties":{"OBJECTID":77,"NAMOBJ":"Soekarno-Hatta (CGK) - Kota Tanggerang","IDBNDR":"1","KODBNDR":"APLL07R07","KAWASAN":"Ancangan Pendaratan dan Lepas Landas","KEMIRINGAN":25,"LNDSNPC":"07R","ELEVASI_1":132,"ELEVASI_2":151,"ELEVASIMSL_1":138.32500000000002,"ELEVASIMSL_2":157.32500000000002,"DISTANCE_1":5719,"DISTANCE_2":6482,"REFMSL":6.325,"RUMUS":null,"KETERANGAN":null,"SHAPE.AREA":0.00006765398422314249,"SHAPE.LEN":0.0379396012111105}},{"type":"Feature","id":78,"geometry":{"type":"Polygon","coordinates":[[[106.59313249399997,-6.156864654999993],[106.59472590799999,-6.156229617999998],[106.59714255799997,-6.155266488999985],[106.60689023200001,-6.1513816639999845],[106.60759516000002,-6.1511979879999785],[106.60706030199998,-6.149853853000025],[106.60705998100002,-6.149853045999976],[106.595571012,-6.15254692100001],[106.59350972499999,-6.153030242999989],[106.59176921699998,-6.153438347000019],[106.592630988,-6.15560423300002],[106.59313249399997,-6.156864654999993]]]},"properties":{"OBJECTID":78,"NAMOBJ":"Soekarno-Hatta (CGK) - Kota Tanggerang","IDBNDR":"1","KODBNDR":"APLL07R06","KAWASAN":"Ancangan Pendaratan dan Lepas Landas","KEMIRINGAN":5,"LNDSNPC":"07R","ELEVASI_1":46,"ELEVASI_2":132,"ELEVASIMSL_1":52.325,"ELEVASIMSL_2":138.32500000000002,"DISTANCE_1":4000,"DISTANCE_2":5719,"REFMSL":6.325,"RUMUS":null,"KETERANGAN":null,"SHAPE.AREA":0.00003921230553964501,"SHAPE.LEN":0.036379090552516}},{"type":"Feature","id":79,"geometry":{"type":"Polygon","coordinates":[[[106.57938670599998,-6.1623429169999895],[106.57772582199999,-6.1581690200000025],[106.57668319499999,-6.158777446999977],[106.55158330400002,-6.17342361599998],[106.55160382600002,-6.173415437000017],[106.578606622,-6.162653834000025],[106.57938670599998,-6.1623429169999895]]]},"properties":{"OBJECTID":79,"NAMOBJ":"Soekarno-Hatta (CGK) - Kota Tanggerang","IDBNDR":"1","KODBNDR":"APLL07R12","KAWASAN":"Ancangan Pendaratan dan Lepas Landas","KEMIRINGAN":0,"LNDSNPC":"07R","ELEVASI_1":151,"ELEVASI_2":151,"ELEVASIMSL_1":157.32500000000002,"ELEVASIMSL_2":157.32500000000002,"DISTANCE_1":6482,"DISTANCE_2":15000,"REFMSL":6.325,"RUMUS":null,"KETERANGAN":null,"SHAPE.AREA":0.000067225999914608,"SHAPE.LEN":0.06469001759792531}},{"type":"Feature","id":80,"geometry":{"type":"Polygon","coordinates":[[[106.60345778499999,-6.115525807999973],[106.60496213200003,-6.115133852999975],[106.60772655599999,-6.114413582999987],[106.61107716200002,-6.113540614999977],[106.61226890400002,-6.113230112999986],[106.61223016500003,-6.113132790999998],[106.61182076300003,-6.1121042589999774],[106.610202442,-6.112483580000003],[106.60410775399998,-6.1139120779999985],[106.60309599800001,-6.114149214000008],[106.602925744,-6.114189119999992],[106.60342806199998,-6.115451134000011],[106.60345778499999,-6.115525807999973]]]},"properties":{"OBJECTID":80,"NAMOBJ":"Soekarno-Hatta (CGK) - Kota Tanggerang","IDBNDR":"1","KODBNDR":"APLL07L301","KAWASAN":"Ancangan Pendaratan dan Lepas Landas","KEMIRINGAN":0,"LNDSNPC":"07L3","ELEVASI_1":46,"ELEVASI_2":46,"ELEVASIMSL_1":52.325,"ELEVASIMSL_2":52.325,"DISTANCE_1":3000,"DISTANCE_2":4000,"REFMSL":6.325,"RUMUS":null,"KETERANGAN":null,"SHAPE.AREA":0.000011973846340233,"SHAPE.LEN":0.020891804916569}},{"type":"Feature","id":81,"geometry":{"type":"Polygon","coordinates":[[[106.59082210499997,-6.120403796000005],[106.60231293200002,-6.115824098000019],[106.60301781800001,-6.115640439999993],[106.60345778499999,-6.115525807999973],[106.60342806199998,-6.115451134000011],[106.602925744,-6.114189119999992],[106.60248179500002,-6.114293178000025],[106.60240066300003,-6.114312195000025],[106.59323476200001,-6.116460614000005],[106.58959297199999,-6.117314222999994],[106.587875301,-6.117716836],[106.58872501100001,-6.119851773999983],[106.58920175100002,-6.121049593999999],[106.59082210499997,-6.120403796000005]]]},"properties":{"OBJECTID":81,"NAMOBJ":"Soekarno-Hatta (CGK) - Kota Tanggerang","IDBNDR":"1","KODBNDR":"APLL07L304","KAWASAN":"Ancangan Pendaratan dan Lepas Landas","KEMIRINGAN":5,"LNDSNPC":"07L3","ELEVASI_1":46,"ELEVASI_2":131,"ELEVASIMSL_1":52.325,"ELEVASIMSL_2":137.32500000000002,"DISTANCE_1":4000,"DISTANCE_2":5692,"REFMSL":6.325,"RUMUS":null,"KETERANGAN":null,"SHAPE.AREA":0.000037381062708849,"SHAPE.LEN":0.0357812683243906}},{"type":"Feature","id":82,"geometry":{"type":"Polygon","coordinates":[[[106.582360989,-6.1237759989999745],[106.58425286300002,-6.1230219920000195],[106.58708558199999,-6.121893001999979],[106.58796449900001,-6.121542701999999],[106.58920175100002,-6.121049593999999],[106.58872501100001,-6.119851773999983],[106.587875301,-6.117716836],[106.58549506700001,-6.118274740999993],[106.58266065999999,-6.118939108999996],[106.58062577599998,-6.11941606900001],[106.58103499499998,-6.1204442910000125],[106.581884688,-6.122579245999987],[106.582360989,-6.1237759989999745]]]},"properties":{"OBJECTID":82,"NAMOBJ":"Soekarno-Hatta (CGK) - Kota Tanggerang","IDBNDR":"1","KODBNDR":"APLL07L305","KAWASAN":"Ancangan Pendaratan dan Lepas Landas","KEMIRINGAN":25,"LNDSNPC":"07L3","ELEVASI_1":131,"ELEVASI_2":151,"ELEVASIMSL_1":137.32500000000002,"ELEVASIMSL_2":157.32500000000002,"DISTANCE_1":5692,"DISTANCE_2":6507,"REFMSL":6.325,"RUMUS":null,"KETERANGAN":null,"SHAPE.AREA":0.000030485526884983,"SHAPE.LEN":0.023089628166133}},{"type":"Feature","id":83,"geometry":{"type":"Polygon","coordinates":[[[106.726392229,-6.09848529300001],[106.731142181,-6.095712029000026],[106.73114166300002,-6.0957121509999865],[106.72571843700001,-6.096984684000006],[106.72206488500001,-6.09784197099998],[106.71896220299999,-6.098570001999974],[106.71896254500001,-6.098570497000026],[106.719976712,-6.1000411100000065],[106.72099774200001,-6.10163468799999],[106.72099782599997,-6.101634819000026],[106.726392229,-6.09848529300001]]]},"properties":{"OBJECTID":83,"NAMOBJ":"Soekarno-Hatta (CGK) - Kota Tanggerang","IDBNDR":"1","KODBNDR":"PHL08","KAWASAN":"Permukaan Horizontal Luar","KEMIRINGAN":0,"LNDSNPC":"07R-25L","ELEVASI_1":151,"ELEVASI_2":151,"ELEVASIMSL_1":157.32500000000002,"ELEVASIMSL_2":157.32500000000002,"DISTANCE_1":6000,"DISTANCE_2":15000,"REFMSL":6.325,"RUMUS":null,"KETERANGAN":null,"SHAPE.AREA":0.0000215162566320695,"SHAPE.LEN":0.0279373693921183}},{"type":"Feature","id":84,"geometry":{"type":"Polygon","coordinates":[[[106.705928637,-6.110432977000016],[106.71736214200001,-6.103757515999973],[106.72099782599997,-6.101634819000026],[106.72099774200001,-6.10163468799999],[106.719976712,-6.1000411100000065],[106.71896254500001,-6.098570497000026],[106.71896220299999,-6.098570001999974],[106.71864394800002,-6.098644679000017],[106.70939468099999,-6.100815011000009],[106.69904755200002,-6.10324287200001],[106.69904839899999,-6.103243570000018],[106.69910622399999,-6.103297184999974],[106.69979679699998,-6.103937535],[106.70069454499998,-6.104824310000026],[106.70156083,-6.105741903000023],[106.70239459800001,-6.10668919699998],[106.70319483200001,-6.107665037000004],[106.703960558,-6.108668236000028],[106.70469084299998,-6.10969756999998],[106.70538412799999,-6.110750709000001],[106.70538421399999,-6.110750838999991],[106.705928637,-6.110432977000016]]]},"properties":{"OBJECTID":84,"NAMOBJ":"Soekarno-Hatta (CGK) - Kota Tanggerang","IDBNDR":"1","KODBNDR":"PK04","KAWASAN":"Permukaan Kerucut","KEMIRINGAN":5,"LNDSNPC":"25L","ELEVASI_1":46,"ELEVASI_2":146,"ELEVASIMSL_1":52.325,"ELEVASIMSL_2":152.32500000000002,"DISTANCE_1":4000,"DISTANCE_2":6000,"REFMSL":6.325,"RUMUS":null,"KETERANGAN":null,"SHAPE.AREA":0.00012066348480380301,"SHAPE.LEN":0.052069917747467505}},{"type":"Feature","id":85,"geometry":{"type":"Polygon","coordinates":[[[106.59114637900001,-6.153584385999977],[106.595571012,-6.15254692100001],[106.60705998100002,-6.149853045999976],[106.607673739,-6.149709135000023],[106.60747743500002,-6.148614726000005],[106.60729541699999,-6.147365400000012],[106.60715707499998,-6.14611047599999],[106.60706257599998,-6.144851485000004],[106.60701203500003,-6.143589958999996],[106.60700551399998,-6.142327436000016],[106.60704301999999,-6.141065454999989],[106.60704305000002,-6.141064448999998],[106.592644011,-6.149467899000001],[106.592642678,-6.149464549000015],[106.59042069899999,-6.150761149999994],[106.59114637900001,-6.153584385999977]]]},"properties":{"OBJECTID":85,"NAMOBJ":"Soekarno-Hatta (CGK) - Kota Tanggerang","IDBNDR":"1","KODBNDR":"PK08","KAWASAN":"Permukaan Kerucut","KEMIRINGAN":5,"LNDSNPC":"07R","ELEVASI_1":46,"ELEVASI_2":146,"ELEVASIMSL_1":52.325,"ELEVASIMSL_2":152.32500000000002,"DISTANCE_1":4000,"DISTANCE_2":6000,"REFMSL":6.325,"RUMUS":null,"KETERANGAN":null,"SHAPE.AREA":0.00009814083896688951,"SHAPE.LEN":0.0478267516561577}},{"type":"Feature","id":86,"geometry":{"type":"Polygon","coordinates":[[[106.72819420600001,-6.103011677999973],[106.72792940099998,-6.102346520000026],[106.72639228499997,-6.098485417000006],[106.726392229,-6.09848529300001],[106.72099782599997,-6.101634819000026],[106.71736214200001,-6.103757515999973],[106.717362353,-6.103758022000022],[106.71859040499999,-6.106842884999992],[106.721038287,-6.105866360999983],[106.72819420600001,-6.103011677999973]]]},"properties":{"OBJECTID":86,"NAMOBJ":"Soekarno-Hatta (CGK) - Kota Tanggerang","IDBNDR":"1","KODBNDR":"APLL25L09","KAWASAN":"Ancangan Pendaratan dan Lepas Landas","KEMIRINGAN":25,"LNDSNPC":"25L","ELEVASI_1":128,"ELEVASI_2":151,"ELEVASIMSL_1":134.32500000000002,"ELEVASIMSL_2":157.32500000000002,"DISTANCE_1":5638,"DISTANCE_2":6564,"REFMSL":6.325,"RUMUS":null,"KETERANGAN":null,"SHAPE.AREA":0.000042355531515688494,"SHAPE.LEN":0.028989054441835003}},{"type":"Feature","id":87,"geometry":{"type":"Polygon","coordinates":[[[106.705928944,-6.110433707000027],[106.705928637,-6.110432977000016],[106.70538421399999,-6.110750838999991],[106.701348225,-6.11310712400001],[106.69870147300003,-6.114652448000015],[106.69720526999998,-6.115526011999975],[106.69720528200003,-6.115526041999999],[106.69760322500002,-6.116524278999975],[106.69764864000001,-6.116638201000001],[106.706463961,-6.111777684999993],[106.705928944,-6.110433707000027]]]},"properties":{"OBJECTID":87,"NAMOBJ":"Soekarno-Hatta (CGK) - Kota Tanggerang","IDBNDR":"1","KODBNDR":"APLL25L02","KAWASAN":"Ancangan Pendaratan dan Lepas Landas","KEMIRINGAN":16,"LNDSNPC":"25L","ELEVASI_1":46,"ELEVASI_2":46,"ELEVASIMSL_1":52.325,"ELEVASIMSL_2":52.325,"DISTANCE_1":3000,"DISTANCE_2":4000,"REFMSL":6.325,"RUMUS":null,"KETERANGAN":null,"SHAPE.AREA":0.000013208343880603,"SHAPE.LEN":0.0228124500490381}},{"type":"Feature","id":88,"geometry":{"type":"Polygon","coordinates":[[[106.71859040499999,-6.106842884999992],[106.717362353,-6.103758022000022],[106.71736214200001,-6.103757515999973],[106.705928637,-6.110432977000016],[106.705928944,-6.110433707000027],[106.706463961,-6.111777684999993],[106.70710188800001,-6.111425955000016],[106.70898851999999,-6.1106733280000185],[106.71684700200001,-6.107538374000001],[106.71859040499999,-6.106842884999992]]]},"properties":{"OBJECTID":88,"NAMOBJ":"Soekarno-Hatta (CGK) - Kota Tanggerang","IDBNDR":"1","KODBNDR":"APLL25L06","KAWASAN":"Ancangan Pendaratan dan Lepas Landas","KEMIRINGAN":5,"LNDSNPC":"25L","ELEVASI_1":46,"ELEVASI_2":128,"ELEVASIMSL_1":52.325,"ELEVASIMSL_2":134.32500000000002,"DISTANCE_1":4000,"DISTANCE_2":5638,"REFMSL":6.325,"RUMUS":null,"KETERANGAN":null,"SHAPE.AREA":0.000030653430137941,"SHAPE.LEN":0.0311052048993213}},{"type":"Feature","id":89,"geometry":{"type":"Polygon","coordinates":[[[106.70577612699998,-6.100177003999988],[106.708679754,-6.099018940000008],[106.70977735899999,-6.098581163999995],[106.71665933499997,-6.095836312000017],[106.717407283,-6.095537996000019],[106.719750186,-6.094603505999999],[106.72063518300001,-6.094250516999978],[106.720277253,-6.093351373000019],[106.720141689,-6.093383193000022],[106.706268217,-6.096639515999982],[106.70381895700001,-6.097214400999974],[106.705071336,-6.100360731000023],[106.70577612699998,-6.100177003999988]]]},"properties":{"OBJECTID":89,"NAMOBJ":"Soekarno-Hatta (CGK) - Kota Tanggerang","IDBNDR":"1","KODBNDR":"APLL25R103","KAWASAN":"Ancangan Pendaratan dan Lepas Landas","KEMIRINGAN":5,"LNDSNPC":"25R1","ELEVASI_1":102,"ELEVASI_2":150,"ELEVASIMSL_1":108.325,"ELEVASIMSL_2":156.32500000000002,"DISTANCE_1":5134,"DISTANCE_2":7500,"REFMSL":6.325,"RUMUS":null,"KETERANGAN":null,"SHAPE.AREA":0.000037125143916513,"SHAPE.LEN":0.0379854457380999}},{"type":"Feature","id":90,"geometry":{"type":"Polygon","coordinates":[[[106.71059790100003,-6.078552208000019],[106.71177030199999,-6.077868050000006],[106.713551887,-6.076828393000028],[106.71484704900001,-6.076072586999999],[106.715845398,-6.075490001999981],[106.719046563,-6.073622058000012],[106.72175844600002,-6.072039619999998],[106.72405194499999,-6.070701292000024],[106.72668698199999,-6.0691635850000125],[106.72571320499998,-6.066717281000024],[106.725679678,-6.066633051999986],[106.71807250199998,-6.069667096999979],[106.71284044700002,-6.071753946999991],[106.71128934900003,-6.072372615000006],[106.70940024700002,-6.073126101000014],[106.70582546000003,-6.074551956999983],[106.70801712299999,-6.08005820599999],[106.71059790100003,-6.078552208000019]]]},"properties":{"OBJECTID":90,"NAMOBJ":"Soekarno-Hatta (CGK) - Kota Tanggerang","IDBNDR":"1","KODBNDR":"APLL25R305","KAWASAN":"Ancangan Pendaratan dan Lepas Landas","KEMIRINGAN":16,"LNDSNPC":"25R3","ELEVASI_1":102,"ELEVASI_2":150,"ELEVASIMSL_1":108.325,"ELEVASIMSL_2":156.32500000000002,"DISTANCE_1":5134,"DISTANCE_2":7500,"REFMSL":6.325,"RUMUS":null,"KETERANGAN":null,"SHAPE.AREA":0.0000924491641167175,"SHAPE.LEN":0.0516413546123742}},{"type":"Feature","id":91,"geometry":{"type":"Polygon","coordinates":[[[106.61240576699998,-6.132506507000016],[106.61340020400002,-6.131958494000003],[106.620381511,-6.128111207000018],[106.61932135,-6.12544686199999],[106.61831852699999,-6.1229265810000015],[106.617278279,-6.120312205999994],[106.615170573,-6.120862530000011],[106.61285165700002,-6.1214680190000195],[106.609429804,-6.122361496999986],[106.60846901100001,-6.122612366999988],[106.60884959499998,-6.123568900999999],[106.609925239,-6.126272328000027],[106.61092803700001,-6.128792632],[106.61240576699998,-6.132506507000016]]]},"properties":{"OBJECTID":91,"NAMOBJ":"Soekarno-Hatta (CGK) - Kota Tanggerang","IDBNDR":"1","KODBNDR":"APLL07L201","KAWASAN":"Ancangan Pendaratan dan Lepas Landas","KEMIRINGAN":0,"LNDSNPC":"07L2","ELEVASI_1":46,"ELEVASI_2":46,"ELEVASIMSL_1":52.325,"ELEVASIMSL_2":52.325,"DISTANCE_1":3000,"DISTANCE_2":4000,"REFMSL":6.325,"RUMUS":null,"KETERANGAN":null,"SHAPE.AREA":0.000086029043206254,"SHAPE.LEN":0.037253551858615105}},{"type":"Feature","id":92,"geometry":{"type":"Polygon","coordinates":[[[106.58402043699999,-6.143875079999987],[106.584034556,-6.143869458999973],[106.586438106,-6.142912491999994],[106.59104404499999,-6.141078615000026],[106.59570947999998,-6.139221072999987],[106.60199403399997,-6.136718948999999],[106.60049496300002,-6.132951278999997],[106.59949219600003,-6.1304309450000005],[106.598416585,-6.127727486000026],[106.59800350299997,-6.126689226999986],[106.591898147,-6.129122177999989],[106.58242698200002,-6.132896537000022],[106.58003236100001,-6.133850786999972],[106.58044581000001,-6.134890042999984],[106.58152136299998,-6.137593557000002],[106.58252407600003,-6.140113943000017],[106.58402043699999,-6.143875079999987]]]},"properties":{"OBJECTID":92,"NAMOBJ":"Soekarno-Hatta (CGK) - Kota Tanggerang","IDBNDR":"1","KODBNDR":"APLL07L208","KAWASAN":"Ancangan Pendaratan dan Lepas Landas","KEMIRINGAN":16,"LNDSNPC":"07L2","ELEVASI_1":103,"ELEVASI_2":151,"ELEVASIMSL_1":109.325,"ELEVASIMSL_2":157.32500000000002,"DISTANCE_1":5243,"DISTANCE_2":7384,"REFMSL":6.325,"RUMUS":null,"KETERANGAN":null,"SHAPE.AREA":0.000208767762893621,"SHAPE.LEN":0.0602742527667134}},{"type":"Feature","id":93,"geometry":{"type":"Polygon","coordinates":[[[106.60199403399997,-6.136718948999999],[106.60350507700002,-6.136117332000026],[106.61196806100003,-6.132747721999976],[106.61226430800002,-6.132584462000011],[106.61240576699998,-6.132506507000016],[106.61092803700001,-6.128792632],[106.609925239,-6.126272328000027],[106.60884959499998,-6.123568900999999],[106.60846901100001,-6.122612366999988],[106.60831276900001,-6.122653162999995],[106.60778653300002,-6.122790568000028],[106.60776151300001,-6.122800539000025],[106.60004459800001,-6.125875843000017],[106.59800350299997,-6.126689226999986],[106.598416585,-6.127727486000026],[106.59949219600003,-6.1304309450000005],[106.60049496300002,-6.132951278999997],[106.60199403399997,-6.136718948999999]]]},"properties":{"OBJECTID":93,"NAMOBJ":"Soekarno-Hatta (CGK) - Kota Tanggerang","IDBNDR":"1","KODBNDR":"APLL07L205","KAWASAN":"Ancangan Pendaratan dan Lepas Landas","KEMIRINGAN":5,"LNDSNPC":"07L2","ELEVASI_1":46,"ELEVASI_2":103,"ELEVASIMSL_1":52.325,"ELEVASIMSL_2":109.325,"DISTANCE_1":4000,"DISTANCE_2":5243,"REFMSL":6.325,"RUMUS":null,"KETERANGAN":null,"SHAPE.AREA":0.000121209263336304,"SHAPE.LEN":0.0439149197829706}},{"type":"Feature","id":94,"geometry":{"type":"Polygon","coordinates":[[[106.575797695,-6.128714746000014],[106.57543553099998,-6.127804758000025],[106.57502617400002,-6.126776183000004],[106.57499976999998,-6.1267098399999895],[106.57316888999998,-6.127439563999985],[106.56170105000001,-6.132010066000021],[106.574029854,-6.129128028000025],[106.575797695,-6.128714746000014]]]},"properties":{"OBJECTID":94,"NAMOBJ":"Soekarno-Hatta (CGK) - Kota Tanggerang","IDBNDR":"1","KODBNDR":"APLL07L307","KAWASAN":"Ancangan Pendaratan dan Lepas Landas","KEMIRINGAN":0,"LNDSNPC":"07L3","ELEVASI_1":151,"ELEVASI_2":151,"ELEVASIMSL_1":157.32500000000002,"ELEVASIMSL_2":157.32500000000002,"DISTANCE_1":7384,"DISTANCE_2":15000,"REFMSL":6.325,"RUMUS":null,"KETERANGAN":null,"SHAPE.AREA":0.0000154459173664525,"SHAPE.LEN":0.030950560215731}},{"type":"Feature","id":95,"geometry":{"type":"Polygon","coordinates":[[[106.69075647300002,-6.099202773999991],[106.689987728,-6.097271354999975],[106.68898469700002,-6.09475127799999],[106.68823623700001,-6.092870775999984],[106.68657655700002,-6.0937845299999935],[106.68085057299999,-6.096937115999992],[106.67755763500003,-6.098750128000006],[106.66989184300002,-6.102970724999977],[106.669890683,-6.102971362999995],[106.67008372200002,-6.103456404999974],[106.67028431699998,-6.103960431000019],[106.67049306500002,-6.104484942999989],[106.670493867,-6.104484733999982],[106.680332351,-6.101920253000003],[106.68258429399998,-6.101333185999977],[106.68649691000002,-6.100313191999987],[106.68892328700002,-6.099680651000028],[106.69026936400002,-6.099329753999996],[106.69075647300002,-6.099202773999991]]]},"properties":{"OBJECTID":95,"NAMOBJ":"Soekarno-Hatta (CGK) - Kota Tanggerang","IDBNDR":"1","KODBNDR":"KBK25R202","KAWASAN":"Kemungkinan Bahaya Kecelakaan","KEMIRINGAN":16,"LNDSNPC":"25R2","ELEVASI_1":0,"ELEVASI_2":46,"ELEVASIMSL_1":6.325,"ELEVASIMSL_2":52.325,"DISTANCE_1":0,"DISTANCE_2":2300,"REFMSL":6.325,"RUMUS":null,"KETERANGAN":null,"SHAPE.AREA":0.00008773779392015949,"SHAPE.LEN":0.0503270495630512}},{"type":"Feature","id":96,"geometry":{"type":"Polygon","coordinates":[[[106.62799936099998,-6.1250632200000155],[106.63325706299997,-6.121995140000024],[106.63403197100001,-6.121542949999991],[106.635978615,-6.120407005000004],[106.64450791299998,-6.1154298179999955],[106.64450048499998,-6.115408925999986],[106.64430806000001,-6.11492537700002],[106.64430733199998,-6.114925776999996],[106.639042899,-6.117826969000021],[106.62762397699998,-6.124119856999982],[106.62728040600001,-6.124309202999996],[106.62765938899997,-6.1252616099999955],[106.62799936099998,-6.1250632200000155]]]},"properties":{"OBJECTID":96,"NAMOBJ":"Soekarno-Hatta (CGK) - Kota Tanggerang","IDBNDR":"1","KODBNDR":"KBK07L201","KAWASAN":"Kemungkinan Bahaya Kecelakaan","KEMIRINGAN":16,"LNDSNPC":"07L2","ELEVASI_1":0,"ELEVASI_2":46,"ELEVASIMSL_1":6.325,"ELEVASIMSL_2":52.325,"DISTANCE_1":0,"DISTANCE_2":2135,"REFMSL":6.325,"RUMUS":null,"KETERANGAN":null,"SHAPE.AREA":0.000015119037710242,"SHAPE.LEN":0.0405171476998424}},{"type":"Feature","id":97,"geometry":{"type":"Polygon","coordinates":[[[106.625277718,-6.118223465000028],[106.643704442,-6.1134120859999825],[106.64370570199998,-6.113411695000025],[106.643678701,-6.113343842999996],[106.643497588,-6.112888718000022],[106.62488643,-6.117239396000002],[106.62456009200002,-6.117315683000015],[106.62450291900001,-6.117329047999988],[106.62489824,-6.118322553999974],[106.625277718,-6.118223465000028]]]},"properties":{"OBJECTID":97,"NAMOBJ":"Soekarno-Hatta (CGK) - Kota Tanggerang","IDBNDR":"1","KODBNDR":"KBK07L202","KAWASAN":"Kemungkinan Bahaya Kecelakaan","KEMIRINGAN":16,"LNDSNPC":"07L2","ELEVASI_1":0,"ELEVASI_2":46,"ELEVASIMSL_1":6.325,"ELEVASIMSL_2":52.325,"DISTANCE_1":0,"DISTANCE_2":2135,"REFMSL":6.325,"RUMUS":null,"KETERANGAN":null,"SHAPE.AREA":0.000015742824703600003,"SHAPE.LEN":0.040576934745078404}},{"type":"Feature","id":98,"geometry":{"type":"Polygon","coordinates":[[[106.62762397699998,-6.124119856999982],[106.639042899,-6.117826969000021],[106.64430733199998,-6.114925776999996],[106.64430806000001,-6.11492537700002],[106.64409933399997,-6.114400862000025],[106.64399903600003,-6.114148822000004],[106.64397957,-6.1140999059999785],[106.643898751,-6.113896812999997],[106.64370570199998,-6.113411695000025],[106.643704442,-6.1134120859999825],[106.625277718,-6.118223465000028],[106.62489824,-6.118322553999974],[106.62557861300002,-6.120032427000012],[106.62658145699999,-6.122552686000006],[106.62728040600001,-6.124309202999996],[106.62762397699998,-6.124119856999982]]]},"properties":{"OBJECTID":98,"NAMOBJ":"Soekarno-Hatta (CGK) - Kota Tanggerang","IDBNDR":"1","KODBNDR":"KBK07L203","KAWASAN":"Kemungkinan Bahaya Kecelakaan","KEMIRINGAN":16,"LNDSNPC":"07L2","ELEVASI_1":0,"ELEVASI_2":46,"ELEVASIMSL_1":6.325,"ELEVASIMSL_2":52.325,"DISTANCE_1":0,"DISTANCE_2":2135,"REFMSL":6.325,"RUMUS":null,"KETERANGAN":null,"SHAPE.AREA":0.0000778589379072475,"SHAPE.LEN":0.0469525050561517}},{"type":"Feature","id":99,"geometry":{"type":"Polygon","coordinates":[[[106.685654613,-6.093110947000014],[106.68560156699999,-6.092977667000014],[106.68530566200002,-6.092234190999989],[106.68354384999998,-6.092693985999972],[106.66504494200001,-6.097521863999987],[106.66504470799998,-6.097521931000017],[106.665248437,-6.098033859999987],[106.68388714999998,-6.093661340999972],[106.68392314300002,-6.093646987],[106.68391997200001,-6.0936390190000225],[106.68530978799998,-6.093312534000006],[106.685654613,-6.093110947000014]]]},"properties":{"OBJECTID":99,"NAMOBJ":"Soekarno-Hatta (CGK) - Kota Tanggerang","IDBNDR":"1","KODBNDR":"KBK25R303","KAWASAN":"Kemungkinan Bahaya Kecelakaan","KEMIRINGAN":16,"LNDSNPC":"25R3","ELEVASI_1":0,"ELEVASI_2":46,"ELEVASIMSL_1":6.325,"ELEVASIMSL_2":52.325,"DISTANCE_1":0,"DISTANCE_2":2300,"REFMSL":6.325,"RUMUS":null,"KETERANGAN":null,"SHAPE.AREA":0.0000168678297147075,"SHAPE.LEN":0.0434533417476802}},{"type":"Feature","id":100,"geometry":{"type":"Polygon","coordinates":[[[106.68823623700001,-6.092870775999984],[106.68791206100002,-6.092056279000019],[106.68782648000001,-6.091841257999988],[106.68741584399999,-6.092081317999998],[106.68618504300002,-6.092800854000018],[106.685654613,-6.093110947000014],[106.68530978799998,-6.093312534000006],[106.66968252999999,-6.102448346000017],[106.669890683,-6.102971362999995],[106.66989184300002,-6.102970724999977],[106.67755763500003,-6.098750128000006],[106.68085057299999,-6.096937115999992],[106.68657655700002,-6.0937845299999935],[106.68823623700001,-6.092870775999984]]]},"properties":{"OBJECTID":100,"NAMOBJ":"Soekarno-Hatta (CGK) - Kota Tanggerang","IDBNDR":"1","KODBNDR":"KBK25R203","KAWASAN":"Kemungkinan Bahaya Kecelakaan","KEMIRINGAN":16,"LNDSNPC":"25R2","ELEVASI_1":0,"ELEVASI_2":46,"ELEVASIMSL_1":6.325,"ELEVASIMSL_2":52.325,"DISTANCE_1":0,"DISTANCE_2":2300,"REFMSL":6.325,"RUMUS":null,"KETERANGAN":null,"SHAPE.AREA":0.0000173614817818345,"SHAPE.LEN":0.0436302866015607}},{"type":"Feature","id":101,"geometry":{"type":"Polygon","coordinates":[[[106.66922809900001,-6.108033572000011],[106.66922855000001,-6.108033381999974],[106.67777752,-6.103326799999991],[106.67612704700002,-6.1037141959999985],[106.67510289,-6.103954584000007],[106.66902819400002,-6.107531285999983],[106.66922809900001,-6.108033572000011]]]},"properties":{"OBJECTID":101,"NAMOBJ":"Soekarno-Hatta (CGK) - Kota Tanggerang","IDBNDR":"1","KODBNDR":"KBK25R103","KAWASAN":"Kemungkinan Bahaya Kecelakaan","KEMIRINGAN":16,"LNDSNPC":"25R1","ELEVASI_1":0,"ELEVASI_2":46,"ELEVASIMSL_1":6.325,"ELEVASIMSL_2":52.325,"DISTANCE_1":0,"DISTANCE_2":2300,"REFMSL":6.325,"RUMUS":null,"KETERANGAN":null,"SHAPE.AREA":0.000005494208596098,"SHAPE.LEN":0.0200967955980597}},{"type":"Feature","id":102,"geometry":{"type":"Polygon","coordinates":[[[106.66902819400002,-6.107531285999983],[106.67510289,-6.103954584000007],[106.67126220699998,-6.104855573000009],[106.670685505,-6.104968480000025],[106.66991758099999,-6.1052746650000245],[106.646314271,-6.114685736000013],[106.64594511199999,-6.11483292600002],[106.645170942,-6.115141601999994],[106.64450048499998,-6.115408925999986],[106.64450791299998,-6.1154298179999955],[106.635978615,-6.120407005000004],[106.63598224100002,-6.1204061889999934],[106.637037582,-6.120159360000002],[106.63780724600002,-6.119979347000026],[106.64243659800002,-6.11813358500001],[106.66755449700003,-6.10811886099998],[106.667963251,-6.107955887000003],[106.66902819400002,-6.107531285999983]]]},"properties":{"OBJECTID":102,"NAMOBJ":"Soekarno-Hatta (CGK) - Kota Tanggerang","IDBNDR":"1","KODBNDR":"PT04","KAWASAN":"Permukaan Transisi","KEMIRINGAN":143,"LNDSNPC":"25R107L1","ELEVASI_1":0,"ELEVASI_2":46,"ELEVASIMSL_1":6.325,"ELEVASIMSL_2":52.325,"DISTANCE_1":150,"DISTANCE_2":345,"REFMSL":6.325,"RUMUS":null,"KETERANGAN":null,"SHAPE.AREA":0.0000620068962614535,"SHAPE.LEN":0.08515820277388471}},{"type":"Feature","id":103,"geometry":{"type":"Polygon","coordinates":[[[106.61469159199999,-6.135203976000014],[106.613924628,-6.133276469000009],[106.60603160900001,-6.137882284],[106.60603301499998,-6.137885735999987],[106.60671527300002,-6.13960040500001],[106.61469159199999,-6.135203976000014]]]},"properties":{"OBJECTID":103,"NAMOBJ":"Soekarno-Hatta (CGK) - Kota Tanggerang","IDBNDR":"1","KODBNDR":"APLL07L102","KAWASAN":"Ancangan Pendaratan dan Lepas Landas","KEMIRINGAN":0,"LNDSNPC":"07L1","ELEVASI_1":46,"ELEVASI_2":46,"ELEVASIMSL_1":52.325,"ELEVASIMSL_2":52.325,"DISTANCE_1":3000,"DISTANCE_2":4000,"REFMSL":6.325,"RUMUS":null,"KETERANGAN":null,"SHAPE.AREA":0.000017728124705875,"SHAPE.LEN":0.0221698998786506}},{"type":"Feature","id":104,"geometry":{"type":"Polygon","coordinates":[[[106.62230868300003,-6.132153768000023],[106.62242585000001,-6.132085399000005],[106.63880639299998,-6.122490148999987],[106.63880604600001,-6.122489275000021],[106.63861771400002,-6.122016008000003],[106.63861698900001,-6.122016417999987],[106.621933936,-6.131211991999976],[106.621590368,-6.131401364999988],[106.62196872700002,-6.132352211000011],[106.62230868300003,-6.132153768000023]]]},"properties":{"OBJECTID":104,"NAMOBJ":"Soekarno-Hatta (CGK) - Kota Tanggerang","IDBNDR":"1","KODBNDR":"KBK07L103","KAWASAN":"Kemungkinan Bahaya Kecelakaan","KEMIRINGAN":16,"LNDSNPC":"07L1","ELEVASI_1":0,"ELEVASI_2":46,"ELEVASIMSL_1":6.325,"ELEVASIMSL_2":52.325,"DISTANCE_1":0,"DISTANCE_2":2135,"REFMSL":6.325,"RUMUS":null,"KETERANGAN":null,"SHAPE.AREA":0.0000148005619003605,"SHAPE.LEN":0.0404895407374391}},{"type":"Feature","id":105,"geometry":{"type":"Polygon","coordinates":[[[106.59389687599997,-6.148736735],[106.59534472000001,-6.147891776999984],[106.60704305000002,-6.141064448999998],[106.60724979899999,-6.1409437880000155],[106.60724888700003,-6.140941496999972],[106.60695520299998,-6.140203402999987],[106.60671527300002,-6.13960040500001],[106.60607722100002,-6.139952094000023],[106.60490112100001,-6.140420873999972],[106.59476787400001,-6.144459873000017],[106.59474266299998,-6.144469836999974],[106.59378128399999,-6.145030842999972],[106.59267844300001,-6.145674396000004],[106.59389687599997,-6.148736735]]]},"properties":{"OBJECTID":105,"NAMOBJ":"Soekarno-Hatta (CGK) - Kota Tanggerang","IDBNDR":"1","KODBNDR":"APLL07L104","KAWASAN":"Ancangan Pendaratan dan Lepas Landas","KEMIRINGAN":5,"LNDSNPC":"07L1","ELEVASI_1":46,"ELEVASI_2":131,"ELEVASIMSL_1":52.325,"ELEVASIMSL_2":137.32500000000002,"DISTANCE_1":4000,"DISTANCE_2":5692,"REFMSL":6.325,"RUMUS":null,"KETERANGAN":null,"SHAPE.AREA":0.000037877850031099,"SHAPE.LEN":0.035522523425113105}},{"type":"Feature","id":106,"geometry":{"type":"Polygon","coordinates":[[[106.60671527300002,-6.13960040500001],[106.60603301499998,-6.137885735999987],[106.60603160900001,-6.137882284],[106.59474266299998,-6.144469836999974],[106.59476787400001,-6.144459873000017],[106.60490112100001,-6.140420873999972],[106.60607722100002,-6.139952094000023],[106.60671527300002,-6.13960040500001]]]},"properties":{"OBJECTID":106,"NAMOBJ":"Soekarno-Hatta (CGK) - Kota Tanggerang","IDBNDR":"1","KODBNDR":"APLL07L103","KAWASAN":"Ancangan Pendaratan dan Lepas Landas","KEMIRINGAN":5,"LNDSNPC":"07L1","ELEVASI_1":46,"ELEVASI_2":103,"ELEVASIMSL_1":52.325,"ELEVASIMSL_2":109.325,"DISTANCE_1":4000,"DISTANCE_2":5243,"REFMSL":6.325,"RUMUS":null,"KETERANGAN":null,"SHAPE.AREA":0.0000125020720970515,"SHAPE.LEN":0.0278498623843754}},{"type":"Feature","id":107,"geometry":{"type":"Polygon","coordinates":[[[106.63801538299998,-6.120502382999973],[106.63800372899999,-6.120473097999991],[106.63780724600002,-6.119979347000026],[106.637037582,-6.120159360000002],[106.63598224100002,-6.1204061889999934],[106.635978615,-6.120407005000004],[106.63403197100001,-6.121542949999991],[106.63403683400003,-6.121541680000007],[106.63801410000002,-6.1205027180000116],[106.63801538299998,-6.120502382999973]]]},"properties":{"OBJECTID":107,"NAMOBJ":"Soekarno-Hatta (CGK) - Kota Tanggerang","IDBNDR":"1","KODBNDR":"KBK07L101","KAWASAN":"Kemungkinan Bahaya Kecelakaan","KEMIRINGAN":16,"LNDSNPC":"07L1","ELEVASI_1":0,"ELEVASI_2":46,"ELEVASIMSL_1":6.325,"ELEVASIMSL_2":52.325,"DISTANCE_1":0,"DISTANCE_2":2135,"REFMSL":6.325,"RUMUS":null,"KETERANGAN":null,"SHAPE.AREA":0.0000017723585377554998,"SHAPE.LEN":0.00881182111705641}},{"type":"Feature","id":108,"geometry":{"type":"Polygon","coordinates":[[[106.65137457899999,-6.063171748000002],[106.64468838599998,-6.046370739999986],[106.63714602499999,-6.049377672999981],[106.61850744899999,-6.056808363000016],[106.625192314,-6.073610197999983],[106.64794568600001,-6.064538792999997],[106.65137457899999,-6.063171748000002]]]},"properties":{"OBJECTID":108,"NAMOBJ":"Soekarno-Hatta (CGK) - Kota Tanggerang","IDBNDR":"1","KODBNDR":"PK02","KAWASAN":"Permukaan Kerucut","KEMIRINGAN":5,"LNDSNPC":"07L325R3","ELEVASI_1":46,"ELEVASI_2":146,"ELEVASIMSL_1":52.325,"ELEVASIMSL_2":152.32500000000002,"DISTANCE_1":4000,"DISTANCE_2":6000,"REFMSL":6.325,"RUMUS":null,"KETERANGAN":null,"SHAPE.AREA":0.0005096719114360091,"SHAPE.LEN":0.0925366293252728}},{"type":"Feature","id":109,"geometry":{"type":"Polygon","coordinates":[[[106.703952114,-6.059311691000005],[106.702622163,-6.057964943000002],[106.70124607600002,-6.05666547200002],[106.69982553099999,-6.05541486300001],[106.69836225699999,-6.054214636999973],[106.69685803599998,-6.053066258000001],[106.69531470300001,-6.0519711239999765],[106.693734135,-6.050930569999991],[106.69211825899998,-6.0499458620000155],[106.69046904200002,-6.049018199999978],[106.688788493,-6.0481487139999786],[106.68707866,-6.047338463000017],[106.68534162499998,-6.04658843499999],[106.68357950299998,-6.045899543000019],[106.68179444200001,-6.045272626999974],[106.67998861400002,-6.044708448999984],[106.678164219,-6.04420769799998],[106.67632348000001,-6.043770983000002],[106.674468639,-6.043398836999984],[106.67260195400002,-6.043091711999978],[106.670725699,-6.042849983999986],[106.66884216,-6.042673947000026],[106.66695363000002,-6.042563814999994],[106.66506241000002,-6.042519722999998],[106.66317080300001,-6.042541723999989],[106.66128111299997,-6.042629793000003],[106.659395641,-6.04278382199999],[106.65751668500002,-6.043003623000004],[106.65564653199999,-6.043288929000028],[106.65378746099998,-6.043639392999978],[106.65194173700002,-6.0440545879999945],[106.650111606,-6.044534008000028],[106.64829929899997,-6.045077069999991],[106.64650702300003,-6.0456831129999955],[106.64473696099998,-6.046351398000013],[106.64469077799998,-6.046369786000014],[106.64468838599998,-6.046370739999986],[106.65137457899999,-6.063171748000002],[106.651375642,-6.063171323999995],[106.65216662099999,-6.062866659999997],[106.65257302499998,-6.062723604999974],[106.65335641600001,-6.062447849000023],[106.65456008500001,-6.062070856999981],[106.655776161,-6.061736143000019],[106.657003164,-6.061444114999972],[106.65823959900001,-6.061195128999998],[106.659483959,-6.060989488000018],[106.66073472900001,-6.060827441000015],[106.66199038500002,-6.060709187999976],[106.66324939700002,-6.060634870000001],[106.66451023299999,-6.0606045800000174],[106.665771356,-6.060618352999995],[106.66703123000002,-6.06067617299999],[106.66828831999999,-6.060777970000004],[106.669541095,-6.060923618999993],[106.670788029,-6.0611129420000225],[106.672027604,-6.061345710000012],[106.673258309,-6.06162163800002],[106.67447864500002,-6.061940390000018],[106.67568712500002,-6.062301578000017],[106.67688227899998,-6.06270476200001],[106.67806264900003,-6.063149451000015],[106.679226798,-6.063635101999978],[106.680373309,-6.064161124999998],[106.68150078299999,-6.064726877999988],[106.68260784900002,-6.065331673000003],[106.683693157,-6.065974772000004],[106.68475538500002,-6.066655391999973],[106.68579324000001,-6.067372703999979],[106.68680545699999,-6.068125834],[106.68779080299998,-6.068913865000013],[106.688748078,-6.069735836000007],[106.689676115,-6.070590746999983],[106.69057378500003,-6.071477555999991],[106.69143999300002,-6.07239518199998],[106.69227368399999,-6.073342507999996],[106.69307384199999,-6.074318380000022],[106.69383949299998,-6.075321609000014],[106.694569704,-6.076350972],[106.69526184,-6.077402565],[106.69580613,-6.077084742000011],[106.69690586299998,-6.076442583000016],[106.69975261399998,-6.074780299999986],[106.707237921,-6.070409459000018],[106.707486491,-6.070264313999985],[106.70786790599999,-6.0700415969999995],[106.70811509700002,-6.069897304999984],[106.710874316,-6.0682860860000005],[106.70985521099999,-6.0666952860000265],[106.70877904700001,-6.065137834999973],[106.707649248,-6.063618925000014],[106.70646718799998,-6.06214040499998],[106.70523430999998,-6.060704077000025],[106.703952114,-6.059311691000005]]]},"properties":{"OBJECTID":109,"NAMOBJ":"Soekarno-Hatta (CGK) - Kota Tanggerang","IDBNDR":"1","KODBNDR":"PK03","KAWASAN":"Permukaan Kerucut","KEMIRINGAN":5,"LNDSNPC":"23R3","ELEVASI_1":46,"ELEVASI_2":146,"ELEVASIMSL_1":52.325,"ELEVASIMSL_2":152.32500000000002,"DISTANCE_1":4000,"DISTANCE_2":6000,"REFMSL":6.325,"RUMUS":null,"KETERANGAN":null,"SHAPE.AREA":0.00113691468589713,"SHAPE.LEN":0.161940266718397}},{"type":"Feature","id":110,"geometry":{"type":"Polygon","coordinates":[[[106.69493096500003,-6.18052213499999],[106.69667625400001,-6.179790555000011],[106.69839496200001,-6.178998456999977],[106.70008499599999,-6.178146808000008],[106.70174429600002,-6.177236644000004],[106.70337083999999,-6.176269074999993],[106.70496264500002,-6.175245281000002],[106.70651777400002,-6.174166507999985],[106.70803433100002,-6.173034072000007],[106.70901134500002,-6.1722499389999825],[106.70951046800002,-6.171849353000027],[106.710944386,-6.170613794000019],[106.71233433999998,-6.169328902000018],[106.71367863500001,-6.167996242000015],[106.71497563399998,-6.166617438000003],[106.71622375800001,-6.165194170000007],[106.71742148499999,-6.163728172999981],[106.71856735699998,-6.162221233000025],[106.71965997699999,-6.160675185999992],[106.72069801700002,-6.159091917000012],[106.72168020999999,-6.15747335399999],[106.72260536099998,-6.155821468999989],[106.72347234400002,-6.154138276000026],[106.72428010200002,-6.152425823999977],[106.725027652,-6.150686201999974],[106.725714084,-6.148921528000017],[106.72633856200002,-6.14713395199999],[106.72690032700001,-6.145325651999997],[106.727398693,-6.1434988319999775],[106.72783305600001,-6.141655716999992],[106.72820288600002,-6.139798552999991],[106.728507734,-6.137929601999986],[106.72874722799997,-6.136051141999985],[106.72892107899997,-6.13416546000002],[106.72902907399998,-6.132274854000002],[106.72907108200002,-6.130381628000009],[106.72905419699998,-6.129050982000024],[106.72904705500002,-6.128488086999994],[106.72895702,-6.126596538999991],[106.728801089,-6.12470928800002],[106.72857945300001,-6.122828632999983],[106.728292382,-6.120956863999993],[106.72794022599999,-6.119096263000017],[106.72793009999998,-6.119047552999973],[106.72792928400003,-6.119043624000028],[106.72383062,-6.120005693999985],[106.718168934,-6.1213346480000155],[106.71094358800002,-6.123030636999999],[106.71033072699998,-6.123174493000022],[106.71033131399997,-6.1231776960000275],[106.71048428099999,-6.124012126000025],[106.71067562500002,-6.125259989000028],[106.710823344,-6.126513776000024],[106.71092725800003,-6.1277719579999825],[106.71098724000001,-6.129033004000007],[106.711003216,-6.130295376999982],[106.710975168,-6.131557539000028],[106.710903127,-6.132817951999982],[106.71078718299998,-6.134075080999992],[106.71062747600001,-6.13532739499999],[106.71042419999998,-6.136573365999993],[106.71017760299998,-6.137811478999993],[106.70988798399998,-6.139040222999995],[106.70955569699998,-6.140258103000008],[106.70918114599999,-6.14146363399999],[106.70876478600002,-6.142655347000016],[106.70830712499998,-6.1438317920000145],[106.70780872099999,-6.144991532999995],[106.70727017899998,-6.146133157999998],[106.70669215599997,-6.147255276999999],[106.70607535599999,-6.148356521999972],[106.70542053100002,-6.1494355510000105],[106.704728477,-6.150491048999982],[106.70400003700001,-6.1515217310000025],[106.70323610000003,-6.152526340999998],[106.70243759499999,-6.153503654000019],[106.70160549600001,-6.154452479999975],[106.70074081500002,-6.155371662999983],[106.69984460699999,-6.156260082000017],[106.69891796299999,-6.157116654999982],[106.697962012,-6.157940338000003],[106.69697791800002,-6.1587301270000125],[106.695966882,-6.159485060999998],[106.69493013300001,-6.160204218999979],[106.693868936,-6.160886725000012],[106.69278458399998,-6.161531747000026],[106.69167839699998,-6.16213849899998],[106.69055172399999,-6.1627062410000235],[106.689405938,-6.163234283000008],[106.689397628,-6.163237766000009],[106.68824243300003,-6.163721979000002],[106.68824135900002,-6.163722405999977],[106.69492854399999,-6.180523100000016],[106.69493096500003,-6.18052213499999]]]},"properties":{"OBJECTID":110,"NAMOBJ":"Soekarno-Hatta (CGK) - Kota Tanggerang","IDBNDR":"1","KODBNDR":"PK05","KAWASAN":"Permukaan Kerucut","KEMIRINGAN":5,"LNDSNPC":"25L","ELEVASI_1":46,"ELEVASI_2":146,"ELEVASIMSL_1":52.325,"ELEVASIMSL_2":152.32500000000002,"DISTANCE_1":4000,"DISTANCE_2":6000,"REFMSL":6.325,"RUMUS":null,"KETERANGAN":null,"SHAPE.AREA":0.0011372000870179802,"SHAPE.LEN":0.162020980204502}},{"type":"Feature","id":111,"geometry":{"type":"Polygon","coordinates":[[[106.69492854399999,-6.180523100000016],[106.68824135900002,-6.163722405999977],[106.68358813200001,-6.165577896000002],[106.66833466999998,-6.171660262999978],[106.65651621400002,-6.176372488000027],[106.66320360200001,-6.1931734699999765],[106.683802088,-6.184959791999972],[106.69492854399999,-6.180523100000016]]]},"properties":{"OBJECTID":111,"NAMOBJ":"Soekarno-Hatta (CGK) - Kota Tanggerang","IDBNDR":"1","KODBNDR":"PK06","KAWASAN":"Permukaan Kerucut","KEMIRINGAN":5,"LNDSNPC":"07R25L","ELEVASI_1":46,"ELEVASI_2":146,"ELEVASIMSL_1":52.325,"ELEVASIMSL_2":152.32500000000002,"DISTANCE_1":4000,"DISTANCE_2":6000,"REFMSL":6.325,"RUMUS":null,"KETERANGAN":null,"SHAPE.AREA":0.000617598793542855,"SHAPE.LEN":0.10447393548679201}},{"type":"Feature","id":112,"geometry":{"type":"Polygon","coordinates":[[[106.69764864000001,-6.116638201000001],[106.69760322500002,-6.116524278999975],[106.69720528200003,-6.115526041999999],[106.69720526999998,-6.115526011999975],[106.69093264899999,-6.119188398000006],[106.69093659999999,-6.119186822000017],[106.69131265800002,-6.120131555],[106.69764864000001,-6.116638201000001]]]},"properties":{"OBJECTID":112,"NAMOBJ":"Soekarno-Hatta (CGK) - Kota Tanggerang","IDBNDR":"1","KODBNDR":"KBK25L6","KAWASAN":"Kemungkinan Bahaya Kecelakaan","KEMIRINGAN":0,"LNDSNPC":"25L","ELEVASI_1":46,"ELEVASI_2":46,"ELEVASIMSL_1":52.325,"ELEVASIMSL_2":52.325,"DISTANCE_1":2205,"DISTANCE_2":3000,"REFMSL":6.325,"RUMUS":null,"KETERANGAN":null,"SHAPE.AREA":0.0000079495690801585,"SHAPE.LEN":0.0167171213704979}},{"type":"Feature","id":113,"geometry":{"type":"Polygon","coordinates":[[[106.70067426600002,-6.124227766999979],[106.69764864000001,-6.116638201000001],[106.69131265800002,-6.120131555],[106.69355414099999,-6.125762608000002],[106.69367000400001,-6.126053673000001],[106.70067426600002,-6.124227766999979]]]},"properties":{"OBJECTID":113,"NAMOBJ":"Soekarno-Hatta (CGK) - Kota Tanggerang","IDBNDR":"1","KODBNDR":"KBK25L5","KAWASAN":"Kemungkinan Bahaya Kecelakaan","KEMIRINGAN":0,"LNDSNPC":"25L","ELEVASI_1":46,"ELEVASI_2":46,"ELEVASIMSL_1":52.325,"ELEVASIMSL_2":52.325,"DISTANCE_1":2205,"DISTANCE_2":3000,"REFMSL":6.325,"RUMUS":null,"KETERANGAN":null,"SHAPE.AREA":0.000052220653985076,"SHAPE.LEN":0.0290180322597561}},{"type":"Feature","id":114,"geometry":{"type":"Polygon","coordinates":[[[106.70111659999998,-6.125337304000027],[106.700716178,-6.124332896999988],[106.70067426600002,-6.124227766999979],[106.69367000400001,-6.126053673000001],[106.69404554099998,-6.126997076999999],[106.70111659999998,-6.125337304000027]]]},"properties":{"OBJECTID":114,"NAMOBJ":"Soekarno-Hatta (CGK) - Kota Tanggerang","IDBNDR":"1","KODBNDR":"KBK25L4","KAWASAN":"Kemungkinan Bahaya Kecelakaan","KEMIRINGAN":0,"LNDSNPC":"25L","ELEVASI_1":46,"ELEVASI_2":46,"ELEVASIMSL_1":52.325,"ELEVASIMSL_2":52.325,"DISTANCE_1":2205,"DISTANCE_2":3000,"REFMSL":6.325,"RUMUS":null,"KETERANGAN":null,"SHAPE.AREA":0.0000079366600052795,"SHAPE.LEN":0.0167114479683763}},{"type":"Feature","id":115,"geometry":{"type":"Polygon","coordinates":[[[106.696261247,-6.102657439999973],[106.69520808499999,-6.100011544999973],[106.69492561300001,-6.099301873999991],[106.69114875600002,-6.100188349000007],[106.69043786499998,-6.1003552010000135],[106.689298232,-6.1006226790000255],[106.68870023900001,-6.1007630390000145],[106.68933358200002,-6.102354264999974],[106.690094128,-6.104265058999999],[106.69132884999999,-6.103943202999972],[106.696261247,-6.102657439999973]]]},"properties":{"OBJECTID":115,"NAMOBJ":"Soekarno-Hatta (CGK) - Kota Tanggerang","IDBNDR":"1","KODBNDR":"KBK25R104","KAWASAN":"Kemungkinan Bahaya Kecelakaan","KEMIRINGAN":0,"LNDSNPC":"25R1","ELEVASI_1":46,"ELEVASI_2":46,"ELEVASIMSL_1":52.325,"ELEVASIMSL_2":52.325,"DISTANCE_1":2300,"DISTANCE_2":3000,"REFMSL":6.325,"RUMUS":null,"KETERANGAN":null,"SHAPE.AREA":0.000023339739418049,"SHAPE.LEN":0.0201485991838769}},{"type":"Feature","id":116,"geometry":{"type":"Polygon","coordinates":[[[106.69671240100001,-6.103790876000005],[106.696261247,-6.102657439999973],[106.69132884999999,-6.103943202999972],[106.690094128,-6.104265058999999],[106.690486813,-6.1052516290000085],[106.694913477,-6.1042129720000275],[106.69526187600002,-6.104131224000014],[106.69671240100001,-6.103790876000005]]]},"properties":{"OBJECTID":116,"NAMOBJ":"Soekarno-Hatta (CGK) - Kota Tanggerang","IDBNDR":"1","KODBNDR":"KBK25R105","KAWASAN":"Kemungkinan Bahaya Kecelakaan","KEMIRINGAN":0,"LNDSNPC":"25R1","ELEVASI_1":46,"ELEVASI_2":46,"ELEVASIMSL_1":52.325,"ELEVASIMSL_2":52.325,"DISTANCE_1":2300,"DISTANCE_2":3000,"REFMSL":6.325,"RUMUS":null,"KETERANGAN":null,"SHAPE.AREA":0.000007215442915974499,"SHAPE.LEN":0.015049647951122399}},{"type":"Feature","id":117,"geometry":{"type":"Polygon","coordinates":[[[106.72660258000002,-6.09187043999998],[106.726614536,-6.091864127999997],[106.72272650999997,-6.092776454999978],[106.720277253,-6.093351373000019],[106.72063518300001,-6.094250516999978],[106.72660258000002,-6.09187043999998]]]},"properties":{"OBJECTID":117,"NAMOBJ":"Soekarno-Hatta (CGK) - Kota Tanggerang","IDBNDR":"1","KODBNDR":"APLL25R106","KAWASAN":"Ancangan Pendaratan dan Lepas Landas","KEMIRINGAN":0,"LNDSNPC":"25R1","ELEVASI_1":150,"ELEVASI_2":150,"ELEVASIMSL_1":156.32500000000002,"ELEVASIMSL_2":156.32500000000002,"DISTANCE_1":7500,"DISTANCE_2":15000,"REFMSL":6.325,"RUMUS":null,"KETERANGAN":null,"SHAPE.AREA":0.0000031202212193414998,"SHAPE.LEN":0.0139152767056121}},{"type":"Feature","id":118,"geometry":{"type":"Polygon","coordinates":[[[106.69692350700001,-6.0975950960000205],[106.69586217699998,-6.094928643999992],[106.69485912900001,-6.0924085839999975],[106.693819571,-6.0897967590000235],[106.68969658399999,-6.092066753999973],[106.68823623700001,-6.092870775999984],[106.68898469700002,-6.09475127799999],[106.689987728,-6.097271354999975],[106.69075647300002,-6.099202773999991],[106.69692350700001,-6.0975950960000205]]]},"properties":{"OBJECTID":118,"NAMOBJ":"Soekarno-Hatta (CGK) - Kota Tanggerang","IDBNDR":"1","KODBNDR":"KBK25R204","KAWASAN":"Kemungkinan Bahaya Kecelakaan","KEMIRINGAN":0,"LNDSNPC":"25R2","ELEVASI_1":46,"ELEVASI_2":46,"ELEVASIMSL_1":52.325,"ELEVASIMSL_2":52.325,"DISTANCE_1":2300,"DISTANCE_2":3000,"REFMSL":6.325,"RUMUS":null,"KETERANGAN":null,"SHAPE.AREA":0.000048091787026684496,"SHAPE.LEN":0.0279552488384944}},{"type":"Feature","id":119,"geometry":{"type":"Polygon","coordinates":[[[106.693819571,-6.0897967590000235],[106.69378647399998,-6.089713603999996],[106.693605359,-6.089258561000008],[106.69335006699998,-6.0886171469999795],[106.68864520199998,-6.091362625999977],[106.68782648000001,-6.091841257999988],[106.68791206100002,-6.092056279000019],[106.68823623700001,-6.092870775999984],[106.68969658399999,-6.092066753999973],[106.693819571,-6.0897967590000235]]]},"properties":{"OBJECTID":119,"NAMOBJ":"Soekarno-Hatta (CGK) - Kota Tanggerang","IDBNDR":"1","KODBNDR":"KBK25R205","KAWASAN":"Kemungkinan Bahaya Kecelakaan","KEMIRINGAN":0,"LNDSNPC":"25R2","ELEVASI_1":46,"ELEVASI_2":46,"ELEVASIMSL_1":52.325,"ELEVASIMSL_2":52.325,"DISTANCE_1":2300,"DISTANCE_2":3000,"REFMSL":6.325,"RUMUS":null,"KETERANGAN":null,"SHAPE.AREA":0.0000075206433425515,"SHAPE.LEN":0.015147006176701}},{"type":"Feature","id":120,"geometry":{"type":"Polygon","coordinates":[[[106.69737411400001,-6.098727171000007],[106.69692350700001,-6.0975950960000205],[106.69075647300002,-6.099202773999991],[106.69114875600002,-6.100188349000007],[106.69492561300001,-6.099301873999991],[106.69650748700002,-6.098930584000016],[106.69737411400001,-6.098727171000007]]]},"properties":{"OBJECTID":120,"NAMOBJ":"Soekarno-Hatta (CGK) - Kota Tanggerang","IDBNDR":"1","KODBNDR":"KBK25R206","KAWASAN":"Kemungkinan Bahaya Kecelakaan","KEMIRINGAN":0,"LNDSNPC":"25R2","ELEVASI_1":46,"ELEVASI_2":46,"ELEVASIMSL_1":52.325,"ELEVASIMSL_2":52.325,"DISTANCE_1":2300,"DISTANCE_2":3000,"REFMSL":6.325,"RUMUS":null,"KETERANGAN":null,"SHAPE.AREA":0.000007207384198974,"SHAPE.LEN":0.0150469138383401}},{"type":"Feature","id":121,"geometry":{"type":"Polygon","coordinates":[[[106.79408694900002,-6.048555211999997],[106.79349025599998,-6.047056655999995],[106.793478644,-6.047027491999984],[106.78803773099997,-6.033362300000022],[106.78655051599998,-6.034230160999982],[106.78586475600002,-6.034630334999974],[106.74256375800002,-6.059898551999993],[106.72668698199999,-6.0691635850000125],[106.72405194499999,-6.070701292000024],[106.72175844600002,-6.072039619999998],[106.72227906500001,-6.0733475310000244],[106.72307217600002,-6.075339981000013],[106.723585776,-6.076630234999982],[106.730821773,-6.07374871899998],[106.73113974900002,-6.0736220939999725],[106.732227223,-6.073189028000002],[106.73633551,-6.071553024000025],[106.79408692200002,-6.048555222999994],[106.79408694900002,-6.048555211999997]]]},"properties":{"OBJECTID":121,"NAMOBJ":"Soekarno-Hatta (CGK) - Kota Tanggerang","IDBNDR":"1","KODBNDR":"APLL25R211","KAWASAN":"Ancangan Pendaratan dan Lepas Landas","KEMIRINGAN":0,"LNDSNPC":"25R2","ELEVASI_1":150,"ELEVASI_2":150,"ELEVASIMSL_1":156.32500000000002,"ELEVASIMSL_2":156.32500000000002,"DISTANCE_1":6600,"DISTANCE_2":15000,"REFMSL":6.325,"RUMUS":null,"KETERANGAN":null,"SHAPE.AREA":0.0008079474791872211,"SHAPE.LEN":0.173918464523489}},{"type":"Feature","id":122,"geometry":{"type":"Polygon","coordinates":[[[106.72939070400002,-6.09121269100001],[106.798340569,-6.0750284619999775],[106.79875953999999,-6.074930122000012],[106.80241309799999,-6.0740725649999945],[106.80409108700002,-6.073678502000007],[106.80156163200002,-6.067326458000025],[106.79839154899997,-6.059365651999997],[106.79807071200003,-6.058560070999988],[106.735137984,-6.083666165000011],[106.73002488899999,-6.085705959999984],[106.72758584500002,-6.0866787919999865],[106.72808679500002,-6.087937187000023],[106.72886903099999,-6.089902160000008],[106.72917267399998,-6.090664905999972],[106.72939054300002,-6.091212285999973],[106.72939070400002,-6.09121269100001]]]},"properties":{"OBJECTID":122,"NAMOBJ":"Soekarno-Hatta (CGK) - Kota Tanggerang","IDBNDR":"1","KODBNDR":"APLL25R212","KAWASAN":"Ancangan Pendaratan dan Lepas Landas","KEMIRINGAN":0,"LNDSNPC":"25R2","ELEVASI_1":150,"ELEVASI_2":150,"ELEVASIMSL_1":156.32500000000002,"ELEVASIMSL_2":156.32500000000002,"DISTANCE_1":6600,"DISTANCE_2":15000,"REFMSL":6.325,"RUMUS":null,"KETERANGAN":null,"SHAPE.AREA":0.000802618482727345,"SHAPE.LEN":0.173770259652229}},{"type":"Feature","id":123,"geometry":{"type":"Polygon","coordinates":[[[106.723585776,-6.076630234999982],[106.72307217600002,-6.075339981000013],[106.72227906500001,-6.0733475310000244],[106.72175844600002,-6.072039619999998],[106.719046563,-6.073622058000012],[106.715845398,-6.075490001999981],[106.71484704900001,-6.076072586999999],[106.713551887,-6.076828393000028],[106.71434497899997,-6.07882086699999],[106.71485667000002,-6.080106367999974],[106.71729622800001,-6.0791348569999855],[106.71830015900002,-6.078735071999972],[106.721621733,-6.077412357000014],[106.72277233,-6.076954165000018],[106.723585776,-6.076630234999982]]]},"properties":{"OBJECTID":123,"NAMOBJ":"Soekarno-Hatta (CGK) - Kota Tanggerang","IDBNDR":"1","KODBNDR":"APLL25R208","KAWASAN":"Ancangan Pendaratan dan Lepas Landas","KEMIRINGAN":25,"LNDSNPC":"25R2","ELEVASI_1":123,"ELEVASI_2":150,"ELEVASIMSL_1":129.32500000000002,"ELEVASIMSL_2":156.32500000000002,"DISTANCE_1":5560,"DISTANCE_2":6600,"REFMSL":6.325,"RUMUS":null,"KETERANGAN":null,"SHAPE.AREA":0.000039786750273619004,"SHAPE.LEN":0.027366414373562}},{"type":"Feature","id":124,"geometry":{"type":"Polygon","coordinates":[[[106.72939070400002,-6.09121269100001],[106.72939054300002,-6.091212285999973],[106.72917267399998,-6.090664905999972],[106.72886903099999,-6.089902160000008],[106.72808679500002,-6.087937187000023],[106.72758584500002,-6.0866787919999865],[106.72229846900001,-6.088787658000001],[106.72129759699999,-6.089186933000008],[106.71885859600002,-6.090159946000028],[106.719359473,-6.09141820100001],[106.720141689,-6.093383193000022],[106.720277253,-6.093351373000019],[106.72272650999997,-6.092776454999978],[106.726614536,-6.091864127999997],[106.7282616,-6.091477639999994],[106.72939070400002,-6.09121269100001]]]},"properties":{"OBJECTID":124,"NAMOBJ":"Soekarno-Hatta (CGK) - Kota Tanggerang","IDBNDR":"1","KODBNDR":"APLL25R209","KAWASAN":"Ancangan Pendaratan dan Lepas Landas","KEMIRINGAN":25,"LNDSNPC":"25R2","ELEVASI_1":123,"ELEVASI_2":150,"ELEVASIMSL_1":129.32500000000002,"ELEVASIMSL_2":156.32500000000002,"DISTANCE_1":5560,"DISTANCE_2":6600,"REFMSL":6.325,"RUMUS":null,"KETERANGAN":null,"SHAPE.AREA":0.0000392243404909105,"SHAPE.LEN":0.027245379046638603}},{"type":"Feature","id":125,"geometry":{"type":"Polygon","coordinates":[[[106.68782648000001,-6.091841257999988],[106.68864520199998,-6.091362625999977],[106.68567466000002,-6.092137889000014],[106.68530566200002,-6.092234190999989],[106.68560156699999,-6.092977667000014],[106.685654613,-6.093110947000014],[106.68618504300002,-6.092800854000018],[106.68741584399999,-6.092081317999998],[106.68782648000001,-6.091841257999988]]]},"properties":{"OBJECTID":125,"NAMOBJ":"Soekarno-Hatta (CGK) - Kota Tanggerang","IDBNDR":"1","KODBNDR":"KBK25R304","KAWASAN":"Kemungkinan Bahaya Kecelakaan","KEMIRINGAN":0,"LNDSNPC":"25R3","ELEVASI_1":46,"ELEVASI_2":46,"ELEVASIMSL_1":52.325,"ELEVASIMSL_2":52.325,"DISTANCE_1":2300,"DISTANCE_2":3000,"REFMSL":6.325,"RUMUS":null,"KETERANGAN":null,"SHAPE.AREA":0.000001616047936775,"SHAPE.LEN":0.00785918229346148}},{"type":"Feature","id":126,"geometry":{"type":"Polygon","coordinates":[[[106.69228015099998,-6.089241490999996],[106.69335006699998,-6.0886171469999795],[106.69413682999999,-6.088158033000013],[106.69479459799999,-6.087774190999994],[106.69906866000002,-6.085280035999972],[106.69634280000002,-6.078431448999993],[106.690564187,-6.0816175620000195],[106.68934824600001,-6.082287975999975],[106.68836878299999,-6.082828004000021],[106.68836885399998,-6.082828183000004],[106.689421992,-6.085474266000006],[106.69042499099999,-6.087994336999998],[106.69117747299998,-6.089884950999988],[106.69228015099998,-6.089241490999996]]]},"properties":{"OBJECTID":126,"NAMOBJ":"Soekarno-Hatta (CGK) - Kota Tanggerang","IDBNDR":"1","KODBNDR":"APLL25R301","KAWASAN":"Ancangan Pendaratan dan Lepas Landas","KEMIRINGAN":0,"LNDSNPC":"25R3","ELEVASI_1":46,"ELEVASI_2":46,"ELEVASIMSL_1":52.325,"ELEVASIMSL_2":52.325,"DISTANCE_1":3000,"DISTANCE_2":4000,"REFMSL":6.325,"RUMUS":null,"KETERANGAN":null,"SHAPE.AREA":0.00006760838290907049,"SHAPE.LEN":0.0332087384992635}},{"type":"Feature","id":127,"geometry":{"type":"Polygon","coordinates":[[[106.68934824600001,-6.082287975999975],[106.690564187,-6.0816175620000195],[106.69634280000002,-6.078431448999993],[106.69580796100001,-6.07708769300001],[106.69580613,-6.077084742000011],[106.69526184,-6.077402565],[106.690088855,-6.080423253999982],[106.688456051,-6.081376664999993],[106.68791653699998,-6.081691691999993],[106.68826776200001,-6.082574179000005],[106.68836878299999,-6.082828004000021],[106.68934824600001,-6.082287975999975]]]},"properties":{"OBJECTID":127,"NAMOBJ":"Soekarno-Hatta (CGK) - Kota Tanggerang","IDBNDR":"1","KODBNDR":"APLL25R302","KAWASAN":"Ancangan Pendaratan dan Lepas Landas","KEMIRINGAN":0,"LNDSNPC":"25R3","ELEVASI_1":46,"ELEVASI_2":46,"ELEVASIMSL_1":52.325,"ELEVASIMSL_2":52.325,"DISTANCE_1":3000,"DISTANCE_2":4000,"REFMSL":6.325,"RUMUS":null,"KETERANGAN":null,"SHAPE.AREA":0.0000120737138639085,"SHAPE.LEN":0.0209146776174489}},{"type":"Feature","id":128,"geometry":{"type":"Polygon","coordinates":[[[106.72668698199999,-6.0691635850000125],[106.74256375800002,-6.059898551999993],[106.725679678,-6.066633051999986],[106.72571320499998,-6.066717281000024],[106.72668698199999,-6.0691635850000125]]]},"properties":{"OBJECTID":128,"NAMOBJ":"Soekarno-Hatta (CGK) - Kota Tanggerang","IDBNDR":"1","KODBNDR":"APLL25R307","KAWASAN":"Ancangan Pendaratan dan Lepas Landas","KEMIRINGAN":0,"LNDSNPC":"25R3","ELEVASI_1":150,"ELEVASI_2":150,"ELEVASIMSL_1":156.32500000000002,"ELEVASIMSL_2":156.32500000000002,"DISTANCE_1":7500,"DISTANCE_2":15000,"REFMSL":6.325,"RUMUS":null,"KETERANGAN":null,"SHAPE.AREA":0.0000247547067156825,"SHAPE.LEN":0.0392836680128326}},{"type":"Feature","id":129,"geometry":{"type":"Polygon","coordinates":[[[106.624336862,-6.146835784000018],[106.62396087899998,-6.145890982000026],[106.61595569899998,-6.147767284999986],[106.61595577899999,-6.147767511999973],[106.61596112000001,-6.147782587999984],[106.61640659900002,-6.14890208700001],[106.61640662399998,-6.148902150000026],[106.61716070699998,-6.148705661000008],[106.624336862,-6.146835784000018]]]},"properties":{"OBJECTID":129,"NAMOBJ":"Soekarno-Hatta (CGK) - Kota Tanggerang","IDBNDR":"1","KODBNDR":"KBK07R04","KAWASAN":"Kemungkinan Bahaya Kecelakaan","KEMIRINGAN":0,"LNDSNPC":"07R","ELEVASI_1":46,"ELEVASI_2":46,"ELEVASIMSL_1":52.325,"ELEVASIMSL_2":52.325,"DISTANCE_1":2103,"DISTANCE_2":3000,"REFMSL":6.325,"RUMUS":null,"KETERANGAN":null,"SHAPE.AREA":0.00000910052450518,"SHAPE.LEN":0.018655206293401002}},{"type":"Feature","id":130,"geometry":{"type":"Polygon","coordinates":[[[106.58624618800002,-6.149428305000015],[106.526120236,-6.184513775000028],[106.524666507,-6.180858993000015],[106.521760427,-6.1735528880000174],[106.52008163800002,-6.169332286999975],[106.51917285600001,-6.1670475419999775],[106.51610235300001,-6.159327218999977],[106.51213684099997,-6.149356570000009],[106.509686988,-6.149928950000003],[106.50604443100002,-6.150779969999974],[106.50604231599999,-6.150780465000025],[106.50438649699998,-6.151274851999972],[106.510262727,-6.166050170999995],[106.51050879799999,-6.166668881000021],[106.51122284500002,-6.168464227000015],[106.51262406000001,-6.171987068000021],[106.51441142800002,-6.1764807509999855],[106.51844689,-6.186626444000012],[106.520426778,-6.191604149],[106.54367001899999,-6.178041195999981],[106.55158330400002,-6.17342361599998],[106.58184474799998,-6.155765384000006],[106.58746313199998,-6.152486970999973],[106.587055856,-6.151463330000013],[106.58624618800002,-6.149428305000015]]]},"properties":{"OBJECTID":130,"NAMOBJ":"Soekarno-Hatta (CGK) - Kota Tanggerang","IDBNDR":"1","KODBNDR":"APLL07L106","KAWASAN":"Ancangan Pendaratan dan Lepas Landas","KEMIRINGAN":0,"LNDSNPC":"07L1","ELEVASI_1":151,"ELEVASI_2":151,"ELEVASIMSL_1":157.32500000000002,"ELEVASIMSL_2":157.32500000000002,"DISTANCE_1":6507,"DISTANCE_2":15000,"REFMSL":6.325,"RUMUS":null,"KETERANGAN":null,"SHAPE.AREA":0.000561254919789957,"SHAPE.LEN":0.23974537651952602}},{"type":"Feature","id":131,"geometry":{"type":"Polygon","coordinates":[[[106.61951564100002,-6.156714978000025],[106.62145469000001,-6.155646176000005],[106.62669374500001,-6.152758362999975],[106.62657790499998,-6.152467275999982],[106.624336862,-6.146835784000018],[106.618891964,-6.148254559999998],[106.61716070699998,-6.148705661000008],[106.61640662399998,-6.148902150000026],[106.617459731,-6.151548599000023],[106.61846263899997,-6.154068864999999],[106.61951564100002,-6.156714978000025]]]},"properties":{"OBJECTID":131,"NAMOBJ":"Soekarno-Hatta (CGK) - Kota Tanggerang","IDBNDR":"1","KODBNDR":"KBK07R05","KAWASAN":"Kemungkinan Bahaya Kecelakaan","KEMIRINGAN":0,"LNDSNPC":"07R","ELEVASI_1":46,"ELEVASI_2":46,"ELEVASIMSL_1":52.325,"ELEVASIMSL_2":52.325,"DISTANCE_1":2103,"DISTANCE_2":3000,"REFMSL":6.325,"RUMUS":null,"KETERANGAN":null,"SHAPE.AREA":0.000060110139241985,"SHAPE.LEN":0.0311743838275075}},{"type":"Feature","id":132,"geometry":{"type":"Polygon","coordinates":[[[106.61996603699998,-6.157846775999985],[106.620612591,-6.157469495999976],[106.627069205,-6.153701832000024],[106.62669374500001,-6.152758362999975],[106.62145469000001,-6.155646176000005],[106.61951564100002,-6.156714978000025],[106.61996603699998,-6.157846775999985]]]},"properties":{"OBJECTID":132,"NAMOBJ":"Soekarno-Hatta (CGK) - Kota Tanggerang","IDBNDR":"1","KODBNDR":"KBK07R06","KAWASAN":"Kemungkinan Bahaya Kecelakaan","KEMIRINGAN":0,"LNDSNPC":"07R","ELEVASI_1":46,"ELEVASI_2":46,"ELEVASIMSL_1":52.325,"ELEVASIMSL_2":52.325,"DISTANCE_1":2103,"DISTANCE_2":3000,"REFMSL":6.325,"RUMUS":null,"KETERANGAN":null,"SHAPE.AREA":0.0000090820176283865,"SHAPE.LEN":0.018653979050746998}},{"type":"Feature","id":133,"geometry":{"type":"Polygon","coordinates":[[[106.615142386,-6.1363368849999915],[106.61596711700003,-6.135855478999986],[106.62112221299998,-6.132846345000019],[106.62196872700002,-6.132352211000011],[106.621590368,-6.131401364999988],[106.62036489500002,-6.132076835000021],[106.62024849699998,-6.132140993000007],[106.615421669,-6.134801560000028],[106.61510917800001,-6.1349738050000155],[106.61469159199999,-6.135203976000014],[106.61470845899998,-6.135246365],[106.615142386,-6.1363368849999915]]]},"properties":{"OBJECTID":133,"NAMOBJ":"Soekarno-Hatta (CGK) - Kota Tanggerang","IDBNDR":"1","KODBNDR":"KBK07L104","KAWASAN":"Kemungkinan Bahaya Kecelakaan","KEMIRINGAN":0,"LNDSNPC":"07L1","ELEVASI_1":46,"ELEVASI_2":46,"ELEVASIMSL_1":52.325,"ELEVASIMSL_2":52.325,"DISTANCE_1":2135,"DISTANCE_2":3000,"REFMSL":6.325,"RUMUS":null,"KETERANGAN":null,"SHAPE.AREA":0.000008764226030338,"SHAPE.LEN":0.0180242428710134}},{"type":"Feature","id":134,"geometry":{"type":"Polygon","coordinates":[[[106.61469159199999,-6.135203976000014],[106.61510917800001,-6.1349738050000155],[106.62024849699998,-6.132140993000007],[106.62036489500002,-6.132076835000021],[106.621590368,-6.131401364999988],[106.62088702800003,-6.129633801000011],[106.62075131900002,-6.1292927499999905],[106.61937612999998,-6.130095252999979],[106.614367421,-6.133018080999989],[106.61428163900001,-6.133068138999988],[106.613924628,-6.133276469000009],[106.61469159199999,-6.135203976000014]]]},"properties":{"OBJECTID":134,"NAMOBJ":"Soekarno-Hatta (CGK) - Kota Tanggerang","IDBNDR":"1","KODBNDR":"KBK07L105","KAWASAN":"Kemungkinan Bahaya Kecelakaan","KEMIRINGAN":0,"LNDSNPC":"07L1","ELEVASI_1":46,"ELEVASI_2":46,"ELEVASIMSL_1":52.325,"ELEVASIMSL_2":52.325,"DISTANCE_1":2135,"DISTANCE_2":3000,"REFMSL":6.325,"RUMUS":null,"KETERANGAN":null,"SHAPE.AREA":0.000016975572966076002,"SHAPE.LEN":0.0201253130096761}},{"type":"Feature","id":135,"geometry":{"type":"Polygon","coordinates":[[[106.58746313199998,-6.152486970999973],[106.588272346,-6.152014774999998],[106.592642678,-6.149464549000015],[106.592644011,-6.149467899000001],[106.59389687599997,-6.148736735],[106.59267844300001,-6.145674396000004],[106.591425561,-6.146405499000025],[106.58746706900001,-6.148715777000007],[106.58624618800002,-6.149428305000015],[106.587055856,-6.151463330000013],[106.58746313199998,-6.152486970999973]]]},"properties":{"OBJECTID":135,"NAMOBJ":"Soekarno-Hatta (CGK) - Kota Tanggerang","IDBNDR":"1","KODBNDR":"APLL07L105","KAWASAN":"Ancangan Pendaratan dan Lepas Landas","KEMIRINGAN":25,"LNDSNPC":"07L1","ELEVASI_1":131,"ELEVASI_2":151,"ELEVASIMSL_1":137.32500000000002,"ELEVASIMSL_2":157.32500000000002,"DISTANCE_1":5692,"DISTANCE_2":6507,"REFMSL":6.325,"RUMUS":null,"KETERANGAN":null,"SHAPE.AREA":0.0000242494470564575,"SHAPE.LEN":0.021486339857836}},{"type":"Feature","id":136,"geometry":{"type":"Polygon","coordinates":[[[106.617278279,-6.120312205999994],[106.62334049100002,-6.118729308000013],[106.62489824,-6.118322553999974],[106.62450291900001,-6.117329047999988],[106.62350237999999,-6.117562941000017],[106.622441514,-6.117810937000002],[106.61995538999997,-6.1183921109999915],[106.61680713499999,-6.119128105000016],[106.61724285600002,-6.120223179999982],[106.617278279,-6.120312205999994]]]},"properties":{"OBJECTID":136,"NAMOBJ":"Soekarno-Hatta (CGK) - Kota Tanggerang","IDBNDR":"1","KODBNDR":"KBK07L204","KAWASAN":"Kemungkinan Bahaya Kecelakaan","KEMIRINGAN":0,"LNDSNPC":"07L2","ELEVASI_1":46,"ELEVASI_2":46,"ELEVASIMSL_1":52.325,"ELEVASIMSL_2":52.325,"DISTANCE_1":2135,"DISTANCE_2":3000,"REFMSL":6.325,"RUMUS":null,"KETERANGAN":null,"SHAPE.AREA":0.000009158730276838,"SHAPE.LEN":0.0181223673437172}},{"type":"Feature","id":137,"geometry":{"type":"Polygon","coordinates":[[[106.620381511,-6.128111207000018],[106.62235730700002,-6.127022351999983],[106.624127983,-6.126046529999996],[106.62728040600001,-6.124309202999996],[106.62658145699999,-6.122552686000006],[106.62557861300002,-6.120032427000012],[106.62489824,-6.118322553999974],[106.62334049100002,-6.118729308000013],[106.61896604499998,-6.119871521999983],[106.617278279,-6.120312205999994],[106.61831852699999,-6.1229265810000015],[106.61932135,-6.12544686199999],[106.620381511,-6.128111207000018]]]},"properties":{"OBJECTID":137,"NAMOBJ":"Soekarno-Hatta (CGK) - Kota Tanggerang","IDBNDR":"1","KODBNDR":"KBK07L205","KAWASAN":"Kemungkinan Bahaya Kecelakaan","KEMIRINGAN":0,"LNDSNPC":"07L2","ELEVASI_1":46,"ELEVASI_2":46,"ELEVASIMSL_1":52.325,"ELEVASIMSL_2":52.325,"DISTANCE_1":2135,"DISTANCE_2":3000,"REFMSL":6.325,"RUMUS":null,"KETERANGAN":null,"SHAPE.AREA":0.0000579804023033585,"SHAPE.LEN":0.030589523768358703}},{"type":"Feature","id":138,"geometry":{"type":"Polygon","coordinates":[[[106.62083275100002,-6.129245229999981],[106.621091385,-6.129094301000009],[106.62149743700002,-6.128857357000015],[106.625884692,-6.1262972279999985],[106.62765938899997,-6.1252616099999955],[106.62728040600001,-6.124309202999996],[106.626467988,-6.124756935999983],[106.62160329599999,-6.127437886999985],[106.620381511,-6.128111207000018],[106.62083275100002,-6.129245229999981]]]},"properties":{"OBJECTID":138,"NAMOBJ":"Soekarno-Hatta (CGK) - Kota Tanggerang","IDBNDR":"1","KODBNDR":"KBK07L206","KAWASAN":"Kemungkinan Bahaya Kecelakaan","KEMIRINGAN":0,"LNDSNPC":"07L2","ELEVASI_1":46,"ELEVASI_2":46,"ELEVASIMSL_1":52.325,"ELEVASIMSL_2":52.325,"DISTANCE_1":2135,"DISTANCE_2":3000,"REFMSL":6.325,"RUMUS":null,"KETERANGAN":null,"SHAPE.AREA":0.000008775268911712,"SHAPE.LEN":0.0180266603810587}},{"type":"Feature","id":139,"geometry":{"type":"Polygon","coordinates":[[[106.60846901100001,-6.122612366999988],[106.609429804,-6.1223614990000215],[106.60966845500002,-6.122299184999974],[106.61285165700002,-6.1214680190000195],[106.615170573,-6.120862530000011],[106.617278279,-6.120312205999994],[106.61724285600002,-6.120223179999982],[106.61680713499999,-6.119128105000016],[106.61560984699997,-6.119408000000021],[106.60944207099999,-6.120849820999979],[106.60791021199998,-6.121207907999974],[106.60841388400002,-6.122473814999978],[106.60846901100001,-6.122612366999988]]]},"properties":{"OBJECTID":139,"NAMOBJ":"Soekarno-Hatta (CGK) - Kota Tanggerang","IDBNDR":"1","KODBNDR":"APLL07L202","KAWASAN":"Ancangan Pendaratan dan Lepas Landas","KEMIRINGAN":0,"LNDSNPC":"07L2","ELEVASI_1":46,"ELEVASI_2":46,"ELEVASIMSL_1":52.325,"ELEVASIMSL_2":52.325,"DISTANCE_1":3000,"DISTANCE_2":4000,"REFMSL":6.325,"RUMUS":null,"KETERANGAN":null,"SHAPE.AREA":0.000012586040442695001,"SHAPE.LEN":0.021027328465152102}},{"type":"Feature","id":140,"geometry":{"type":"Polygon","coordinates":[[[106.61294061299998,-6.133850681000013],[106.62083275100002,-6.129245229999981],[106.620381511,-6.128111207000018],[106.61240576699998,-6.132506508000006],[106.61291789699999,-6.133793589999982],[106.61294061299998,-6.133850681000013]]]},"properties":{"OBJECTID":140,"NAMOBJ":"Soekarno-Hatta (CGK) - Kota Tanggerang","IDBNDR":"1","KODBNDR":"APLL07L203","KAWASAN":"Ancangan Pendaratan dan Lepas Landas","KEMIRINGAN":0,"LNDSNPC":"07L2","ELEVASI_1":46,"ELEVASI_2":46,"ELEVASIMSL_1":52.325,"ELEVASIMSL_2":52.325,"DISTANCE_1":3000,"DISTANCE_2":4000,"REFMSL":6.325,"RUMUS":null,"KETERANGAN":null,"SHAPE.AREA":0.000012049808979827001,"SHAPE.LEN":0.0209114453365049}},{"type":"Feature","id":141,"geometry":{"type":"Polygon","coordinates":[[[106.59423470500002,-6.128191082000001],[106.59571748100001,-6.127600203999975],[106.60776151300001,-6.122800539000025],[106.60778653300002,-6.122790568000028],[106.60831276900001,-6.122653162999995],[106.60846901100001,-6.122612366999988],[106.60841388400002,-6.122473814999978],[106.60791021199998,-6.121207907999974],[106.60546070700002,-6.121780493000017],[106.59285655999997,-6.124727097999994],[106.59370854999997,-6.1268685910000045],[106.594212201,-6.128134518000024],[106.59423470500002,-6.128191082000001]]]},"properties":{"OBJECTID":141,"NAMOBJ":"Soekarno-Hatta (CGK) - Kota Tanggerang","IDBNDR":"1","KODBNDR":"APLL07L206","KAWASAN":"Ancangan Pendaratan dan Lepas Landas","KEMIRINGAN":5,"LNDSNPC":"07L2","ELEVASI_1":46,"ELEVASI_2":131,"ELEVASIMSL_1":52.325,"ELEVASIMSL_2":137.32500000000002,"DISTANCE_1":4000,"DISTANCE_2":5692,"REFMSL":6.325,"RUMUS":null,"KETERANGAN":null,"SHAPE.AREA":0.000039417362389372503,"SHAPE.LEN":0.0359927683687799}},{"type":"Feature","id":142,"geometry":{"type":"Polygon","coordinates":[[[106.599586838,-6.141643110000018],[106.60093855000002,-6.1408543320000035],[106.60603160900001,-6.137882284],[106.61236850699999,-6.134184526000013],[106.61294061299998,-6.133850681000013],[106.61291789699999,-6.133793589999982],[106.61240576699998,-6.132506508000006],[106.61226430800002,-6.132584462000011],[106.61196806100003,-6.132747721999976],[106.598224722,-6.138219669000023],[106.59871602300001,-6.139454477000015],[106.598738739,-6.139511567999989],[106.599586838,-6.141643110000018]]]},"properties":{"OBJECTID":142,"NAMOBJ":"Soekarno-Hatta (CGK) - Kota Tanggerang","IDBNDR":"1","KODBNDR":"APLL07L204","KAWASAN":"Ancangan Pendaratan dan Lepas Landas","KEMIRINGAN":5,"LNDSNPC":"07L2","ELEVASI_1":46,"ELEVASI_2":131,"ELEVASIMSL_1":52.325,"ELEVASIMSL_2":137.32500000000002,"DISTANCE_1":4000,"DISTANCE_2":5692,"REFMSL":6.325,"RUMUS":null,"KETERANGAN":null,"SHAPE.AREA":0.0000387634054768275,"SHAPE.LEN":0.0358846189551578}},{"type":"Feature","id":143,"geometry":{"type":"Polygon","coordinates":[[[106.58739377500001,-6.130917242999999],[106.591898147,-6.129122177999989],[106.59423470500002,-6.128191082000001],[106.594212201,-6.128134518000024],[106.59370854999997,-6.1268685910000045],[106.59285655999997,-6.124727097999994],[106.59113150299999,-6.125130359000025],[106.58560545,-6.126422127000012],[106.58601580700002,-6.127453603999982],[106.586867778,-6.1295951129999935],[106.58737142000001,-6.130861050000021],[106.58739377500001,-6.130917242999999]]]},"properties":{"OBJECTID":143,"NAMOBJ":"Soekarno-Hatta (CGK) - Kota Tanggerang","IDBNDR":"1","KODBNDR":"APLL07L207","KAWASAN":"Ancangan Pendaratan dan Lepas Landas","KEMIRINGAN":25,"LNDSNPC":"07L2","ELEVASI_1":131,"ELEVASI_2":151,"ELEVASIMSL_1":137.32500000000002,"ELEVASIMSL_2":157.32500000000002,"DISTANCE_1":5692,"DISTANCE_2":6507,"REFMSL":6.325,"RUMUS":null,"KETERANGAN":null,"SHAPE.AREA":0.0000315397185341255,"SHAPE.LEN":0.0233765631659264}},{"type":"Feature","id":144,"geometry":{"type":"Polygon","coordinates":[[[106.593154502,-6.145396597000001],[106.59378128399999,-6.145030842999972],[106.59474266299998,-6.144469836999974],[106.599586838,-6.141643110000018],[106.598738739,-6.139511567999989],[106.59871602300001,-6.139454477000015],[106.598224722,-6.138219669000023],[106.59615709899998,-6.139042861000007],[106.59570947999998,-6.139221072999987],[106.59416976900002,-6.139834113999996],[106.59138284300002,-6.14094372400001],[106.59187515000002,-6.142181096999991],[106.59189786500002,-6.142238189000011],[106.59274594700003,-6.144369746999985],[106.593154502,-6.145396597000001]]]},"properties":{"OBJECTID":144,"NAMOBJ":"Soekarno-Hatta (CGK) - Kota Tanggerang","IDBNDR":"1","KODBNDR":"APLL07L209","KAWASAN":"Ancangan Pendaratan dan Lepas Landas","KEMIRINGAN":25,"LNDSNPC":"07L2","ELEVASI_1":131,"ELEVASI_2":151,"ELEVASIMSL_1":137.32500000000002,"ELEVASIMSL_2":157.32500000000002,"DISTANCE_1":5692,"DISTANCE_2":6507,"REFMSL":6.325,"RUMUS":null,"KETERANGAN":null,"SHAPE.AREA":0.0000312128005495825,"SHAPE.LEN":0.023288455828812102}},{"type":"Feature","id":145,"geometry":{"type":"Polygon","coordinates":[[[106.61226890400002,-6.113230112999986],[106.61882102800001,-6.111522939999986],[106.61944990500001,-6.11135908],[106.619070126,-6.110405002999983],[106.61739793700002,-6.110796973999982],[106.61182076300003,-6.1121042589999774],[106.61223016500003,-6.113132790999998],[106.61226890400002,-6.113230112999986]]]},"properties":{"OBJECTID":145,"NAMOBJ":"Soekarno-Hatta (CGK) - Kota Tanggerang","IDBNDR":"1","KODBNDR":"KBK07L304","KAWASAN":"Kemungkinan Bahaya Kecelakaan","KEMIRINGAN":0,"LNDSNPC":"07L3","ELEVASI_1":46,"ELEVASI_2":46,"ELEVASIMSL_1":52.325,"ELEVASIMSL_2":52.325,"DISTANCE_1":2135,"DISTANCE_2":3000,"REFMSL":6.325,"RUMUS":null,"KETERANGAN":null,"SHAPE.AREA":0.000008242502178708,"SHAPE.LEN":0.0171052565432693}},{"type":"Feature","id":146,"geometry":{"type":"Polygon","coordinates":[[[106.61995538999997,-6.1183921109999915],[106.62172601100002,-6.117978198999992],[106.62205421499999,-6.117901475999986],[106.62183671499997,-6.117355094000004],[106.62114605,-6.115620063999984],[106.62014287199997,-6.11309993399999],[106.61944990500001,-6.11135908],[106.61845105200001,-6.111619340000004],[106.61226890400002,-6.113230112999986],[106.61330288900001,-6.115827743000011],[106.61430604700001,-6.118347893000021],[106.61480310399998,-6.119596593999972],[106.61995538999997,-6.1183921109999915]]]},"properties":{"OBJECTID":146,"NAMOBJ":"Soekarno-Hatta (CGK) - Kota Tanggerang","IDBNDR":"1","KODBNDR":"KBK07L305","KAWASAN":"Kemungkinan Bahaya Kecelakaan","KEMIRINGAN":0,"LNDSNPC":"07L3","ELEVASI_1":46,"ELEVASI_2":46,"ELEVASIMSL_1":52.325,"ELEVASIMSL_2":52.325,"DISTANCE_1":2135,"DISTANCE_2":3000,"REFMSL":6.325,"RUMUS":null,"KETERANGAN":null,"SHAPE.AREA":0.0000511566860573455,"SHAPE.LEN":0.0287613685518269}},{"type":"Feature","id":147,"geometry":{"type":"Polygon","coordinates":[[[106.59484680700001,-6.124261837999995],[106.59716421299999,-6.123720086999981],[106.60546070700002,-6.121780493000017],[106.60590595500003,-6.121676412999989],[106.60491015100001,-6.119174654000005],[106.60383745399997,-6.116479675999983],[106.60345778499999,-6.115525807999973],[106.60301781800001,-6.115640439999993],[106.60231293200002,-6.115824098000019],[106.59508956899998,-6.118703021999977],[106.59297045,-6.119547590000025],[106.59299574900001,-6.119611153999983],[106.59340512799997,-6.120639707999999],[106.59447779200002,-6.123334718000024],[106.59484680700001,-6.124261837999995]]]},"properties":{"OBJECTID":147,"NAMOBJ":"Soekarno-Hatta (CGK) - Kota Tanggerang","IDBNDR":"1","KODBNDR":"APLL07L303","KAWASAN":"Ancangan Pendaratan dan Lepas Landas","KEMIRINGAN":5,"LNDSNPC":"07L3","ELEVASI_1":46,"ELEVASI_2":103,"ELEVASIMSL_1":52.325,"ELEVASIMSL_2":109.325,"DISTANCE_1":4000,"DISTANCE_2":5243,"REFMSL":6.325,"RUMUS":null,"KETERANGAN":null,"SHAPE.AREA":0.000066406080130285,"SHAPE.LEN":0.0342914382076742}},{"type":"Feature","id":148,"geometry":{"type":"Polygon","coordinates":[[[106.704892078,-6.101871532000018],[106.70560601400001,-6.101704012000027],[106.705071336,-6.100360731000023],[106.70402228199998,-6.1006342169999925],[106.70270866499999,-6.1009766689999765],[106.69807617200001,-6.102184314999988],[106.69711992600003,-6.102433596000026],[106.696261247,-6.102657439999973],[106.69671240100001,-6.103790876000005],[106.69719694999998,-6.10367716899998],[106.69904755200002,-6.10324287200001],[106.703285617,-6.102248470999996],[106.70403679999998,-6.1020722160000105],[106.704892078,-6.101871532000018]]]},"properties":{"OBJECTID":148,"NAMOBJ":"Soekarno-Hatta (CGK) - Kota Tanggerang","IDBNDR":"1","KODBNDR":"APLL25R102","KAWASAN":"Ancangan Pendaratan dan Lepas Landas","KEMIRINGAN":5,"LNDSNPC":"25R1","ELEVASI_1":46,"ELEVASI_2":46,"ELEVASIMSL_1":52.325,"ELEVASIMSL_2":52.325,"DISTANCE_1":3000,"DISTANCE_2":4000,"REFMSL":6.325,"RUMUS":null,"KETERANGAN":null,"SHAPE.AREA":0.000012041794868462499,"SHAPE.LEN":0.020905411926332}},{"type":"Feature","id":149,"geometry":{"type":"Polygon","coordinates":[[[106.71896220299999,-6.098570001999974],[106.72206488500001,-6.09784197099998],[106.72571843700001,-6.096984684000006],[106.728718877,-6.096280653000008],[106.72694150799998,-6.091787403000012],[106.726614536,-6.091864127999997],[106.72660258000002,-6.09187043999998],[106.72063518300001,-6.094250516999978],[106.719750186,-6.094603505999999],[106.717407283,-6.095537996000019],[106.71864394800002,-6.098644679000017],[106.71896220299999,-6.098570001999974]]]},"properties":{"OBJECTID":149,"NAMOBJ":"Soekarno-Hatta (CGK) - Kota Tanggerang","IDBNDR":"1","KODBNDR":"APLL25L10","KAWASAN":"Ancangan Pendaratan dan Lepas Landas","KEMIRINGAN":25,"LNDSNPC":"25L","ELEVASI_1":123,"ELEVASI_2":151,"ELEVASIMSL_1":129.32500000000002,"ELEVASIMSL_2":157.32500000000002,"DISTANCE_1":5560,"DISTANCE_2":6600,"REFMSL":6.325,"RUMUS":null,"KETERANGAN":null,"SHAPE.AREA":0.000042104890431493007,"SHAPE.LEN":0.0287734436571409}},{"type":"Feature","id":150,"geometry":{"type":"Polygon","coordinates":[[[106.798340569,-6.0750284619999775],[106.72939070400002,-6.09121269100001],[106.7282616,-6.091477639999994],[106.72694150799998,-6.091787403000012],[106.728718877,-6.096280653000008],[106.73114166300002,-6.0957121509999865],[106.731142181,-6.095712029000026],[106.72899081600002,-6.096968113000003],[106.726392229,-6.09848529300001],[106.72639228499997,-6.098485417000006],[106.72792940099998,-6.102346520000026],[106.72819420600001,-6.103011677999973],[106.73055964899999,-6.1020680409999954],[106.73094708600001,-6.101913482999976],[106.733518355,-6.100887736000004],[106.798340569,-6.0750284619999775]]]},"properties":{"OBJECTID":150,"NAMOBJ":"Soekarno-Hatta (CGK) - Kota Tanggerang","IDBNDR":"1","KODBNDR":"APLL25L10","KAWASAN":"Ancangan Pendaratan dan Lepas Landas","KEMIRINGAN":0,"LNDSNPC":"25L","ELEVASI_1":150,"ELEVASI_2":150,"ELEVASIMSL_1":156.32500000000002,"ELEVASIMSL_2":156.32500000000002,"DISTANCE_1":6564,"DISTANCE_2":15000,"REFMSL":6.325,"RUMUS":null,"KETERANGAN":null,"SHAPE.AREA":0.000409274002218801,"SHAPE.LEN":0.16655483836303903}},{"type":"Feature","id":151,"geometry":{"type":"Polygon","coordinates":[[[106.70560601400001,-6.101704012000027],[106.70939468099999,-6.100815011000009],[106.71864394800002,-6.098644679000017],[106.717407283,-6.095537996000019],[106.71665933499997,-6.095836312000017],[106.70977735899999,-6.098581163999995],[106.708679754,-6.099018940000008],[106.70577612699998,-6.100177003999988],[106.705071336,-6.100360731000023],[106.70560600300001,-6.101703965000013],[106.70560601400001,-6.101704012000027]]]},"properties":{"OBJECTID":151,"NAMOBJ":"Soekarno-Hatta (CGK) - Kota Tanggerang","IDBNDR":"1","KODBNDR":"APLL25R102","KAWASAN":"Ancangan Pendaratan dan Lepas Landas","KEMIRINGAN":5,"LNDSNPC":"25R1","ELEVASI_1":46,"ELEVASI_2":123,"ELEVASIMSL_1":52.325,"ELEVASIMSL_2":129.32500000000002,"DISTANCE_1":4000,"DISTANCE_2":5560,"REFMSL":6.325,"RUMUS":null,"KETERANGAN":null,"SHAPE.AREA":0.000031152251711961003,"SHAPE.LEN":0.0314321067317266}},{"type":"Feature","id":152,"geometry":{"type":"Polygon","coordinates":[[[106.59114637900001,-6.153584385999977],[106.59042069899999,-6.150761149999994],[106.58184474799998,-6.155765384000006],[106.58398963600001,-6.155262461999996],[106.59114637900001,-6.153584385999977]]]},"properties":{"OBJECTID":152,"NAMOBJ":"Soekarno-Hatta (CGK) - Kota Tanggerang","IDBNDR":"1","KODBNDR":"PHL10","KAWASAN":"Permukaan Horizontal Luar","KEMIRINGAN":0,"LNDSNPC":"07R-25L","ELEVASI_1":151,"ELEVASI_2":151,"ELEVASIMSL_1":157.32500000000002,"ELEVASIMSL_2":157.32500000000002,"DISTANCE_1":6000,"DISTANCE_2":15000,"REFMSL":6.325,"RUMUS":null,"KETERANGAN":null,"SHAPE.AREA":0.000013921703849499001,"SHAPE.LEN":0.0223981268888442}},{"type":"Feature","id":153,"geometry":{"type":"Polygon","coordinates":[[[106.828362798,-6.306690347000028],[106.82633324599999,-6.302254823999988],[106.826332589,-6.302253388999986],[106.818937715,-6.305640458000028],[106.766836646,-6.329504272999998],[106.76572607999998,-6.346976283999993],[106.76568523399999,-6.347618893999993],[106.828362798,-6.306690347000028]]]},"properties":{"OBJECTID":153,"NAMOBJ":"Halim Perdanakusuma (HLP) - Kota Jakarta Timur","IDBNDR":"10","KODBNDR":"APLL0610","KAWASAN":"Ancangan Pendaratan dan Lepas Landas","KEMIRINGAN":0,"LNDSNPC":null,"ELEVASI_1":150,"ELEVASI_2":150,"ELEVASIMSL_1":179.092,"ELEVASIMSL_2":179.092,"DISTANCE_1":6600,"DISTANCE_2":15000,"REFMSL":null,"RUMUS":"-","KETERANGAN":null,"SHAPE.AREA":0.000703780338658012,"SHAPE.LEN":0.16332778809710802}},{"type":"Feature","id":154,"geometry":{"type":"Polygon","coordinates":[[[106.83487812300001,-6.298340429999996],[106.83487768999998,-6.298339483000007],[106.826332589,-6.302253388999986],[106.82633324599999,-6.302254823999988],[106.828362798,-6.306690347000028],[106.83364367799999,-6.3032419240000195],[106.83632097200001,-6.3014936469999725],[106.83487812300001,-6.298340429999996]]]},"properties":{"OBJECTID":154,"NAMOBJ":"Halim Perdanakusuma (HLP) - Kota Jakarta Timur","IDBNDR":"10","KODBNDR":"APLL0607","KAWASAN":"Ancangan Pendaratan dan Lepas Landas","KEMIRINGAN":25,"LNDSNPC":null,"ELEVASI_1":124,"ELEVASI_2":150,"ELEVASIMSL_1":153.092,"ELEVASIMSL_2":179.092,"DISTANCE_1":5560,"DISTANCE_2":6600,"REFMSL":null,"RUMUS":"RUMUS 2","KETERANGAN":null,"SHAPE.AREA":0.0000392309935024565,"SHAPE.LEN":0.0272515106590063}},{"type":"Feature","id":155,"geometry":{"type":"MultiPolygon","coordinates":[[[[106.818937715,-6.305640458000028],[106.81442473499999,-6.295776825000019],[106.81442393999998,-6.295775086999981],[106.767617895,-6.3172132440000155],[106.766836646,-6.329504272999998],[106.818937715,-6.305640458000028]]],[[[106.75712382299997,-6.332862539000018],[106.75786829100002,-6.321678769000016],[106.75279794800002,-6.324001092999993],[106.75392617699998,-6.326467659000002],[106.75708924000003,-6.333382058999973],[106.75712382299997,-6.332862539000018]]]]},"properties":{"OBJECTID":155,"NAMOBJ":"Halim Perdanakusuma (HLP) - Kota Jakarta Timur","IDBNDR":"10","KODBNDR":"APLL0611","KAWASAN":"Ancangan Pendaratan dan Lepas Landas","KEMIRINGAN":0,"LNDSNPC":null,"ELEVASI_1":150,"ELEVASI_2":150,"ELEVASIMSL_1":179.092,"ELEVASIMSL_2":179.092,"DISTANCE_1":7500,"DISTANCE_2":15000,"REFMSL":null,"RUMUS":"-","KETERANGAN":null,"SHAPE.AREA":0.0006188947737824931,"SHAPE.LEN":0.159575009080403}},{"type":"Feature","id":156,"geometry":{"type":"Polygon","coordinates":[[[106.926507222,-6.310054244000014],[106.918981347,-6.293614479999974],[106.90863021799998,-6.298358323000002],[106.90370102499998,-6.300617244000023],[106.89334954600002,-6.305360866000001],[106.90087500599998,-6.321801186000016],[106.91122665400002,-6.317057338999973],[106.91615592599999,-6.3147983119999935],[106.926507222,-6.310054244000014]]]},"properties":{"OBJECTID":156,"NAMOBJ":"Halim Perdanakusuma (HLP) - Kota Jakarta Timur","IDBNDR":"10","KODBNDR":"PK02","KAWASAN":"Permukaan Kerucut","KEMIRINGAN":5,"LNDSNPC":null,"ELEVASI_1":46,"ELEVASI_2":146,"ELEVASIMSL_1":75.092,"ELEVASIMSL_2":175.092,"DISTANCE_1":4000,"DISTANCE_2":6000,"REFMSL":null,"RUMUS":"RUMUS 1","KETERANGAN":null,"SHAPE.AREA":0.00050979279087078,"SHAPE.LEN":0.09255226173775069}},{"type":"Feature","id":157,"geometry":{"type":"Polygon","coordinates":[[[106.848787227,-6.293357054000012],[106.84878536399998,-6.2933543799999825],[106.83632097200001,-6.3014936469999725],[106.83364367799999,-6.3032419240000195],[106.83364598100002,-6.3032452290000265],[106.83400398499998,-6.303759118000016],[106.834367896,-6.304268836000006],[106.83473766600002,-6.304774314999975],[106.835113245,-6.305275488000007],[106.83549458300001,-6.305772288000014],[106.83588163000002,-6.306264648000024],[106.836274334,-6.306752503999974],[106.836672642,-6.3072357890000035],[106.837076502,-6.307714439999984],[106.83748585900003,-6.308188393000023],[106.83790066,-6.308657584000002],[106.83832084800002,-6.309121951000009],[106.838746367,-6.309581432000016],[106.839177162,-6.310035965999987],[106.83961317400002,-6.3104854910000086],[106.840054345,-6.310929949000013],[106.84050061699998,-6.311369280000008],[106.84095193000002,-6.311803424999994],[106.84140822299997,-6.312232326000014],[106.84186943700001,-6.31265592699998],[106.84233550900001,-6.313074169999993],[106.84280637699999,-6.313487000000009],[106.84328197899998,-6.313894361999985],[106.84376225099999,-6.314296200999991],[106.844247129,-6.314692465000007],[106.84473654800001,-6.315083098999992],[106.84523044399998,-6.315468053000018],[106.84572874899999,-6.315847274000021],[106.84623139899998,-6.316220712000018],[106.84673832499999,-6.316588318000015],[106.84724946,-6.316950040999984],[106.84776473699998,-6.317305835000013],[106.84828408499999,-6.3176556509999955],[106.848807437,-6.317999444000009],[106.84933472199998,-6.318337165999992],[106.84986586899998,-6.318668773000013],[106.850400809,-6.318994222000015],[106.85093947000001,-6.319313466999972],[106.85148177899998,-6.319626468000024],[106.85202766499998,-6.31993318100001],[106.852577054,-6.3202335670000025],[106.85312987499998,-6.320527584999979],[106.85368605100001,-6.320815196000012],[106.85424551099999,-6.321096361000002],[106.85480817799998,-6.321371043999989],[106.85537397799999,-6.321639206999976],[106.855942836,-6.321900814000003],[106.85651467500003,-6.322155832000021],[106.85708942000002,-6.322404225000014],[106.85766699300001,-6.322645960999978],[106.858247318,-6.322881008000024],[106.85883031700001,-6.323109332999991],[106.85941591300002,-6.323330907000013],[106.860004027,-6.3235457010000005],[106.86059458099999,-6.323753684999986],[106.86118749600001,-6.3239548309999805],[106.86178269300001,-6.324149114000022],[106.86238009300001,-6.324336506000009],[106.86297961499997,-6.324516984000013],[106.86358118099997,-6.324690522000026],[106.86418471000002,-6.324857098999985],[106.864790121,-6.325016690999973],[106.86539733400002,-6.325169276999986],[106.86600626699999,-6.325314837000008],[106.86661684,-6.325453352000011],[106.86722896999999,-6.325584803000027],[106.86784257699998,-6.325709173000007],[106.868457579,-6.325826445000018],[106.86907389200002,-6.325936603000002],[106.86969143599998,-6.3260396329999935],[106.87031012800003,-6.32613551999998],[106.870929886,-6.326224253000021],[106.87155062599999,-6.326305820000016],[106.872172266,-6.326380207999989],[106.87279472199998,-6.326447410000014],[106.87341791300003,-6.3265074149999805],[106.87404175500001,-6.326560214999972],[106.87466616400002,-6.326605804999986],[106.87529105800002,-6.326644176000002],[106.87591635299998,-6.326675325999986],[106.876541965,-6.326699248000011],[106.87716781199998,-6.3267159399999855],[106.87779380900002,-6.326725400999976],[106.87841987399997,-6.326727628000015],[106.87904592199999,-6.326722620999988],[106.87967187100003,-6.326710380999998],[106.88029763600002,-6.326690910000025],[106.88092313499999,-6.32666420999999],[106.88154828299997,-6.326630285000022],[106.88217299799999,-6.326589139000021],[106.88279719600001,-6.326540779000027],[106.88342079400002,-6.326485208999998],[106.88404370900003,-6.326422438000009],[106.884665858,-6.326352473999975],[106.885287157,-6.326275327000019],[106.885907524,-6.326191005999988],[106.886526876,-6.326099524000028],[106.88714513100001,-6.326000890999978],[106.887762205,-6.32589512200002],[106.88837801800003,-6.325782230000016],[106.888992486,-6.325662231000024],[106.889605528,-6.325535140999989],[106.89021706099999,-6.3254009749999796],[106.890827005,-6.325259754000001],[106.89143527800002,-6.325111493999998],[106.89204179900003,-6.324956217000022],[106.89264648699998,-6.324793941999985],[106.893249261,-6.324624691999986],[106.893850042,-6.324448487999973],[106.894448748,-6.324265356000012],[106.89504529999999,-6.324075317999984],[106.89563961900001,-6.323878400000012],[106.896231624,-6.3236746289999815],[106.89682123799997,-6.3234640310000145],[106.89740838199998,-6.323246636000022],[106.897992977,-6.323022471000002],[106.898574946,-6.322791565999978],[106.89915421,-6.322553954],[106.89973069199999,-6.322309663999988],[106.900304317,-6.322058731000027],[106.90087500599998,-6.321801186000016],[106.89334954600002,-6.305360866000001],[106.89288369100001,-6.305570369000009],[106.89241492399998,-6.3057732650000275],[106.89194333699999,-6.30596951199999],[106.89146902599998,-6.306159072000014],[106.890992084,-6.3063419069999895],[106.890512608,-6.306517980000024],[106.89003069300003,-6.306687257000021],[106.88954643400001,-6.306849702000022],[106.88905992999997,-6.307005284000013],[106.88857127699998,-6.307153973000027],[106.88808057199998,-6.307295737000004],[106.887587913,-6.307430549000003],[106.88709340000003,-6.3075583809999785],[106.88659712999998,-6.307679209000014],[106.88609920300001,-6.307793009000022],[106.88559971900003,-6.307899755999983],[106.885098776,-6.307999430999985],[106.88459647600001,-6.308092013000021],[106.88409291800002,-6.308177483000009],[106.88358820299999,-6.308255825000003],[106.88308243099999,-6.308327023000004],[106.88257570399998,-6.308391062999988],[106.882068124,-6.308447931999979],[106.88155978999998,-6.30849761799999],[106.88105080600002,-6.308540112000003],[106.88054127100003,-6.308575404999999],[106.88003128899999,-6.308603489999996],[106.87952096200002,-6.308624361999989],[106.87901039000002,-6.308638015999975],[106.87849967599999,-6.308644449999974],[106.87798892199999,-6.308643661000019],[106.87747823000001,-6.308635652000021],[106.87696770299999,-6.30862042199999],[106.87645744100001,-6.308597974999998],[106.87594754700001,-6.308568315999992],[106.87543812199999,-6.308531449999975],[106.874929269,-6.308487384999978],[106.87442108900001,-6.308436130000018],[106.873913684,-6.308377694000001],[106.873407154,-6.308312090000015],[106.87290160200001,-6.308239330999982],[106.87239712799999,-6.308159430999979],[106.87189383200001,-6.3080724050000185],[106.87139181600003,-6.307978273000003],[106.87089117900001,-6.307877050999991],[106.87039202099999,-6.307768760999977],[106.86989444300002,-6.307653424000023],[106.86939854399998,-6.307531062999999],[106.86890442200001,-6.307401702999982],[106.86841217699998,-6.3072653689999925],[106.86792190599999,-6.307122088000028],[106.86743370800002,-6.30697189],[106.86694767900002,-6.306814803999998],[106.86646391800002,-6.30665086099998],[106.86598252099998,-6.3064800949999835],[106.86550358300002,-6.306302539000001],[106.86502720099998,-6.306118228999992],[106.86455346999998,-6.3059272009999745],[106.864082484,-6.30572949499998],[106.863614337,-6.305525148000015],[106.86314912300003,-6.305314203000023],[106.862686935,-6.305096701000025],[106.86222786500002,-6.304872685000021],[106.86177200499998,-6.304642200999979],[106.86131944599998,-6.304405294999981],[106.860870277,-6.304162012999996],[106.86042458999998,-6.303912404000016],[106.85998247200001,-6.303656518000025],[106.859544013,-6.303394406999985],[106.85910929900001,-6.303126121999981],[106.85867841800001,-6.302851717999999],[106.858251456,-6.3025712479999925],[106.85782849700001,-6.302284768999982],[106.85740962699998,-6.30199233899998],[106.856994929,-6.30169401500001],[106.85658448499998,-6.301389857000004],[106.85617837799998,-6.301079926],[106.85577669000003,-6.300764284000024],[106.85537949899998,-6.30044299299999],[106.854986886,-6.300116118999995],[106.85459892799997,-6.299783725999987],[106.85421570400001,-6.2994458800000075],[106.85383729,-6.299102650000009],[106.853463761,-6.298754103000022],[106.85309519200001,-6.298400309999977],[106.852731656,-6.2980413399999975],[106.85237322699999,-6.297677265999994],[106.85201997600001,-6.29730816],[106.85167197300001,-6.296934097000019],[106.851329287,-6.296555150000017],[106.85099198799998,-6.296171394999988],[106.85066014199998,-6.295782910000014],[106.85033381699998,-6.295389770999975],[106.85001307599998,-6.294992057000002],[106.84969798399999,-6.2945898469999975],[106.849388605,-6.2941832230000045],[106.84908499800002,-6.293772264999973],[106.848787227,-6.293357054000012]]]},"properties":{"OBJECTID":157,"NAMOBJ":"Halim Perdanakusuma (HLP) - Kota Jakarta Timur","IDBNDR":"10","KODBNDR":"PK03","KAWASAN":"Permukaan Kerucut","KEMIRINGAN":5,"LNDSNPC":null,"ELEVASI_1":46,"ELEVASI_2":146,"ELEVASIMSL_1":75.092,"ELEVASIMSL_2":175.092,"DISTANCE_1":4000,"DISTANCE_2":6000,"REFMSL":null,"RUMUS":"RUMUS 5","KETERANGAN":null,"SHAPE.AREA":0.00113754057314527,"SHAPE.LEN":0.161993820490957}},{"type":"Feature","id":158,"geometry":{"type":"Polygon","coordinates":[[[106.848223614,-6.292535535000013],[106.84799058200002,-6.292180355000028],[106.847037865,-6.292769765999992],[106.83866685100003,-6.296603935999997],[106.83487768999998,-6.298339483000007],[106.83487812300001,-6.298340429999996],[106.83632097200001,-6.3014936469999725],[106.84878536399998,-6.2933543799999825],[106.84850259199999,-6.292948237000019],[106.848223614,-6.292535535000013]]]},"properties":{"OBJECTID":158,"NAMOBJ":"Halim Perdanakusuma (HLP) - Kota Jakarta Timur","IDBNDR":"10","KODBNDR":"APLL0604","KAWASAN":"Ancangan Pendaratan dan Lepas Landas","KEMIRINGAN":5,"LNDSNPC":null,"ELEVASI_1":46,"ELEVASI_2":124,"ELEVASIMSL_1":75.092,"ELEVASIMSL_2":153.092,"DISTANCE_1":4000,"DISTANCE_2":5560,"REFMSL":null,"RUMUS":"RUMUS 2","KETERANGAN":null,"SHAPE.AREA":0.000034739472650211,"SHAPE.LEN":0.0342683932167541}},{"type":"Feature","id":159,"geometry":{"type":"MultiPolygon","coordinates":[[[[106.81442393999998,-6.295775086999981],[106.82181874100002,-6.292388112000026],[106.81978823399999,-6.28795014100001],[106.81978644999998,-6.287946243000022],[106.76853947000001,-6.302714541],[106.76850544000001,-6.3032499120000125],[106.767617895,-6.3172132440000155],[106.81442393999998,-6.295775086999981]]],[[[106.75786829100002,-6.321678769000016],[106.75890826,-6.30605583800002],[106.758946659,-6.3054789860000255],[106.74768544199998,-6.308724230999985],[106.74602857600001,-6.309201705000021],[106.75279794800002,-6.324001092999993],[106.75786829100002,-6.321678769000016]]]]},"properties":{"OBJECTID":159,"NAMOBJ":"Halim Perdanakusuma (HLP) - Kota Jakarta Timur","IDBNDR":"10","KODBNDR":"APLL0612","KAWASAN":"Ancangan Pendaratan dan Lepas Landas","KEMIRINGAN":0,"LNDSNPC":null,"ELEVASI_1":150,"ELEVASI_2":150,"ELEVASIMSL_1":179.092,"ELEVASIMSL_2":179.092,"DISTANCE_1":6600,"DISTANCE_2":15000,"REFMSL":null,"RUMUS":"-","KETERANGAN":null,"SHAPE.AREA":0.000658311970416926,"SHAPE.LEN":0.183891168844279}},{"type":"Feature","id":160,"geometry":{"type":"Polygon","coordinates":[[[106.85590985099998,-6.288702079000018],[106.855403034,-6.287594538999997],[106.84799058200002,-6.292180355000028],[106.848223614,-6.292535535000013],[106.84850259199999,-6.292948237000019],[106.84878536399998,-6.2933543799999825],[106.85590985099998,-6.288702079000018]]]},"properties":{"OBJECTID":160,"NAMOBJ":"Halim Perdanakusuma (HLP) - Kota Jakarta Timur","IDBNDR":"10","KODBNDR":"APLL0601","KAWASAN":"Ancangan Pendaratan dan Lepas Landas","KEMIRINGAN":0,"LNDSNPC":null,"ELEVASI_1":46,"ELEVASI_2":46,"ELEVASIMSL_1":75.092,"ELEVASIMSL_2":75.092,"DISTANCE_1":3000,"DISTANCE_2":4000,"REFMSL":null,"RUMUS":"-","KETERANGAN":null,"SHAPE.AREA":0.0000113038742121795,"SHAPE.LEN":0.019861094514759103}},{"type":"Feature","id":161,"geometry":{"type":"Polygon","coordinates":[[[106.83415326800002,-6.286739463999993],[106.83415303200002,-6.286738747000015],[106.830363756,-6.288474314999974],[106.82181874100002,-6.292388112000026],[106.81442393999998,-6.295775086999981],[106.81442473499999,-6.295776825000019],[106.818937715,-6.305640458000028],[106.826332589,-6.302253388999986],[106.83487768999998,-6.298339483000007],[106.83866685100003,-6.296603935999997],[106.83837298200001,-6.296113771000023],[106.83808479499999,-6.295619364999993],[106.83780272400003,-6.295121440000003],[106.83752680999999,-6.294620072999976],[106.83725709499998,-6.294115338999973],[106.83699362200002,-6.29360731700001],[106.83673642899998,-6.293096081999977],[106.83648555600001,-6.292581712000015],[106.836241041,-6.2920642870000165],[106.83600292099999,-6.291543884000021],[106.83577123200001,-6.291020582999977],[106.83554600999997,-6.2904944620000265],[106.83532728900002,-6.289965602999985],[106.83511510099999,-6.289434086000028],[106.83490948000002,-6.288899990999994],[106.83471045700003,-6.288363398999991],[106.83451806099998,-6.287824392999994],[106.83433232200002,-6.2872830539999995],[106.83415326800002,-6.286739463999993]]]},"properties":{"OBJECTID":161,"NAMOBJ":"Halim Perdanakusuma (HLP) - Kota Jakarta Timur","IDBNDR":"10","KODBNDR":"APLL0608","KAWASAN":"Ancangan Pendaratan dan Lepas Landas","KEMIRINGAN":2,"LNDSNPC":null,"ELEVASI_1":102,"ELEVASI_2":150,"ELEVASIMSL_1":131.092,"ELEVASIMSL_2":179.092,"DISTANCE_1":5134,"DISTANCE_2":7500,"REFMSL":null,"RUMUS":"RUMUS 2","KETERANGAN":null,"SHAPE.AREA":0.00023312697545035501,"SHAPE.LEN":0.065122748930526}},{"type":"Feature","id":162,"geometry":{"type":"Polygon","coordinates":[[[106.82891977499997,-6.285318387000018],[106.82891808699998,-6.285314697999979],[106.82584742,-6.2861995989999855],[106.81978644999998,-6.287946243000022],[106.81978823399999,-6.28795014100001],[106.82181874100002,-6.292388112000026],[106.830363756,-6.288474314999974],[106.82891977499997,-6.285318387000018]]]},"properties":{"OBJECTID":162,"NAMOBJ":"Halim Perdanakusuma (HLP) - Kota Jakarta Timur","IDBNDR":"10","KODBNDR":"APLL0609","KAWASAN":"Ancangan Pendaratan dan Lepas Landas","KEMIRINGAN":25,"LNDSNPC":null,"ELEVASI_1":124,"ELEVASI_2":150,"ELEVASIMSL_1":153.092,"ELEVASIMSL_2":179.092,"DISTANCE_1":5560,"DISTANCE_2":6600,"REFMSL":null,"RUMUS":"RUMUS 2","KETERANGAN":null,"SHAPE.AREA":0.000039283315898875495,"SHAPE.LEN":0.027261281875277}},{"type":"Feature","id":163,"geometry":{"type":"Polygon","coordinates":[[[106.86126606900001,-6.285204460999978],[106.86082484500002,-6.28424025999999],[106.855403034,-6.287594538999997],[106.85590985099998,-6.288702079000018],[106.86126606900001,-6.285204460999978]]]},"properties":{"OBJECTID":163,"NAMOBJ":"Halim Perdanakusuma (HLP) - Kota Jakarta Timur","IDBNDR":"10","KODBNDR":"KBK0604","KAWASAN":"Kemungkinan Bahaya Kecelakaan","KEMIRINGAN":0,"LNDSNPC":null,"ELEVASI_1":46,"ELEVASI_2":46,"ELEVASIMSL_1":75.092,"ELEVASIMSL_2":75.092,"DISTANCE_1":2300,"DISTANCE_2":3000,"REFMSL":null,"RUMUS":"-","KETERANGAN":null,"SHAPE.AREA":0.0000072062909655665,"SHAPE.LEN":0.0150509324815713}},{"type":"Feature","id":164,"geometry":{"type":"Polygon","coordinates":[[[106.84361233099997,-6.2826387650000015],[106.84359220200002,-6.282568143999981],[106.84252381099998,-6.282904753000025],[106.83415303200002,-6.286738747000015],[106.83415326800002,-6.286739463999993],[106.83433232200002,-6.2872830539999995],[106.83451806099998,-6.287824392999994],[106.83471045700003,-6.288363398999991],[106.83490948000002,-6.288899990999994],[106.83511510099999,-6.289434086000028],[106.83532728900002,-6.289965602999985],[106.83554600999997,-6.2904944620000265],[106.83577123200001,-6.291020582999977],[106.83600292099999,-6.291543884000021],[106.836241041,-6.2920642870000165],[106.83648555600001,-6.292581712000015],[106.83673642899998,-6.293096081999977],[106.83699362200002,-6.29360731700001],[106.83725709499998,-6.294115338999973],[106.83752680999999,-6.294620072999976],[106.83780272400003,-6.295121440000003],[106.83808479499999,-6.295619364999993],[106.83837298200001,-6.296113771000023],[106.83866685100003,-6.296603935999997],[106.847037865,-6.292769765999992],[106.84799058200002,-6.292180355000028],[106.84795034400003,-6.292119026000023],[106.84768283599999,-6.291698789999998],[106.847421139,-6.291274905000023],[106.84716530399999,-6.290847454000016],[106.846915378,-6.290416515999993],[106.84667141,-6.289982173999988],[106.846433445,-6.289544508999995],[106.84620152899998,-6.289103606000026],[106.84597570599999,-6.288659547999998],[106.84575601799997,-6.28821241899999],[106.845542508,-6.287762303000022],[106.84533521499998,-6.287309288000017],[106.84513418,-6.2868534570000065],[106.84493944000002,-6.286394899000015],[106.84475103199998,-6.285933698999997],[106.844568993,-6.285469945999978],[106.84439335500002,-6.285003727000003],[106.84422415400002,-6.284535131999974],[106.84406142099999,-6.284064247999993],[106.84390518599997,-6.283591166000008],[106.84375548000003,-6.283115974999987],[106.84361233099997,-6.2826387650000015]]]},"properties":{"OBJECTID":164,"NAMOBJ":"Halim Perdanakusuma (HLP) - Kota Jakarta Timur","IDBNDR":"10","KODBNDR":"APLL0605","KAWASAN":"Ancangan Pendaratan dan Lepas Landas","KEMIRINGAN":5,"LNDSNPC":null,"ELEVASI_1":46,"ELEVASI_2":102,"ELEVASIMSL_1":75.092,"ELEVASIMSL_2":131.092,"DISTANCE_1":4000,"DISTANCE_2":5134,"REFMSL":null,"RUMUS":"RUMUS 2","KETERANGAN":null,"SHAPE.AREA":0.000111348814619978,"SHAPE.LEN":0.042137137755257105}},{"type":"Feature","id":165,"geometry":{"type":"Polygon","coordinates":[[[106.84322249000002,-6.281195931000013],[106.84322171100001,-6.281192695000016],[106.82891808699998,-6.285314697999979],[106.82891977499997,-6.285318387000018],[106.830363756,-6.288474314999974],[106.83415303200002,-6.286738747000015],[106.84252381099998,-6.282904753000025],[106.84359220200002,-6.282568143999981],[106.84347576599998,-6.282159626999999],[106.84334581000002,-6.281678651999982],[106.84322249000002,-6.281195931000013]]]},"properties":{"OBJECTID":165,"NAMOBJ":"Halim Perdanakusuma (HLP) - Kota Jakarta Timur","IDBNDR":"10","KODBNDR":"APLL0606","KAWASAN":"Ancangan Pendaratan dan Lepas Landas","KEMIRINGAN":5,"LNDSNPC":null,"ELEVASI_1":46,"ELEVASI_2":124,"ELEVASIMSL_1":75.092,"ELEVASIMSL_2":153.092,"DISTANCE_1":4000,"DISTANCE_2":5560,"REFMSL":null,"RUMUS":"RUMUS 2","KETERANGAN":null,"SHAPE.AREA":0.000034833346522577495,"SHAPE.LEN":0.0342799463934801}},{"type":"Feature","id":166,"geometry":{"type":"Polygon","coordinates":[[[106.85252535900003,-6.281305889999999],[106.85190457300001,-6.279949237999972],[106.84359220200002,-6.282568143999981],[106.84361233099997,-6.2826387650000015],[106.84375548000003,-6.283115974999987],[106.84390518599997,-6.283591166000008],[106.84406142099999,-6.284064247999993],[106.84422415400002,-6.284535131999974],[106.84439335500002,-6.285003727000003],[106.844568993,-6.285469945999978],[106.84475103199998,-6.285933698999997],[106.84493944000002,-6.286394899000015],[106.84513418,-6.2868534570000065],[106.84533521499998,-6.287309288000017],[106.845542508,-6.287762303000022],[106.84575601799997,-6.28821241899999],[106.84597570599999,-6.288659547999998],[106.84620152899998,-6.289103606000026],[106.846433445,-6.289544508999995],[106.84667141,-6.289982173999988],[106.846915378,-6.290416515999993],[106.84716530399999,-6.290847454000016],[106.847421139,-6.291274905000023],[106.84768283599999,-6.291698789999998],[106.84795034400003,-6.292119026000023],[106.84799058200002,-6.292180355000028],[106.855403034,-6.287594538999997],[106.85478242900001,-6.286238340000011],[106.85252535900003,-6.281305889999999]]]},"properties":{"OBJECTID":166,"NAMOBJ":"Halim Perdanakusuma (HLP) - Kota Jakarta Timur","IDBNDR":"10","KODBNDR":"APLL0602","KAWASAN":"Ancangan Pendaratan dan Lepas Landas","KEMIRINGAN":0,"LNDSNPC":null,"ELEVASI_1":46,"ELEVASI_2":46,"ELEVASIMSL_1":75.092,"ELEVASIMSL_2":75.092,"DISTANCE_1":3000,"DISTANCE_2":4000,"REFMSL":null,"RUMUS":"-","KETERANGAN":null,"SHAPE.AREA":0.00008480365644891451,"SHAPE.LEN":0.0364479644214261}},{"type":"Feature","id":167,"geometry":{"type":"Polygon","coordinates":[[[106.85139684299997,-6.278839656999992],[106.85139568599999,-6.278837128000021],[106.84322171100001,-6.281192695000016],[106.84322249000002,-6.281195931000013],[106.84334581000002,-6.281678651999982],[106.84347576599998,-6.282159626999999],[106.84359220200002,-6.282568143999981],[106.85190457300001,-6.279949237999972],[106.85139684299997,-6.278839656999992]]]},"properties":{"OBJECTID":167,"NAMOBJ":"Halim Perdanakusuma (HLP) - Kota Jakarta Timur","IDBNDR":"10","KODBNDR":"APLL0603","KAWASAN":"Ancangan Pendaratan dan Lepas Landas","KEMIRINGAN":0,"LNDSNPC":null,"ELEVASI_1":46,"ELEVASI_2":46,"ELEVASIMSL_1":75.092,"ELEVASIMSL_2":75.092,"DISTANCE_1":3000,"DISTANCE_2":4000,"REFMSL":null,"RUMUS":"-","KETERANGAN":null,"SHAPE.AREA":0.000011352443711398,"SHAPE.LEN":0.0198693602396051}},{"type":"Feature","id":168,"geometry":{"type":"Polygon","coordinates":[[[106.86082484500002,-6.28424025999999],[106.85798466099999,-6.278033637000021],[106.85190457300001,-6.279949237999972],[106.85252535900003,-6.281305889999999],[106.85478242900001,-6.286238340000011],[106.855403034,-6.287594538999997],[106.86082484500002,-6.28424025999999]]]},"properties":{"OBJECTID":168,"NAMOBJ":"Halim Perdanakusuma (HLP) - Kota Jakarta Timur","IDBNDR":"10","KODBNDR":"KBK0605","KAWASAN":"Kemungkinan Bahaya Kecelakaan","KEMIRINGAN":0,"LNDSNPC":null,"ELEVASI_1":46,"ELEVASI_2":46,"ELEVASIMSL_1":75.092,"ELEVASIMSL_2":75.092,"DISTANCE_1":2300,"DISTANCE_2":3000,"REFMSL":null,"RUMUS":"-","KETERANGAN":null,"SHAPE.AREA":0.000048181914999722,"SHAPE.LEN":0.0279835587992236}},{"type":"Feature","id":169,"geometry":{"type":"Polygon","coordinates":[[[106.85754277500001,-6.277067988999988],[106.857541836,-6.277065936999975],[106.85139568599999,-6.278837128000021],[106.85139684299997,-6.278839656999992],[106.85190457300001,-6.279949237999972],[106.85798466099999,-6.278033637000021],[106.85754277500001,-6.277067988999988]]]},"properties":{"OBJECTID":169,"NAMOBJ":"Halim Perdanakusuma (HLP) - Kota Jakarta Timur","IDBNDR":"10","KODBNDR":"KBK0606","KAWASAN":"Kemungkinan Bahaya Kecelakaan","KEMIRINGAN":0,"LNDSNPC":null,"ELEVASI_1":46,"ELEVASI_2":46,"ELEVASIMSL_1":75.092,"ELEVASIMSL_2":75.092,"DISTANCE_1":2300,"DISTANCE_2":3000,"REFMSL":null,"RUMUS":"-","KETERANGAN":null,"SHAPE.AREA":0.0000072342541893475,"SHAPE.LEN":0.015058203872756202}},{"type":"Feature","id":170,"geometry":{"type":"Polygon","coordinates":[[[106.87886471399997,-6.273712518000025],[106.87863899400003,-6.2732192889999965],[106.86082484500002,-6.28424025999999],[106.86126606900001,-6.285204460999978],[106.86278483799998,-6.284212701999991],[106.87886471399997,-6.273712518000025]]]},"properties":{"OBJECTID":170,"NAMOBJ":"Halim Perdanakusuma (HLP) - Kota Jakarta Timur","IDBNDR":"10","KODBNDR":"KBK0601","KAWASAN":"Kemungkinan Bahaya Kecelakaan","KEMIRINGAN":2,"LNDSNPC":null,"ELEVASI_1":0,"ELEVASI_2":46,"ELEVASIMSL_1":29.092000000000002,"ELEVASIMSL_2":75.092,"DISTANCE_1":0,"DISTANCE_2":2300,"REFMSL":null,"RUMUS":"RUMUS 2","KETERANGAN":null,"SHAPE.AREA":0.000016656626424364998,"SHAPE.LEN":0.0435689670276247}},{"type":"Feature","id":171,"geometry":{"type":"Polygon","coordinates":[[[106.87863899400003,-6.2732192889999965],[106.87796183699999,-6.271739602000025],[106.85798466099999,-6.278033637000021],[106.86082484500002,-6.28424025999999],[106.87863899400003,-6.2732192889999965]]]},"properties":{"OBJECTID":171,"NAMOBJ":"Halim Perdanakusuma (HLP) - Kota Jakarta Timur","IDBNDR":"10","KODBNDR":"KBK0602","KAWASAN":"Kemungkinan Bahaya Kecelakaan","KEMIRINGAN":2,"LNDSNPC":null,"ELEVASI_1":0,"ELEVASI_2":46,"ELEVASIMSL_1":29.092000000000002,"ELEVASIMSL_2":75.092,"DISTANCE_1":0,"DISTANCE_2":2300,"REFMSL":null,"RUMUS":"RUMUS 2","KETERANGAN":null,"SHAPE.AREA":0.000087844654944949,"SHAPE.LEN":0.0503457866987223}},{"type":"Feature","id":172,"geometry":{"type":"Polygon","coordinates":[[[106.87796183699999,-6.271739602000025],[106.87773611900002,-6.271246372000007],[106.85931140500003,-6.276555985000016],[106.857541836,-6.277065936999975],[106.85754277500001,-6.277067988999988],[106.85798466099999,-6.278033637000021],[106.87796183699999,-6.271739602000025]]]},"properties":{"OBJECTID":172,"NAMOBJ":"Halim Perdanakusuma (HLP) - Kota Jakarta Timur","IDBNDR":"10","KODBNDR":"KBK0603","KAWASAN":"Kemungkinan Bahaya Kecelakaan","KEMIRINGAN":2,"LNDSNPC":null,"ELEVASI_1":0,"ELEVASI_2":46,"ELEVASIMSL_1":29.092000000000002,"ELEVASIMSL_2":75.092,"DISTANCE_1":0,"DISTANCE_2":2300,"REFMSL":null,"RUMUS":"RUMUS 2","KETERANGAN":null,"SHAPE.AREA":0.000016696534617183003,"SHAPE.LEN":0.0435679552951482}},{"type":"Feature","id":173,"geometry":{"type":"Polygon","coordinates":[[[106.90449571699997,-6.261967197999979],[106.90426998499998,-6.261473985999999],[106.90359279,-6.259994348000021],[106.90336706,-6.259501134999994],[106.87773611900002,-6.271246372000007],[106.87796183699999,-6.271739602000025],[106.87863899400003,-6.2732192889999965],[106.87886471399997,-6.273712518000025],[106.90449571699997,-6.261967197999979]]]},"properties":{"OBJECTID":173,"NAMOBJ":"Halim Perdanakusuma (HLP) - Kota Jakarta Timur","IDBNDR":"10","KODBNDR":"PU","KAWASAN":"Permukaan Utama","KEMIRINGAN":0,"LNDSNPC":null,"ELEVASI_1":0,"ELEVASI_2":2.129,"ELEVASIMSL_1":29.092000000000002,"ELEVASIMSL_2":31.221,"DISTANCE_1":0,"DISTANCE_2":150,"REFMSL":null,"RUMUS":"-","KETERANGAN":null,"SHAPE.AREA":0.00007646468208095601,"SHAPE.LEN":0.061812074650321805}},{"type":"Feature","id":174,"geometry":{"type":"Polygon","coordinates":[[[106.922931688,-6.256650481999998],[106.922944212,-6.256644742999981],[106.90449571699997,-6.261967197999979],[106.87886471399997,-6.273712518000025],[106.86278483799998,-6.284212701999991],[106.86279725999998,-6.284207009999989],[106.922931688,-6.256650481999998]]]},"properties":{"OBJECTID":174,"NAMOBJ":"Halim Perdanakusuma (HLP) - Kota Jakarta Timur","IDBNDR":"10","KODBNDR":"PT01","KAWASAN":"Permukaan Transisi","KEMIRINGAN":143,"LNDSNPC":null,"ELEVASI_1":1,"ELEVASI_2":46,"ELEVASIMSL_1":30.092000000000002,"ELEVASIMSL_2":75.092,"DISTANCE_1":150,"DISTANCE_2":465,"REFMSL":null,"RUMUS":"RUMUS 1","KETERANGAN":null,"SHAPE.AREA":0.000134329383404138,"SHAPE.LEN":0.132774591292002}},{"type":"Feature","id":175,"geometry":{"type":"Polygon","coordinates":[[[106.923752063,-6.256411674999981],[106.923320762,-6.255469362999975],[106.90426998499998,-6.261473985999999],[106.90449571699997,-6.261967197999979],[106.922944212,-6.256644742999981],[106.923752063,-6.256411674999981]]]},"properties":{"OBJECTID":175,"NAMOBJ":"Halim Perdanakusuma (HLP) - Kota Jakarta Timur","IDBNDR":"10","KODBNDR":"KBK2401","KAWASAN":"Kemungkinan Bahaya Kecelakaan","KEMIRINGAN":2,"LNDSNPC":null,"ELEVASI_1":2.129,"ELEVASI_2":46,"ELEVASIMSL_1":31.221,"ELEVASIMSL_2":75.092,"DISTANCE_1":0,"DISTANCE_2":2193.55,"REFMSL":null,"RUMUS":"RUMUS 3","KETERANGAN":null,"SHAPE.AREA":0.000015646549580295,"SHAPE.LEN":0.0415951383962008}},{"type":"Feature","id":176,"geometry":{"type":"Polygon","coordinates":[[[106.930831507,-6.254369230000009],[106.93032461600001,-6.2532618149999735],[106.923320762,-6.255469362999975],[106.923752063,-6.256411674999981],[106.930831507,-6.254369230000009]]]},"properties":{"OBJECTID":176,"NAMOBJ":"Halim Perdanakusuma (HLP) - Kota Jakarta Timur","IDBNDR":"10","KODBNDR":"KBK2404","KAWASAN":"Kemungkinan Bahaya Kecelakaan","KEMIRINGAN":0,"LNDSNPC":null,"ELEVASI_1":46,"ELEVASI_2":46,"ELEVASIMSL_1":75.092,"ELEVASIMSL_2":75.092,"DISTANCE_1":2193.55,"DISTANCE_2":3000,"REFMSL":null,"RUMUS":"-","KETERANGAN":null,"SHAPE.AREA":0.0000082135563980755,"SHAPE.LEN":0.016965936124278002}},{"type":"Feature","id":177,"geometry":{"type":"Polygon","coordinates":[[[106.93900581700001,-6.252014325999994],[106.93900500400002,-6.252011147000019],[106.930831507,-6.254369230000009],[106.923752063,-6.256411674999981],[106.922944212,-6.256644742999981],[106.922931688,-6.256650481999998],[106.86279725999998,-6.284207009999989],[106.86278483799998,-6.284212701999991],[106.86126606900001,-6.285204460999978],[106.85590985099998,-6.288702079000018],[106.84878536399998,-6.2933543799999825],[106.848787227,-6.293357054000012],[106.84908499800002,-6.293772264999973],[106.849388605,-6.2941832230000045],[106.84969798399999,-6.2945898469999975],[106.85001307599998,-6.294992057000002],[106.85033381699998,-6.295389770999975],[106.85066014199998,-6.295782910000014],[106.85099198799998,-6.296171394999988],[106.851329287,-6.296555150000017],[106.85167197300001,-6.296934097000019],[106.85201997600001,-6.29730816],[106.85237322699999,-6.297677265999994],[106.852731656,-6.2980413399999975],[106.85309519200001,-6.298400309999977],[106.853463761,-6.298754103000022],[106.85383729,-6.299102650000009],[106.85421570400001,-6.2994458800000075],[106.85459892799997,-6.299783725999987],[106.854986886,-6.300116118999995],[106.85537949899998,-6.30044299299999],[106.85577669000003,-6.300764284000024],[106.85617837799998,-6.301079926],[106.85658448499998,-6.301389857000004],[106.856994929,-6.30169401500001],[106.85740962699998,-6.30199233899998],[106.85782849700001,-6.302284768999982],[106.858251456,-6.3025712479999925],[106.85867841800001,-6.302851717999999],[106.85910929900001,-6.303126121999981],[106.859544013,-6.303394406999985],[106.85998247200001,-6.303656518000025],[106.86042458999998,-6.303912404000016],[106.860870277,-6.304162012999996],[106.86131944599998,-6.304405294999981],[106.86177200499998,-6.304642200999979],[106.86222786500002,-6.304872685000021],[106.862686935,-6.305096701000025],[106.86314912300003,-6.305314203000023],[106.863614337,-6.305525148000015],[106.864082484,-6.30572949499998],[106.86455346999998,-6.3059272009999745],[106.86502720099998,-6.306118228999992],[106.86550358300002,-6.306302539000001],[106.86598252099998,-6.3064800949999835],[106.86646391800002,-6.30665086099998],[106.86694767900002,-6.306814803999998],[106.86743370800002,-6.30697189],[106.86792190599999,-6.307122088000028],[106.86841217699998,-6.3072653689999925],[106.86890442200001,-6.307401702999982],[106.86939854399998,-6.307531062999999],[106.86989444300002,-6.307653424000023],[106.87039202099999,-6.307768760999977],[106.87089117900001,-6.307877050999991],[106.87139181600003,-6.307978273000003],[106.87189383200001,-6.3080724050000185],[106.87239712799999,-6.308159430999979],[106.87290160200001,-6.308239330999982],[106.873407154,-6.308312090000015],[106.873913684,-6.308377694000001],[106.87442108900001,-6.308436130000018],[106.874929269,-6.308487384999978],[106.87543812199999,-6.308531449999975],[106.87594754700001,-6.308568315999992],[106.87645744100001,-6.308597974999998],[106.87696770299999,-6.30862042199999],[106.87747823000001,-6.308635652000021],[106.87798892199999,-6.308643661000019],[106.87849967599999,-6.308644449999974],[106.87901039000002,-6.308638015999975],[106.87952096200002,-6.308624361999989],[106.88003128899999,-6.308603489999996],[106.88054127100003,-6.308575404999999],[106.88105080600002,-6.308540112000003],[106.88155978999998,-6.30849761799999],[106.882068124,-6.308447931999979],[106.88257570399998,-6.308391062999988],[106.88308243099999,-6.308327023000004],[106.88358820299999,-6.308255825000003],[106.88409291800002,-6.308177483000009],[106.88459647600001,-6.308092013000021],[106.885098776,-6.307999430999985],[106.88559971900003,-6.307899755999983],[106.88609920300001,-6.307793009000022],[106.88659712999998,-6.307679209000014],[106.88709340000003,-6.3075583809999785],[106.887587913,-6.307430549000003],[106.88808057199998,-6.307295737000004],[106.88857127699998,-6.307153973000027],[106.88905992999997,-6.307005284000013],[106.88954643400001,-6.306849702000022],[106.89003069300003,-6.306687257000021],[106.890512608,-6.306517980000024],[106.890992084,-6.3063419069999895],[106.89146902599998,-6.306159072000014],[106.89194333699999,-6.30596951199999],[106.89241492399998,-6.3057732650000275],[106.89288369100001,-6.305570369000009],[106.89334954600002,-6.305360866000001],[106.90370102499998,-6.300617244000023],[106.90863021799998,-6.298358323000002],[106.918981347,-6.293614479999974],[106.91944417000002,-6.293398394999997],[106.91990389400002,-6.293175786999996],[106.92036042900003,-6.292946701000005],[106.92081368200002,-6.292711182999994],[106.92126356400001,-6.2924692799999775],[106.92170998400002,-6.292221040000015],[106.922152853,-6.291966512999977],[106.92259208299998,-6.291705749000016],[106.92302758699998,-6.291438801000027],[106.92345927600002,-6.291165722000017],[106.92388706600002,-6.290886566999973],[106.92431087,-6.290601390000006],[106.92473060399999,-6.2903102500000045],[106.92514618500002,-6.29001320499998],[106.92555752800001,-6.2897103130000005],[106.92596455299997,-6.28940163499999],[106.92636717699997,-6.289087232999975],[106.92676532000002,-6.288767170000028],[106.92715890400001,-6.288441508999995],[106.927547849,-6.2881103159999725],[106.92793207699998,-6.2877736570000025],[106.928311512,-6.287431598000012],[106.92868607899999,-6.287084209],[106.92905570099998,-6.286731558999975],[106.92942030699999,-6.286373717000004],[106.929779822,-6.286010755999996],[106.93013417499998,-6.285642747999987],[106.93048329499999,-6.285269766999988],[106.93082711300002,-6.284891887000015],[106.93116556000001,-6.2845091830000115],[106.931498568,-6.284121732000017],[106.93182607099999,-6.2837296110000125],[106.93214800300001,-6.2833328990000155],[106.93246430099998,-6.282931673999997],[106.93277490000003,-6.282526017999999],[106.93307973999998,-6.2821160099999815],[106.933378758,-6.281701732999977],[106.93367189700001,-6.281283270000017],[106.93395909600002,-6.2808607029999735],[106.93424029900001,-6.280434119000006],[106.934515449,-6.280003600999976],[106.934784492,-6.279569234999997],[106.93504737400002,-6.279131108999991],[106.93530404199998,-6.278689310000004],[106.93555444499998,-6.278243925000027],[106.93579853300002,-6.277795045000005],[106.936036258,-6.277342759000021],[106.93626757200002,-6.276887155999987],[106.936492429,-6.276428328000009],[106.93671078300002,-6.275966367000024],[106.93692259300002,-6.275501365000025],[106.93712781400001,-6.275033414000006],[106.93732640600001,-6.274562608999986],[106.93751832999999,-6.274089042000014],[106.93770354700001,-6.273612809999975],[106.93788202000002,-6.273134006000021],[106.93805371299999,-6.27265272599999],[106.93821859399998,-6.272169066999993],[106.93837662700003,-6.271683124999981],[106.93852778299998,-6.27119499600002],[106.93867203000002,-6.270704780000017],[106.93880933999998,-6.270212572999981],[106.93893968600003,-6.269718473000012],[106.939063041,-6.269222580000019],[106.93917938200002,-6.268724992999978],[106.93928868400002,-6.26822580999999],[106.93939092599999,-6.26772513100002],[106.93948608800002,-6.267223057000024],[106.93957415,-6.266719688000023],[106.93965509499998,-6.266215123999984],[106.93972890700002,-6.265709464999986],[106.93979557199998,-6.26520281400002],[106.93985507500003,-6.264695270000004],[106.93990740499999,-6.264186935999987],[106.93995255200002,-6.2636779119999915],[106.93999050600002,-6.263168301000007],[106.94002125999998,-6.26265820499998],[106.94004480900003,-6.262147723999988],[106.940061146,-6.261636961000022],[106.94007026999998,-6.261126019000017],[106.94007217799998,-6.260614997999994],[106.94006686900002,-6.260104001999991],[106.94005434600001,-6.259593130999974],[106.94003461,-6.259082488999979],[106.940007665,-6.258572175999973],[106.939973517,-6.258062295999991],[106.93993217299999,-6.257552949000001],[106.939883641,-6.257044237000002],[106.93982792999998,-6.256536262999987],[106.93976505199998,-6.256029126999977],[106.93969501999999,-6.255522929999984],[106.93961784599998,-6.255017774999999],[106.93953354799999,-6.254513760999998],[106.93944214099997,-6.254010988999994],[106.93934364400002,-6.253509559000008],[106.93923807700003,-6.253009572999986],[106.93912546000001,-6.2525111279999805],[106.93900581700001,-6.252014325999994]]]},"properties":{"OBJECTID":177,"NAMOBJ":"Halim Perdanakusuma (HLP) - Kota Jakarta Timur","IDBNDR":"10","KODBNDR":"PHD01","KAWASAN":"Permukaan Horizontal Dalam","KEMIRINGAN":0,"LNDSNPC":null,"ELEVASI_1":46,"ELEVASI_2":46,"ELEVASIMSL_1":75.092,"ELEVASIMSL_2":75.092,"DISTANCE_1":465,"DISTANCE_2":4000,"REFMSL":null,"RUMUS":"-","KETERANGAN":null,"SHAPE.AREA":0.00260900360574517,"SHAPE.LEN":0.227944004204337}},{"type":"Feature","id":178,"geometry":{"type":"Polygon","coordinates":[[[106.93875241,-6.251050723999981],[106.938635901,-6.250642176999975],[106.93032461600001,-6.2532618149999735],[106.930831507,-6.254369230000009],[106.93900500400002,-6.252011147000019],[106.93888242999998,-6.251531651999983],[106.93875241,-6.251050723999981]]]},"properties":{"OBJECTID":178,"NAMOBJ":"Halim Perdanakusuma (HLP) - Kota Jakarta Timur","IDBNDR":"10","KODBNDR":"APLL2401","KAWASAN":"Ancangan Pendaratan dan Lepas Landas","KEMIRINGAN":0,"LNDSNPC":null,"ELEVASI_1":46,"ELEVASI_2":46,"ELEVASIMSL_1":75.092,"ELEVASIMSL_2":75.092,"DISTANCE_1":3000,"DISTANCE_2":4000,"REFMSL":null,"RUMUS":"-","KETERANGAN":null,"SHAPE.AREA":0.0000113018281874945,"SHAPE.LEN":0.0198570639447481}},{"type":"Feature","id":179,"geometry":{"type":"Polygon","coordinates":[[[106.923320762,-6.255469362999975],[106.920580325,-6.249482010999998],[106.90359279,-6.259994348000021],[106.90426998499998,-6.261473985999999],[106.923320762,-6.255469362999975]]]},"properties":{"OBJECTID":179,"NAMOBJ":"Halim Perdanakusuma (HLP) - Kota Jakarta Timur","IDBNDR":"10","KODBNDR":"KBK2402","KAWASAN":"Kemungkinan Bahaya Kecelakaan","KEMIRINGAN":2,"LNDSNPC":null,"ELEVASI_1":2.129,"ELEVASI_2":46,"ELEVASIMSL_1":31.221,"ELEVASIMSL_2":75.092,"DISTANCE_1":0,"DISTANCE_2":2193.55,"REFMSL":null,"RUMUS":"RUMUS 3","KETERANGAN":null,"SHAPE.AREA":0.00008138665158989999,"SHAPE.LEN":0.0481637518345552}},{"type":"Feature","id":180,"geometry":{"type":"Polygon","coordinates":[[[106.90336706,-6.259501134999994],[106.91942061399999,-6.249011408999991],[106.85931140500003,-6.276555985000016],[106.87773611900002,-6.271246372000007],[106.90336706,-6.259501134999994]]]},"properties":{"OBJECTID":180,"NAMOBJ":"Halim Perdanakusuma (HLP) - Kota Jakarta Timur","IDBNDR":"10","KODBNDR":"PT02","KAWASAN":"Permukaan Transisi","KEMIRINGAN":143,"LNDSNPC":null,"ELEVASI_1":1,"ELEVASI_2":46,"ELEVASIMSL_1":30.092000000000002,"ELEVASIMSL_2":75.092,"DISTANCE_1":150,"DISTANCE_2":465,"REFMSL":null,"RUMUS":"RUMUS 1","KETERANGAN":null,"SHAPE.AREA":0.000134326524657507,"SHAPE.LEN":0.132664990138636}},{"type":"Feature","id":181,"geometry":{"type":"Polygon","coordinates":[[[106.920148391,-6.248538313999973],[106.92014752799997,-6.248536428000023],[106.91942061399999,-6.249011408999991],[106.90336706,-6.259501134999994],[106.90359279,-6.259994348000021],[106.920580325,-6.249482010999998],[106.920148391,-6.248538313999973]]]},"properties":{"OBJECTID":181,"NAMOBJ":"Halim Perdanakusuma (HLP) - Kota Jakarta Timur","IDBNDR":"10","KODBNDR":"KBK2403","KAWASAN":"Kemungkinan Bahaya Kecelakaan","KEMIRINGAN":2,"LNDSNPC":null,"ELEVASI_1":2.129,"ELEVASI_2":46,"ELEVASIMSL_1":31.221,"ELEVASIMSL_2":75.092,"DISTANCE_1":0,"DISTANCE_2":2193.55,"REFMSL":null,"RUMUS":"RUMUS 3","KETERANGAN":null,"SHAPE.AREA":0.0000156821179176825,"SHAPE.LEN":0.041604635348900805}},{"type":"Feature","id":182,"geometry":{"type":"Polygon","coordinates":[[[106.95637662899998,-6.247003584000026],[106.956375627,-6.2469996620000074],[106.95401531499999,-6.247680619999983],[106.93900500400002,-6.252011147000019],[106.93900581700001,-6.252014325999994],[106.93912546000001,-6.2525111279999805],[106.93923807700003,-6.253009572999986],[106.93934364400002,-6.253509559000008],[106.93944214099997,-6.254010988999994],[106.93953354799999,-6.254513760999998],[106.93961784599998,-6.255017774999999],[106.93969501999999,-6.255522929999984],[106.93976505199998,-6.256029126999977],[106.93982792999998,-6.256536262999987],[106.939883641,-6.257044237000002],[106.93993217299999,-6.257552949000001],[106.939973517,-6.258062295999991],[106.940007665,-6.258572175999973],[106.94003461,-6.259082488999979],[106.94005434600001,-6.259593130999974],[106.94006686900002,-6.260104001999991],[106.94007217799998,-6.260614997999994],[106.94007026999998,-6.261126019000017],[106.940061146,-6.261636961000022],[106.94004480900003,-6.262147723999988],[106.94002125999998,-6.26265820499998],[106.93999050600002,-6.263168301000007],[106.93995255200002,-6.2636779119999915],[106.93990740499999,-6.264186935999987],[106.93985507500003,-6.264695270000004],[106.93979557199998,-6.26520281400002],[106.93972890700002,-6.265709464999986],[106.93965509499998,-6.266215123999984],[106.93957415,-6.266719688000023],[106.93948608800002,-6.267223057000024],[106.93939092599999,-6.26772513100002],[106.93928868400002,-6.26822580999999],[106.93917938200002,-6.268724992999978],[106.939063041,-6.269222580000019],[106.93893968600003,-6.269718473000012],[106.93880933999998,-6.270212572999981],[106.93867203000002,-6.270704780000017],[106.93852778299998,-6.27119499600002],[106.93837662700003,-6.271683124999981],[106.93821859399998,-6.272169066999993],[106.93805371299999,-6.27265272599999],[106.93788202000002,-6.273134006000021],[106.93770354700001,-6.273612809999975],[106.93751832999999,-6.274089042000014],[106.93732640600001,-6.274562608999986],[106.93712781400001,-6.275033414000006],[106.93692259300002,-6.275501365000025],[106.93671078300002,-6.275966367000024],[106.936492429,-6.276428328000009],[106.93626757200002,-6.276887155999987],[106.936036258,-6.277342759000021],[106.93579853300002,-6.277795045000005],[106.93555444499998,-6.278243925000027],[106.93530404199998,-6.278689310000004],[106.93504737400002,-6.279131108999991],[106.934784492,-6.279569234999997],[106.934515449,-6.280003600999976],[106.93424029900001,-6.280434119000006],[106.93395909600002,-6.2808607029999735],[106.93367189700001,-6.281283270000017],[106.933378758,-6.281701732999977],[106.93307973999998,-6.2821160099999815],[106.93277490000003,-6.282526017999999],[106.93246430099998,-6.282931673999997],[106.93214800300001,-6.2833328990000155],[106.93182607099999,-6.2837296110000125],[106.931498568,-6.284121732000017],[106.93116556000001,-6.2845091830000115],[106.93082711300002,-6.284891887000015],[106.93048329499999,-6.285269766999988],[106.93013417499998,-6.285642747999987],[106.929779822,-6.286010755999996],[106.92942030699999,-6.286373717000004],[106.92905570099998,-6.286731558999975],[106.92868607899999,-6.287084209],[106.928311512,-6.287431598000012],[106.92793207699998,-6.2877736570000025],[106.927547849,-6.2881103159999725],[106.92715890400001,-6.288441508999995],[106.92676532000002,-6.288767170000028],[106.92636717699997,-6.289087232999975],[106.92596455299997,-6.28940163499999],[106.92555752800001,-6.2897103130000005],[106.92514618500002,-6.29001320499998],[106.92473060399999,-6.2903102500000045],[106.92431087,-6.290601390000006],[106.92388706600002,-6.290886566999973],[106.92345927600002,-6.291165722000017],[106.92302758699998,-6.291438801000027],[106.92259208299998,-6.291705749000016],[106.922152853,-6.291966512999977],[106.92170998400002,-6.292221040000015],[106.92126356400001,-6.2924692799999775],[106.92081368200002,-6.292711182999994],[106.92036042900003,-6.292946701000005],[106.91990389400002,-6.293175786999996],[106.91944417000002,-6.293398394999997],[106.918981347,-6.293614479999974],[106.926507222,-6.310054244000014],[106.92707486799998,-6.309790103000012],[106.92763942800002,-6.309519420000015],[106.92820082499998,-6.30924223400001],[106.928758985,-6.308958578999977],[106.92931383400003,-6.308668494000017],[106.92986529699999,-6.308372018],[106.93041330099999,-6.308069190000026],[106.93095777399998,-6.3077600510000025],[106.93149864200001,-6.307444641000018],[106.93203583299999,-6.307123004000005],[106.93256927599998,-6.306795180999984],[106.93309889900002,-6.306461216999992],[106.93362463199998,-6.306121156000017],[106.93414640499998,-6.305775042999983],[106.93466414900001,-6.305422925000016],[106.93517779299998,-6.3050648490000185],[106.93568727000002,-6.304700862000004],[106.93619251199999,-6.304331011999977],[106.93669345199999,-6.303955350000024],[106.93719002199998,-6.303573925000023],[106.93768215699998,-6.303186788999994],[106.93816979000002,-6.302793991999977],[106.93865285700002,-6.302395586999978],[106.93913129399999,-6.301991627000007],[106.93960503599999,-6.301582166999992],[106.94007402099999,-6.301167260999989],[106.94053818499998,-6.300746963999984],[106.94099746799998,-6.300321331000021],[106.94145180700002,-6.299890420999986],[106.941901143,-6.299454290000028],[106.94234541499998,-6.299012996999977],[106.94278456400002,-6.298566600000015],[106.943218532,-6.298115160000009],[106.94364725999998,-6.297658735000027],[106.94407069200003,-6.297197386999983],[106.94448877100001,-6.296731178000016],[106.944901442,-6.296260169999982],[106.94530864900003,-6.295784425000022],[106.94571033800003,-6.295304007000027],[106.946106455,-6.294818980000002],[106.946496948,-6.2943294089999995],[106.946881765,-6.293835359000013],[106.94726085500002,-6.293336896000028],[106.947634166,-6.292834086000028],[106.94800164899999,-6.292326995999986],[106.948363256,-6.291815695000025],[106.94871893700002,-6.291300250000006],[106.949068646,-6.290780729000005],[106.94941233600002,-6.29025720300001],[106.94974996100001,-6.289729740999974],[106.95008147599998,-6.289198413000008],[106.950406837,-6.288663290999978],[106.95072600100002,-6.288124444999994],[106.95103892499998,-6.287581948000025],[106.95134556699998,-6.2870358710000005],[106.951645886,-6.286486287999992],[106.95193984299999,-6.285933270999976],[106.95222739899998,-6.2853768960000025],[106.95250851399999,-6.284817234999991],[106.952783152,-6.284254363000002],[106.953051275,-6.283688356000027],[106.95331284899999,-6.2831192890000125],[106.95356783800003,-6.2825472380000065],[106.95381620900002,-6.281972279000001],[106.95405792700001,-6.2813944879999895],[106.95429296200001,-6.280813943999988],[106.95452128199997,-6.280230721999999],[106.954742856,-6.279644901999973],[106.954957654,-6.279056561000004],[106.95516564899998,-6.278465777000008],[106.95536681300001,-6.277872629000001],[106.95556111799999,-6.277277196999989],[106.95574853900001,-6.276679559999991],[106.95592905000001,-6.276079797000023],[106.95610262899999,-6.275477987999977],[106.95626925099998,-6.274874214000022],[106.95642889499999,-6.274268554999992],[106.95658153900001,-6.273661092999987],[106.95672716299998,-6.273051907000024],[106.956865747,-6.272441078999975],[106.956997274,-6.271828690999996],[106.95712172499998,-6.271214824000026],[106.95723908399998,-6.270599559999994],[106.957349336,-6.269982980999998],[106.95745246500002,-6.269365169000025],[106.95754845800002,-6.268746206999992],[106.95763730200002,-6.268126177999989],[106.95771898599997,-6.26750516300001],[106.95779349899999,-6.26688324600002],[106.95786083000002,-6.266260509000006],[106.95792096999998,-6.265637035999987],[106.957973912,-6.265012909999996],[106.958019649,-6.264388213000018],[106.95805817500002,-6.263763030000007],[106.95808948400003,-6.263137443000005],[106.958113572,-6.262511537000023],[106.95813043700002,-6.261885393],[106.95814007500002,-6.261259096999993],[106.95814248599999,-6.260632730999987],[106.95813766999999,-6.260006379000004],[106.95812562600003,-6.2593801240000175],[106.95810635700002,-6.258754049999993],[106.95807986599999,-6.2581282410000085],[106.95804615499998,-6.257502778999992],[106.95800522899998,-6.256877748000022],[106.95795709499998,-6.256253232000006],[106.957901757,-6.255629313999975],[106.957839224,-6.255006075999972],[106.95776950499999,-6.254383603000008],[106.95769260700001,-6.253761976000021],[106.957608542,-6.253141280000023],[106.95751732100001,-6.252521596000008],[106.95741895600003,-6.25190300700001],[106.95731346100001,-6.251285596000002],[106.95720084800001,-6.250669445000028],[106.95708113400002,-6.250054636000016],[106.95695433399999,-6.2494412510000075],[106.95682046500002,-6.248829371999989],[106.95667954499999,-6.248219080000013],[106.95653159400001,-6.2476104570000075],[106.95637662899998,-6.247003584000026]]]},"properties":{"OBJECTID":182,"NAMOBJ":"Halim Perdanakusuma (HLP) - Kota Jakarta Timur","IDBNDR":"10","KODBNDR":"PK01","KAWASAN":"Permukaan Kerucut","KEMIRINGAN":5,"LNDSNPC":null,"ELEVASI_1":46,"ELEVASI_2":146,"ELEVASIMSL_1":75.092,"ELEVASIMSL_2":175.092,"DISTANCE_1":4000,"DISTANCE_2":6000,"REFMSL":null,"RUMUS":"RUMUS 4","KETERANGAN":null,"SHAPE.AREA":0.00113736754437022,"SHAPE.LEN":0.162018019389689}},{"type":"Feature","id":183,"geometry":{"type":"Polygon","coordinates":[[[106.926825694,-6.245617491000019],[106.92682559600001,-6.2456172729999935],[106.920580325,-6.249482010999998],[106.923320762,-6.255469362999975],[106.93032461600001,-6.2532618149999735],[106.92970391199998,-6.251905750999981],[106.92744647799998,-6.246973786000012],[106.926825694,-6.245617491000019]]]},"properties":{"OBJECTID":183,"NAMOBJ":"Halim Perdanakusuma (HLP) - Kota Jakarta Timur","IDBNDR":"10","KODBNDR":"KBK2405","KAWASAN":"Kemungkinan Bahaya Kecelakaan","KEMIRINGAN":0,"LNDSNPC":null,"ELEVASI_1":46,"ELEVASI_2":46,"ELEVASIMSL_1":75.092,"ELEVASIMSL_2":75.092,"DISTANCE_1":2193.55,"DISTANCE_2":3000,"REFMSL":null,"RUMUS":"-","KETERANGAN":null,"SHAPE.AREA":0.000054624521030962005,"SHAPE.LEN":0.0296798522890316}},{"type":"Feature","id":184,"geometry":{"type":"Polygon","coordinates":[[[106.92631778200001,-6.244507794000015],[106.926316676,-6.244505377999985],[106.92014752799997,-6.248536428000023],[106.920148391,-6.248538313999973],[106.920580325,-6.249482010999998],[106.92682559600001,-6.2456172729999935],[106.92631778200001,-6.244507794000015]]]},"properties":{"OBJECTID":184,"NAMOBJ":"Halim Perdanakusuma (HLP) - Kota Jakarta Timur","IDBNDR":"10","KODBNDR":"KBK2406","KAWASAN":"Kemungkinan Bahaya Kecelakaan","KEMIRINGAN":0,"LNDSNPC":null,"ELEVASI_1":46,"ELEVASI_2":46,"ELEVASIMSL_1":75.092,"ELEVASIMSL_2":75.092,"DISTANCE_1":2193.55,"DISTANCE_2":3000,"REFMSL":null,"RUMUS":"-","KETERANGAN":null,"SHAPE.AREA":0.000008244498151901,"SHAPE.LEN":0.0169764903328068}},{"type":"Feature","id":185,"geometry":{"type":"Polygon","coordinates":[[[106.95252640400003,-6.244428060000018],[106.95252596199998,-6.244427094000002],[106.94861847300001,-6.246218548999991],[106.93970413199997,-6.250305480999998],[106.938635901,-6.250642176999975],[106.93875241,-6.251050723999981],[106.93888242999998,-6.251531651999983],[106.93900500400002,-6.252011147000019],[106.95401531499999,-6.247680619999983],[106.95252640400003,-6.244428060000018]]]},"properties":{"OBJECTID":185,"NAMOBJ":"Halim Perdanakusuma (HLP) - Kota Jakarta Timur","IDBNDR":"10","KODBNDR":"APLL2404","KAWASAN":"Ancangan Pendaratan dan Lepas Landas","KEMIRINGAN":5,"LNDSNPC":null,"ELEVASI_1":46,"ELEVASI_2":128,"ELEVASIMSL_1":75.092,"ELEVASIMSL_2":157.092,"DISTANCE_1":4000,"DISTANCE_2":5645,"REFMSL":null,"RUMUS":"RUMUS 3","KETERANGAN":null,"SHAPE.AREA":0.0000373103455355445,"SHAPE.LEN":0.0358438366960614}},{"type":"Feature","id":186,"geometry":{"type":"Polygon","coordinates":[[[106.934276925,-6.24109249899999],[106.93423664599999,-6.241031119000013],[106.92682559600001,-6.2456172729999935],[106.926825694,-6.245617491000019],[106.92744647799998,-6.246973786000012],[106.92970391199998,-6.251905750999981],[106.93032461600001,-6.2532618149999735],[106.938635901,-6.250642176999975],[106.93861578299999,-6.250571633999982],[106.93847257300001,-6.25009447299999],[106.93832280800001,-6.249619331000019],[106.93816651600002,-6.249146299000017],[106.93800372800001,-6.248675466000009],[106.93783447300001,-6.2482069220000085],[106.937658785,-6.247740754999995],[106.93747669599998,-6.247277053999994],[106.93728824200002,-6.246815906999984],[106.937093457,-6.246357402000001],[106.93689237900003,-6.245901624999988],[106.93668504599998,-6.24544866399998],[106.93647149700001,-6.244998602999999],[106.93625177299998,-6.244551528999978],[106.936025916,-6.244107525999993],[106.93579396799998,-6.243666678000011],[106.93555597400001,-6.243229069999984],[106.93531197800002,-6.242794783000022],[106.93506202700001,-6.242363902000022],[106.93480616900001,-6.241936506000002],[106.93454445200001,-6.241512678999982],[106.934276925,-6.24109249899999]]]},"properties":{"OBJECTID":186,"NAMOBJ":"Halim Perdanakusuma (HLP) - Kota Jakarta Timur","IDBNDR":"10","KODBNDR":"APLL2402","KAWASAN":"Ancangan Pendaratan dan Lepas Landas","KEMIRINGAN":0,"LNDSNPC":null,"ELEVASI_1":46,"ELEVASI_2":46,"ELEVASIMSL_1":75.092,"ELEVASIMSL_2":75.092,"DISTANCE_1":3000,"DISTANCE_2":4000,"REFMSL":null,"RUMUS":"-","KETERANGAN":null,"SHAPE.AREA":0.0000847893825178025,"SHAPE.LEN":0.036444975122423}},{"type":"Feature","id":187,"geometry":{"type":"Polygon","coordinates":[[[106.95999289000002,-6.24100542299999],[106.959992258,-6.241004042999975],[106.95252596199998,-6.244427094000002],[106.95252640400003,-6.244428060000018],[106.95401531499999,-6.247680619999983],[106.956375627,-6.2469996620000074],[106.96199479900002,-6.245378511000013],[106.95999289000002,-6.24100542299999]]]},"properties":{"OBJECTID":187,"NAMOBJ":"Halim Perdanakusuma (HLP) - Kota Jakarta Timur","IDBNDR":"10","KODBNDR":"APLL2407","KAWASAN":"Ancangan Pendaratan dan Lepas Landas","KEMIRINGAN":25,"LNDSNPC":null,"ELEVASI_1":128,"ELEVASI_2":151,"ELEVASIMSL_1":157.092,"ELEVASIMSL_2":180.092,"DISTANCE_1":5645,"DISTANCE_2":6554,"REFMSL":null,"RUMUS":"RUMUS 3","KETERANGAN":null,"SHAPE.AREA":0.000034452994177609006,"SHAPE.LEN":0.024907763929637502}},{"type":"Feature","id":188,"geometry":{"type":"Polygon","coordinates":[[[106.93344000299999,-6.239854639999976],[106.93343815100002,-6.239852058999986],[106.926316676,-6.244505377999985],[106.92631778200001,-6.244507794000015],[106.92682559600001,-6.2456172729999935],[106.93423664599999,-6.241031119000013],[106.93400364000001,-6.240676045999976],[106.93372464800001,-6.240263400999993],[106.93344000299999,-6.239854639999976]]]},"properties":{"OBJECTID":188,"NAMOBJ":"Halim Perdanakusuma (HLP) - Kota Jakarta Timur","IDBNDR":"10","KODBNDR":"APLL2403","KAWASAN":"Ancangan Pendaratan dan Lepas Landas","KEMIRINGAN":0,"LNDSNPC":null,"ELEVASI_1":46,"ELEVASI_2":46,"ELEVASIMSL_1":75.092,"ELEVASIMSL_2":75.092,"DISTANCE_1":3000,"DISTANCE_2":4000,"REFMSL":null,"RUMUS":"-","KETERANGAN":null,"SHAPE.AREA":0.000011349435870694,"SHAPE.LEN":0.0198692026617649}},{"type":"Feature","id":189,"geometry":{"type":"Polygon","coordinates":[[[106.94410368199999,-6.236355591000006],[106.94410328200001,-6.236354921999975],[106.935189181,-6.240441664999992],[106.93423664599999,-6.241031119000013],[106.934276925,-6.24109249899999],[106.93454445200001,-6.241512678999982],[106.93480616900001,-6.241936506000002],[106.93506202700001,-6.242363902000022],[106.93531197800002,-6.242794783000022],[106.93555597400001,-6.243229069999984],[106.93579396799998,-6.243666678000011],[106.936025916,-6.244107525999993],[106.93625177299998,-6.244551528999978],[106.93647149700001,-6.244998602999999],[106.93668504599998,-6.24544866399998],[106.93689237900003,-6.245901624999988],[106.937093457,-6.246357402000001],[106.93728824200002,-6.246815906999984],[106.93747669599998,-6.247277053999994],[106.937658785,-6.247740754999995],[106.93783447300001,-6.2482069220000085],[106.93800372800001,-6.248675466000009],[106.93816651600002,-6.249146299000017],[106.93832280800001,-6.249619331000019],[106.93847257300001,-6.25009447299999],[106.93861578299999,-6.250571633999982],[106.938635901,-6.250642176999975],[106.93970413199997,-6.250305480999998],[106.94861847300001,-6.246218548999991],[106.94843882700002,-6.245676055999979],[106.948252341,-6.245135053000013],[106.94805928900001,-6.244596360999992],[106.94785969899999,-6.244060061000027],[106.94765360100001,-6.243526230999976],[106.94744102499999,-6.242994951000014],[106.94722200199999,-6.24246629999999],[106.946996566,-6.241940354999997],[106.94676474900001,-6.241417194999997],[106.946526587,-6.240896898000017],[106.946282113,-6.240379539999992],[106.94603136500001,-6.239865196999972],[106.94577437999999,-6.239353946999984],[106.94551119599998,-6.238845864999973],[106.94524185099999,-6.2383410260000005],[106.94496638599998,-6.237839505000011],[106.94468484200002,-6.237341376000018],[106.94439726000002,-6.236846714000023],[106.94410368199999,-6.236355591000006]]]},"properties":{"OBJECTID":189,"NAMOBJ":"Halim Perdanakusuma (HLP) - Kota Jakarta Timur","IDBNDR":"10","KODBNDR":"APLL2405","KAWASAN":"Ancangan Pendaratan dan Lepas Landas","KEMIRINGAN":5,"LNDSNPC":null,"ELEVASI_1":46,"ELEVASI_2":106,"ELEVASIMSL_1":75.092,"ELEVASIMSL_2":135.092,"DISTANCE_1":4000,"DISTANCE_2":5204,"REFMSL":null,"RUMUS":"RUMUS 3","KETERANGAN":null,"SHAPE.AREA":0.000117810484562235,"SHAPE.LEN":0.0433331433223658}},{"type":"Feature","id":190,"geometry":{"type":"Polygon","coordinates":[[[106.94652084,-6.231308152999986],[106.94651922100002,-6.2313046159999885],[106.93343815100002,-6.239852058999986],[106.93344000299999,-6.239854639999976],[106.93372464800001,-6.240263400999993],[106.93400364000001,-6.240676045999976],[106.93423664599999,-6.241031119000013],[106.935189181,-6.240441664999992],[106.94410328200001,-6.236354921999975],[106.94801088999998,-6.234563447000028],[106.94652084,-6.231308152999986]]]},"properties":{"OBJECTID":190,"NAMOBJ":"Halim Perdanakusuma (HLP) - Kota Jakarta Timur","IDBNDR":"10","KODBNDR":"APLL2406","KAWASAN":"Ancangan Pendaratan dan Lepas Landas","KEMIRINGAN":5,"LNDSNPC":null,"ELEVASI_1":46,"ELEVASI_2":128,"ELEVASIMSL_1":75.092,"ELEVASIMSL_2":157.092,"DISTANCE_1":4000,"DISTANCE_2":5645,"REFMSL":null,"RUMUS":"RUMUS 3","KETERANGAN":null,"SHAPE.AREA":0.0000374065687546125,"SHAPE.LEN":0.0358592511824852}},{"type":"Feature","id":191,"geometry":{"type":"Polygon","coordinates":[[[106.962779765,-6.227794560999996],[106.96277899799998,-6.227792885999975],[106.955477116,-6.2311404939999875],[106.94801088999998,-6.234563447000028],[106.94410328200001,-6.236354921999975],[106.94410368199999,-6.236355591000006],[106.94439726000002,-6.236846714000023],[106.94468484200002,-6.237341376000018],[106.94496638599998,-6.237839505000011],[106.94524185099999,-6.2383410260000005],[106.94551119599998,-6.238845864999973],[106.94577437999999,-6.239353946999984],[106.94603136500001,-6.239865196999972],[106.946282113,-6.240379539999992],[106.946526587,-6.240896898000017],[106.94676474900001,-6.241417194999997],[106.946996566,-6.241940354999997],[106.94722200199999,-6.24246629999999],[106.94744102499999,-6.242994951000014],[106.94765360100001,-6.243526230999976],[106.94785969899999,-6.244060061000027],[106.94805928900001,-6.244596360999992],[106.948252341,-6.245135053000013],[106.94843882700002,-6.245676055999979],[106.94861847300001,-6.246218548999991],[106.95252596199998,-6.244427094000002],[106.959992258,-6.241004042999975],[106.96729420899999,-6.2376563390000115],[106.962779765,-6.227794560999996]]]},"properties":{"OBJECTID":191,"NAMOBJ":"Halim Perdanakusuma (HLP) - Kota Jakarta Timur","IDBNDR":"10","KODBNDR":"APLL2408","KAWASAN":"Ancangan Pendaratan dan Lepas Landas","KEMIRINGAN":2,"LNDSNPC":null,"ELEVASI_1":106,"ELEVASI_2":151,"ELEVASIMSL_1":135.092,"ELEVASIMSL_2":180.092,"DISTANCE_1":5204,"DISTANCE_2":7443,"REFMSL":null,"RUMUS":"RUMUS 3","KETERANGAN":null,"SHAPE.AREA":0.00022060387880537202,"SHAPE.LEN":0.0628096683636439}},{"type":"Feature","id":192,"geometry":{"type":"Polygon","coordinates":[[[106.95347421999998,-6.226764890000027],[106.953472524,-6.226761183999997],[106.94857479299998,-6.229961462999995],[106.94651922100002,-6.2313046159999885],[106.94652084,-6.231308152999986],[106.94801088999998,-6.234563447000028],[106.955477116,-6.2311404939999875],[106.95347421999998,-6.226764890000027]]]},"properties":{"OBJECTID":192,"NAMOBJ":"Halim Perdanakusuma (HLP) - Kota Jakarta Timur","IDBNDR":"10","KODBNDR":"APLL2409","KAWASAN":"Ancangan Pendaratan dan Lepas Landas","KEMIRINGAN":25,"LNDSNPC":null,"ELEVASI_1":128,"ELEVASI_2":151,"ELEVASIMSL_1":157.092,"ELEVASIMSL_2":180.092,"DISTANCE_1":5645,"DISTANCE_2":6554,"REFMSL":null,"RUMUS":"RUMUS 3","KETERANGAN":null,"SHAPE.AREA":0.000034497737439982,"SHAPE.LEN":0.024919866846184503}},{"type":"Feature","id":193,"geometry":{"type":"Polygon","coordinates":[[[106.90424205,-6.2245704200000205],[106.903731386,-6.224569631999998],[106.903220761,-6.224576065000008],[106.90271027799997,-6.224589718000004],[106.90220003799999,-6.224610586999972],[106.90169014399999,-6.224638668000011],[106.90118069699997,-6.224673956000004],[106.90067179900001,-6.224716445000013],[106.90016355099999,-6.224766123999984],[106.89965605600003,-6.224822985000003],[106.89914941400002,-6.224887016000025],[106.89864372599999,-6.224958205000007],[106.898139093,-6.225036536000005],[106.89763561699999,-6.225121995999984],[106.897133397,-6.2252145649999875],[106.89663253399999,-6.225314227000013],[106.89613312799997,-6.2254209609999975],[106.89563527899998,-6.2255347450000045],[106.89513908599997,-6.225655558000028],[106.894644647,-6.225783374000002],[106.89415206299998,-6.2259181690000105],[106.89366143000001,-6.226059915999997],[106.893172848,-6.226208584999995],[106.89268641299998,-6.2263641490000055],[106.89220222300003,-6.22652657499998],[106.89172037499998,-6.226695830999972],[106.89124096400002,-6.226871883000001],[106.89076408599999,-6.227054695999982],[106.89028983600002,-6.227244235000001],[106.88981831000001,-6.227440460000025],[106.88934960199998,-6.227643332000014],[106.88888380399999,-6.2278528119999805],[106.87853334099998,-6.232595763000006],[106.87360446600002,-6.234854258999974],[106.86325365800002,-6.239596990999985],[106.86279083699998,-6.239813018999996],[106.86233111400003,-6.240035571000021],[106.86187457800003,-6.240264599999989],[106.86142132100002,-6.240500062000024],[106.86097143400002,-6.240741909000008],[106.86052500599999,-6.2409900929999935],[106.86008212600001,-6.241244564999988],[106.85964288399998,-6.241505272999973],[106.85920736600002,-6.241772165999976],[106.85877565999999,-6.242045190999988],[106.85834785200001,-6.242324291999978],[106.85792402700002,-6.242609414000015],[106.85750426999999,-6.242900501000008],[106.85708866499999,-6.243197494000015],[106.85667729400001,-6.243500332999986],[106.85627024000001,-6.243808958999978],[106.85586758400001,-6.24412331000002],[106.85546940699999,-6.2444433229999845],[106.85507578800002,-6.244768932999989],[106.85468680499997,-6.245100077000018],[106.85430253599998,-6.245436687999984],[106.85392305900001,-6.245778699000027],[106.85354844800003,-6.246126041000025],[106.85317877900002,-6.246478646000014],[106.85281412500001,-6.246836442000017],[106.85245456000001,-6.247199358999978],[106.85210015400003,-6.247567322999998],[106.85175098000002,-6.247940261999986],[106.85140710600001,-6.248318100999995],[106.85106860100001,-6.248700763999977],[106.85073553199999,-6.249088175999987],[106.85040796800001,-6.2494802580000055],[106.850085971,-6.249876932999996],[106.84976960799997,-6.250278121000008],[106.84945894100002,-6.250683741999978],[106.84915403299999,-6.251093716000014],[106.84885494299999,-6.251507960000026],[106.848561733,-6.251926391999973],[106.84827445899998,-6.252348927000014],[106.84799318099999,-6.2527754829999935],[106.84771795400002,-6.253205972999979],[106.847448832,-6.253640312000016],[106.84718587100002,-6.254078413000002],[106.84692912100002,-6.254520188000015],[106.84667863499999,-6.254965549000019],[106.84643446299998,-6.255414407999979],[106.84619665299999,-6.255866674999993],[106.84596525299997,-6.256322259000001],[106.84574030800002,-6.256781068999999],[106.84552186500002,-6.257243013999982],[106.845309966,-6.257708002000015],[106.845104655,-6.258175939000012],[106.844905971,-6.258646732999978],[106.84471395499997,-6.2591202899999985],[106.84452864500003,-6.259596514000009],[106.84435007799999,-6.260075309999991],[106.84417829,-6.260556584000028],[106.844013314,-6.26104023900001],[106.843855185,-6.261526177999997],[106.84370393299997,-6.26201430499998],[106.843559589,-6.262504520999983],[106.84342218199998,-6.262996729999998],[106.843291739,-6.263490832000002],[106.84316828599998,-6.26398672900001],[106.84305184800002,-6.2644843229999765],[106.84294244799997,-6.264983513000004],[106.84284010800002,-6.265484200000003],[106.842744848,-6.265986284000007],[106.84265668799998,-6.266489664999995],[106.84257564500001,-6.266994242999999],[106.84250173599997,-6.26749991600002],[106.84243497400001,-6.268006582999988],[106.84237537400003,-6.268514143999994],[106.84232294700001,-6.26902249699998],[106.84227770400003,-6.269531540999992],[106.84223965400002,-6.270041172999981],[106.84220880499998,-6.270551292999983],[106.84218516200002,-6.271061797000016],[106.84216873100002,-6.271572585999991],[106.842159514,-6.272083554999995],[106.84215751400001,-6.272594604000005],[106.84216273099997,-6.273105629999975],[106.84217516400003,-6.273616531000016],[106.84219481100001,-6.274127205000013],[106.84222166799998,-6.274637551000012],[106.842255728,-6.275147466000021],[106.84229698600001,-6.275656847999983],[106.84234543399998,-6.2761655959999985],[106.84240106099998,-6.27667360800001],[106.84246385699998,-6.277180783000006],[106.84253380899997,-6.277687018999984],[106.84261090299998,-6.2781922159999795],[106.842695123,-6.278696271999991],[106.84278645400002,-6.279199086999995],[106.84288487600003,-6.279700561000027],[106.84299037,-6.280200592000028],[106.84310291600002,-6.280699082000012],[106.84322171100001,-6.281192695000016],[106.85139568599999,-6.278837128000021],[106.857541836,-6.277065936999975],[106.85931140500003,-6.276555985000016],[106.91942061399999,-6.249011408999991],[106.92014752799997,-6.248536428000023],[106.926316676,-6.244505377999985],[106.93343815100002,-6.239852058999986],[106.93314222200001,-6.239439488000016],[106.93283860999998,-6.239028587000007],[106.93252922599999,-6.238622021000026],[106.932214133,-6.238219868999977],[106.931893393,-6.237822213000015],[106.93156707000003,-6.237429130999999],[106.93123523100002,-6.237040702999991],[106.93089794000002,-6.236657004999984],[106.93055526500001,-6.236278114000015],[106.93020727499999,-6.235904106000021],[106.92985404000001,-6.235535056000003],[106.92949562899997,-6.235171036999986],[106.92913211400003,-6.234812122999983],[106.92876356699998,-6.234458383000003],[106.92839006399998,-6.234109890000013],[106.92801167699997,-6.233766713000023],[106.92762848299998,-6.233428919999994],[106.927240557,-6.233096579000005],[106.92684797800001,-6.232769755999982],[106.92645082400003,-6.232448515999977],[106.92604917400001,-6.232132923999984],[106.92564310900002,-6.231823041999974],[106.92523270800001,-6.231518933000018],[106.924818055,-6.231220656999994],[106.92439923199998,-6.230928273000018],[106.92397632299998,-6.230641841000022],[106.923549412,-6.230361415999994],[106.923118585,-6.230087056000002],[106.92268392599999,-6.229818814999987],[106.922245524,-6.229556746000014],[106.92180346599997,-6.229300901999977],[106.921357839,-6.229051334000019],[106.92090873299998,-6.228808092000008],[106.92045623799999,-6.228571224000007],[106.92000044399998,-6.2283407780000175],[106.91954144099998,-6.22811679900002],[106.919079323,-6.227899332999982],[106.91861417899997,-6.227688422000028],[106.918146105,-6.227484108999988],[106.91767519199999,-6.227286434999996],[106.917201536,-6.2270954389999815],[106.91672523,-6.226911159999986],[106.91624637000001,-6.226733632999981],[106.91576505199998,-6.226562894999972],[106.91528137,-6.22639897900001],[106.91479542299999,-6.226241919000017],[106.914307307,-6.226091745000019],[106.91381711899999,-6.225948487999972],[106.91332495699999,-6.225812175999977],[106.91283091999998,-6.225682837000022],[106.912335106,-6.225560496000014],[106.91183761399998,-6.225445177999973],[106.911338543,-6.225336905000006],[106.91083799400002,-6.225235699999985],[106.91033606500002,-6.225141582999981],[106.90983285800002,-6.225054570999987],[106.90932847200003,-6.224974684000017],[106.908823009,-6.224901937000027],[106.90831656900002,-6.224836342999993],[106.90780925399997,-6.224777916999983],[106.90730116399999,-6.2247266699999955],[106.90679240100002,-6.224682611999981],[106.90628306600001,-6.224645753000004],[106.90577326200003,-6.224616098000013],[106.90526309,-6.224593654999978],[106.90475265200001,-6.2245784279999725],[106.90424205,-6.2245704200000205]]]},"properties":{"OBJECTID":193,"NAMOBJ":"Halim Perdanakusuma (HLP) - Kota Jakarta Timur","IDBNDR":"10","KODBNDR":"PHD02","KAWASAN":"Permukaan Horizontal Dalam","KEMIRINGAN":0,"LNDSNPC":null,"ELEVASI_1":46,"ELEVASI_2":46,"ELEVASIMSL_1":75.092,"ELEVASIMSL_2":75.092,"DISTANCE_1":465,"DISTANCE_2":4000,"REFMSL":null,"RUMUS":"-","KETERANGAN":null,"SHAPE.AREA":0.0026086183383851303,"SHAPE.LEN":0.22792079294313602}},{"type":"Feature","id":194,"geometry":{"type":"Polygon","coordinates":[[[106.88225164099998,-6.408042253000019],[106.88323784699998,-6.408009847000017],[106.88422379000002,-6.407970259000024],[106.88520941799999,-6.407923492000009],[106.88619467900003,-6.407869547000018],[106.88717952000002,-6.407808428999999],[106.88816388999999,-6.407740138999998],[106.88914773599998,-6.407664683000007],[106.89013100699998,-6.407582063000007],[106.89111364899998,-6.407492284],[106.892095611,-6.407395350999991],[106.89307684099998,-6.407291269999973],[106.89405728700001,-6.407180045000018],[106.89503689600002,-6.4070616820000055],[106.89601561799998,-6.406936189000021],[106.896993399,-6.406803570000022],[106.89797018899998,-6.406663835000018],[106.89894593399998,-6.406516989000011],[106.89992058500002,-6.40636304100002],[106.90089408900002,-6.406201999000018],[106.90186639299998,-6.406033870999977],[106.90283744800001,-6.405858667000018],[106.903807201,-6.40567639599999],[106.90477560099998,-6.405487067000024],[106.90574259700003,-6.405290690000015],[106.90670813700001,-6.4050872760000175],[106.90767217000001,-6.404876836000028],[106.908634645,-6.404659379999998],[106.90959551100002,-6.404434921000018],[106.91055471700002,-6.404203470000027],[106.91151221299998,-6.403965040000003],[106.91246794699998,-6.403719642999988],[106.913421868,-6.403467292000016],[106.91437392799997,-6.4032080000000065],[106.91532407300002,-6.402941782000028],[106.91627225600001,-6.4026686519999885],[106.917218424,-6.402388622999979],[106.91816252900003,-6.402101711],[106.91910452000002,-6.401807931999997],[106.920044346,-6.401507299999992],[106.92098195900002,-6.401199830999985],[106.92191730899998,-6.400885543000015],[106.92285034499997,-6.40056445099998],[106.92378101899999,-6.400236571999983],[106.92470928099999,-6.399901924999995],[106.92563508199999,-6.399560526000016],[106.92655837299998,-6.399212394000017],[106.92747910499997,-6.398857546999977],[106.92839722899998,-6.398496005000027],[106.929312697,-6.398127785999975],[106.93022545999997,-6.397752909000019],[106.93113546900003,-6.397371395999983],[106.93204267700003,-6.396983265000017],[106.93294703499998,-6.396588538000003],[106.933848496,-6.396187236000003],[106.93474701100001,-6.3957793789999755],[106.94509942000002,-6.391034513000022],[106.95002905400003,-6.38877500000001],[106.96038110699999,-6.384029912000017],[106.96127657800002,-6.383615490000011],[106.96216900799999,-6.383194558000014],[106.963058349,-6.3827671369999734],[106.963944556,-6.3823332520000235],[106.96482758100001,-6.381892923999999],[106.965707377,-6.381446175999997],[106.96658389800001,-6.380993034000028],[106.96745709700002,-6.380533519999972],[106.96832692800001,-6.380067659000019],[106.96919334400002,-6.37959547600002],[106.97005630000001,-6.379116995999993],[106.970915751,-6.378632243000027],[106.97177165,-6.378141244999995],[106.97262395199999,-6.377644026999974],[106.97347261300001,-6.377140613999984],[106.97431758599998,-6.376631035000003],[106.97515882800002,-6.376115315999982],[106.97599629400003,-6.375593483999978],[106.97682993900003,-6.375065566999979],[106.97765971899997,-6.374531592999972],[106.97848559099998,-6.373991590000003],[106.97930751000001,-6.373445586999992],[106.98012543300001,-6.372893612999974],[106.98093931699998,-6.372335696999983],[106.98174911799998,-6.371771868999986],[106.98255479400001,-6.371202159000006],[106.983356302,-6.370626596000022],[106.98415359900002,-6.37004521099999],[106.984946643,-6.369458036000026],[106.98573539300003,-6.368865100999983],[106.98651980599999,-6.368266437999978],[106.98729984099998,-6.3676620780000235],[106.98807545699998,-6.367052053000009],[106.98884661199997,-6.366436396999973],[106.98961326599999,-6.365815140999985],[106.99037537800001,-6.36518831799998],[106.99113290700001,-6.364555961999997],[106.991885814,-6.363918106000028],[106.99263405900001,-6.363274783999998],[106.99337760100002,-6.362626030000001],[106.99411640300002,-6.36197187800002],[106.994850423,-6.361312364000014],[106.995579625,-6.360647520999976],[106.996303968,-6.3599773860000255],[106.997023415,-6.35930199400002],[106.99773792799999,-6.358621380999978],[106.998447468,-6.357935581999982],[106.99915199899999,-6.357244633999983],[106.999851482,-6.356548573999987],[107.000545881,-6.3558474390000015],[107.00123515899998,-6.355141264999986],[107.00191927999998,-6.354430089999994],[107.00259820600002,-6.35371395300001],[107.00327190399997,-6.352992889999996],[107.00394033499998,-6.352266939999993],[107.00460346599999,-6.351536141999986],[107.00526126199998,-6.350800533999973],[107.00591368599999,-6.350060154999994],[107.00656070500003,-6.349315045000026],[107.007202285,-6.348565242999996],[107.007838392,-6.347810788000004],[107.00846899099997,-6.347051722000003],[107.009094049,-6.34628808299999],[107.009713535,-6.345519911999986],[107.01032741300003,-6.344747251000001],[107.01093565299999,-6.34397014000001],[107.01153822200001,-6.343188619999978],[107.01213508699999,-6.342402732999972],[107.01272621800001,-6.341612520000012],[107.01331158300002,-6.340818022999997],[107.01389115199999,-6.340019284999983],[107.01446489199998,-6.33921634699999],[107.01503277500001,-6.3384092520000195],[107.01559477,-6.337598043000014],[107.016150847,-6.33678276400002],[107.01670097700003,-6.335963456000002],[107.01724513099998,-6.335140163999995],[107.01778327900001,-6.3343129309999995],[107.018315395,-6.333481801999994],[107.01884144799999,-6.33264681899999],[107.01936141200002,-6.331808027000022],[107.01987525800001,-6.330965472000003],[107.020382961,-6.330119196999988],[107.020884492,-6.329269247000013],[107.02137982599999,-6.328415667000002],[107.02186893599998,-6.3275585029999775],[107.02235179600001,-6.326697799999977],[107.02282838100001,-6.325833602999978],[107.02329866500003,-6.3249659589999965],[107.02376262400003,-6.32409491300001],[107.024220233,-6.323220510999988],[107.02467146800001,-6.322342800999991],[107.02511630499998,-6.321461827000007],[107.02555472,-6.320577637999975],[107.02598669100001,-6.319690278999985],[107.02641219399999,-6.318799797999986],[107.02683120699999,-6.317906242999982],[107.02724370800001,-6.317009659000007],[107.02764967399997,-6.3161100959999885],[107.02804908600001,-6.315207600000008],[107.02844191999998,-6.314302220000002],[107.02882815700002,-6.3133940019999955],[107.02920777600002,-6.312482997000018],[107.02958075800001,-6.31156925099998],[107.02994708099999,-6.31065281299999],[107.03030672800003,-6.309733730999994],[107.030659679,-6.308812056000022],[107.03100591499998,-6.307887833999985],[107.031345418,-6.306961114999979],[107.03167817000002,-6.306031948999987],[107.03200415399999,-6.3051003840000135],[107.03232335199999,-6.304166469999984],[107.03263574699997,-6.303230256999996],[107.03294132299999,-6.302291792999995],[107.03324006399998,-6.301351129000011],[107.03353195400001,-6.300408313999981],[107.03381697700001,-6.29946339899999],[107.03409511900003,-6.298516432999975],[107.03436636499998,-6.297567467000022],[107.03463069999998,-6.296616551],[107.03488811,-6.295663735000005],[107.03513858299999,-6.29470907000001],[107.035382104,-6.293752605999998],[107.035618661,-6.292794393999998],[107.035848241,-6.291834484999981],[107.036070833,-6.290872928999988],[107.03628642400002,-6.289909777999981],[107.03649500300003,-6.288945082999987],[107.036696559,-6.287978893999991],[107.03689108100002,-6.287011263000011],[107.03707856,-6.286042241000018],[107.037258985,-6.285071879999975],[107.03743234699999,-6.284100229999979],[107.03759863599998,-6.283127343999979],[107.037757844,-6.282153272000016],[107.037909963,-6.281178066999985],[107.03805498399998,-6.280201780000027],[107.03819290000001,-6.279224462999991],[107.038323703,-6.27824616700002],[107.03844738800001,-6.277266945000008],[107.03856394600001,-6.276286847999984],[107.038673372,-6.275305928000023],[107.03877566099999,-6.274324236999973],[107.03887080599998,-6.273341827000024],[107.038958804,-6.272358751000013],[107.03903964900002,-6.271375060000025],[107.03911333600001,-6.270390804999977],[107.03917986300002,-6.269406041000025],[107.039239226,-6.268420817999981],[107.03929142099997,-6.267435189000025],[107.039336446,-6.266449205000015],[107.03937429799998,-6.2654629200000045],[107.03940497600001,-6.2644763860000126],[107.03942847799999,-6.263489654000011],[107.03944480299998,-6.262502777000009],[107.03945395,-6.261515807000023],[107.03945591799999,-6.260528797000006],[107.039450708,-6.259541798999976],[107.039438319,-6.258554864000018],[107.039418753,-6.257568046000017],[107.03939201100002,-6.256581396999991],[107.03935809299998,-6.255594968000025],[107.03931700200002,-6.254608813000004],[107.039268741,-6.253622982000024],[107.03921331100003,-6.252637529000026],[107.039150715,-6.251652506000028],[107.039080958,-6.250667964999991],[107.03900404199999,-6.249683957999991],[107.03891997199997,-6.248700536999991],[107.03882875199997,-6.247717754000007],[107.03873038699999,-6.246735661000002],[107.03862488300001,-6.245754310999985],[107.03851224499999,-6.244773754999983],[107.03839247899998,-6.243794045000016],[107.03826559100003,-6.2428152329999875],[107.03813158899999,-6.241837370999974],[107.03799047899997,-6.2408605100000045],[107.03784226800002,-6.239884702999973],[107.03768696600002,-6.238910001000022],[107.03752457899998,-6.237936456],[107.037355117,-6.2369641189999925],[107.03717858800002,-6.235993040999972],[107.03699500300002,-6.235023275000003],[107.03680437000003,-6.234054871000012],[107.03660670099998,-6.233087881000017],[107.03640200400002,-6.232122355999991],[107.03619029200001,-6.231158348000008],[107.03597157500002,-6.230195906000006],[107.03574586600001,-6.229235082000002],[107.035513176,-6.228275928000016],[107.03527351700001,-6.227318492999984],[107.03502690200003,-6.2263628289999815],[107.03477334500002,-6.225408985999991],[107.03451285800003,-6.2244570149999845],[107.03451280299998,-6.224456812000028],[106.96199479900002,-6.245378511000013],[106.956375627,-6.2469996620000074],[106.95637662899998,-6.247003584000026],[106.95653159400001,-6.2476104570000075],[106.95667954499999,-6.248219080000013],[106.95682046500002,-6.248829371999989],[106.95695433399999,-6.2494412510000075],[106.95708113400002,-6.250054636000016],[106.95720084800001,-6.250669445000028],[106.95731346100001,-6.251285596000002],[106.95741895600003,-6.25190300700001],[106.95751732100001,-6.252521596000008],[106.957608542,-6.253141280000023],[106.95769260700001,-6.253761976000021],[106.95776950499999,-6.254383603000008],[106.957839224,-6.255006075999972],[106.957901757,-6.255629313999975],[106.95795709499998,-6.256253232000006],[106.95800522899998,-6.256877748000022],[106.95804615499998,-6.257502778999992],[106.95807986599999,-6.2581282410000085],[106.95810635700002,-6.258754049999993],[106.95812562600003,-6.2593801240000175],[106.95813766999999,-6.260006379000004],[106.95814248599999,-6.260632730999987],[106.95814007500002,-6.261259096999993],[106.95813043700002,-6.261885393],[106.958113572,-6.262511537000023],[106.95808948400003,-6.263137443000005],[106.95805817500002,-6.263763030000007],[106.958019649,-6.264388213000018],[106.957973912,-6.265012909999996],[106.95792096999998,-6.265637035999987],[106.95786083000002,-6.266260509000006],[106.95779349899999,-6.26688324600002],[106.95771898599997,-6.26750516300001],[106.95763730200002,-6.268126177999989],[106.95754845800002,-6.268746206999992],[106.95745246500002,-6.269365169000025],[106.957349336,-6.269982980999998],[106.95723908399998,-6.270599559999994],[106.95712172499998,-6.271214824000026],[106.956997274,-6.271828690999996],[106.956865747,-6.272441078999975],[106.95672716299998,-6.273051907000024],[106.95658153900001,-6.273661092999987],[106.95642889499999,-6.274268554999992],[106.95626925099998,-6.274874214000022],[106.95610262899999,-6.275477987999977],[106.95592905000001,-6.276079797000023],[106.95574853900001,-6.276679559999991],[106.95556111799999,-6.277277196999989],[106.95536681300001,-6.277872629000001],[106.95516564899998,-6.278465777000008],[106.954957654,-6.279056561000004],[106.954742856,-6.279644901999973],[106.95452128199997,-6.280230721999999],[106.95429296200001,-6.280813943999988],[106.95405792700001,-6.2813944879999895],[106.95381620900002,-6.281972279000001],[106.95356783800003,-6.2825472380000065],[106.95331284899999,-6.2831192890000125],[106.953051275,-6.283688356000027],[106.952783152,-6.284254363000002],[106.95250851399999,-6.284817234999991],[106.95222739899998,-6.2853768960000025],[106.95193984299999,-6.285933270999976],[106.951645886,-6.286486287999992],[106.95134556699998,-6.2870358710000005],[106.95103892499998,-6.287581948000025],[106.95072600100002,-6.288124444999994],[106.950406837,-6.288663290999978],[106.95008147599998,-6.289198413000008],[106.94974996100001,-6.289729740999974],[106.94941233600002,-6.29025720300001],[106.949068646,-6.290780729000005],[106.94871893700002,-6.291300250000006],[106.948363256,-6.291815695000025],[106.94800164899999,-6.292326995999986],[106.947634166,-6.292834086000028],[106.94726085500002,-6.293336896000028],[106.946881765,-6.293835359000013],[106.946496948,-6.2943294089999995],[106.946106455,-6.294818980000002],[106.94571033800003,-6.295304007000027],[106.94530864900003,-6.295784425000022],[106.944901442,-6.296260169999982],[106.94448877100001,-6.296731178000016],[106.94407069200003,-6.297197386999983],[106.94364725999998,-6.297658735000027],[106.943218532,-6.298115160000009],[106.94278456400002,-6.298566600000015],[106.94234541499998,-6.299012996999977],[106.941901143,-6.299454290000028],[106.94145180700002,-6.299890420999986],[106.94099746799998,-6.300321331000021],[106.94053818499998,-6.300746963999984],[106.94007402099999,-6.301167260999989],[106.93960503599999,-6.301582166999992],[106.93913129399999,-6.301991627000007],[106.93865285700002,-6.302395586999978],[106.93816979000002,-6.302793991999977],[106.93768215699998,-6.303186788999994],[106.93719002199998,-6.303573925000023],[106.93669345199999,-6.303955350000024],[106.93619251199999,-6.304331011999977],[106.93568727000002,-6.304700862000004],[106.93517779299998,-6.3050648490000185],[106.93466414900001,-6.305422925000016],[106.93414640499998,-6.305775042999983],[106.93362463199998,-6.306121156000017],[106.93309889900002,-6.306461216999992],[106.93256927599998,-6.306795180999984],[106.93203583299999,-6.307123004000005],[106.93149864200001,-6.307444641000018],[106.93095777399998,-6.3077600510000025],[106.93041330099999,-6.308069190000026],[106.92986529699999,-6.308372018],[106.92931383400003,-6.308668494000017],[106.928758985,-6.308958578999977],[106.92820082499998,-6.30924223400001],[106.92763942800002,-6.309519420000015],[106.92707486799998,-6.309790103000012],[106.926507222,-6.310054244000014],[106.91615592599999,-6.3147983119999935],[106.91122665400002,-6.317057338999973],[106.90087500599998,-6.321801186000016],[106.900304317,-6.322058731000027],[106.89995710699998,-6.3222106179999855],[106.89996230499997,-6.323102027999994],[106.89996329899998,-6.324456790999989],[106.899957384,-6.325811541999997],[106.89994456199997,-6.327166244000011],[106.899924833,-6.328520862999994],[106.89989819700003,-6.3298753639999745],[106.89986465599998,-6.331229710999992],[106.89982420899997,-6.332583869000018],[106.899776858,-6.333937804000016],[106.89972260399998,-6.335291478999977],[106.89966144700003,-6.336644858999989],[106.899593391,-6.337997909000023],[106.899518436,-6.339350594999985],[106.89943658499999,-6.340702881000027],[106.89934784000002,-6.3420547299999726],[106.89925220200001,-6.343406109999989],[106.899149674,-6.344756983000025],[106.89904025999999,-6.346107317000019],[106.89892396099998,-6.347457072999987],[106.89880077999999,-6.348806218999982],[106.89867072200002,-6.350154718999988],[106.89853378800001,-6.351502536999988],[106.89838998200003,-6.352849638999999],[106.89823931000001,-6.354195988000015],[106.898081773,-6.355541551999977],[106.897917377,-6.356886294999981],[106.89774612399998,-6.358230180000021],[106.89756802099998,-6.359573173999991],[106.89745892500002,-6.360477445000015],[106.89734374699998,-6.3613809600000195],[106.89722249300002,-6.362283678999972],[106.89709516900001,-6.363185562000012],[106.89696177899998,-6.364086567000015],[106.89682232899997,-6.364986653000017],[106.896670589,-6.36592349],[106.89651228499997,-6.366859239000007],[106.896347424,-6.367793855000002],[106.89617601499998,-6.368727289999981],[106.895998066,-6.369659501000001],[106.89581358700002,-6.370590439000011],[106.89562258500001,-6.3715200610000124],[106.89542506999999,-6.372448319],[106.895221053,-6.373375168999985],[106.89501166299999,-6.374295711000002],[106.894795859,-6.375214770000014],[106.89457365099997,-6.376132299999995],[106.89434504899998,-6.377048257000013],[106.894110065,-6.377962595999975],[106.893868709,-6.378875272000016],[106.89362099300001,-6.379786242000023],[106.893366931,-6.380695461000016],[106.89310653299998,-6.381602884000017],[106.89290371099997,-6.382293624999988],[106.89269721900001,-6.382983277999983],[106.892487061,-6.383671821999997],[106.89220680199998,-6.384535072000006],[106.891920717,-6.385396405999984],[106.89162882,-6.386255788000028],[106.89133112399998,-6.387113177000003],[106.891027641,-6.387968532999992],[106.89071838699999,-6.388821818999986],[106.890403375,-6.389672994000023],[106.890082619,-6.390522019000002],[106.88975613399998,-6.391368856999975],[106.88942393500002,-6.392213468000023],[106.88906820099999,-6.393099826000025],[106.88870617399999,-6.39398362899999],[106.88833787300001,-6.394864835000021],[106.88796331499998,-6.395743397999979],[106.88758252000002,-6.396619273999988],[106.88719550600001,-6.397492419000002],[106.88680229599998,-6.398362788999975],[106.886402906,-6.399230338999985],[106.88599735700001,-6.400095024999985],[106.88558567199999,-6.400956805000021],[106.88516786899999,-6.401815634000002],[106.88474396999999,-6.4026714689999835],[106.884313996,-6.403524265999977],[106.88387797000001,-6.404373983000028],[106.88343591199998,-6.4052205759999765],[106.88298784599999,-6.406064002999983],[106.88253379399998,-6.406904220999991],[106.882073779,-6.407741186999999],[106.88190049000002,-6.408051231999991],[106.88225164099998,-6.408042253000019]]]},"properties":{"OBJECTID":194,"NAMOBJ":"Halim Perdanakusuma (HLP) - Kota Jakarta Timur","IDBNDR":"10","KODBNDR":"PHL01","KAWASAN":"Permukaan Horizontal Luar","KEMIRINGAN":0,"LNDSNPC":null,"ELEVASI_1":151,"ELEVASI_2":151,"ELEVASIMSL_1":180.092,"ELEVASIMSL_2":180.092,"DISTANCE_1":6000,"DISTANCE_2":15100,"REFMSL":null,"RUMUS":"-","KETERANGAN":null,"SHAPE.AREA":0.0151217026755449,"SHAPE.LEN":0.549341353868906}},{"type":"Feature","id":195,"geometry":{"type":"Polygon","coordinates":[[[106.86325365800002,-6.239596990999985],[106.85573116500001,-6.223155377000012],[106.85516353999998,-6.223419423999985],[106.85459899900002,-6.2236900130000095],[106.854037618,-6.223967105999975],[106.85347947000002,-6.224250666999978],[106.85292463000002,-6.2245406580000235],[106.85237317299999,-6.224837040000011],[106.85182517200002,-6.225139775000002],[106.85128069899997,-6.225448820999986],[106.85073982799997,-6.225764137999988],[106.85020263000001,-6.226085683000008],[106.849669178,-6.226413412999989],[106.849139541,-6.226747285999977],[106.84861379199998,-6.227087256000004],[106.84809199900002,-6.227433277999978],[106.84757423399998,-6.227785304999998],[106.84706056300001,-6.228143292000027],[106.846551057,-6.228507190000016],[106.84604578300002,-6.228876951000018],[106.845544808,-6.229252525999982],[106.84504819900002,-6.229633863999993],[106.844556023,-6.230020914000022],[106.84406834499998,-6.230413625999972],[106.84358522899998,-6.230811946000017],[106.84310674099999,-6.231215822000024],[106.84263294499999,-6.231625199000007],[106.84216390300003,-6.232040024000014],[106.84169967700001,-6.2324602410000125],[106.841240331,-6.23288579299998],[106.84078592499998,-6.233316624999986],[106.840336519,-6.2337526779999735],[106.839892174,-6.234193894999976],[106.83945294900002,-6.234640216999992],[106.83901890200002,-6.235091583999974],[106.838590092,-6.235547935999989],[106.838166575,-6.236009211999999],[106.83774840799998,-6.236475351000024],[106.83733564699997,-6.236946290999981],[106.83692834700003,-6.2374219690000245],[106.83652656100003,-6.237902320999979],[106.83613034500002,-6.238387283000009],[106.83573975000002,-6.238876791999985],[106.83535482799999,-6.239370780000002],[106.83497563200001,-6.239869183999986],[106.834602211,-6.240371935999974],[106.834234616,-6.240878968000004],[106.83387289400002,-6.241390215000024],[106.83351709599998,-6.241905606999978],[106.83316726700002,-6.242425076000018],[106.83282345600003,-6.242948551999973],[106.832485706,-6.243475966000005],[106.832154065,-6.244007247000013],[106.83182857499997,-6.244542324999998],[106.83150928100002,-6.245081127999981],[106.831196224,-6.245623583999986],[106.830889447,-6.246169622000025],[106.83058899100001,-6.246719168000027],[106.83029489500001,-6.247272147999979],[106.83000719900002,-6.247828491000007],[106.82972594099999,-6.2483881200000155],[106.82945115899997,-6.248950961999981],[106.82918289000003,-6.249516941000024],[106.82892116900001,-6.250085981999973],[106.82866603100001,-6.250658009000006],[106.82841751000001,-6.251232947000005],[106.828175639,-6.251810717000012],[106.82794045100002,-6.252391244000023],[106.82771197699998,-6.252974449000021],[106.82749024700001,-6.253560256000014],[106.82727529200002,-6.254148584999996],[106.82706713900001,-6.254739358999984],[106.826865817,-6.255332499000019],[106.826671352,-6.255927926000027],[106.82648377100003,-6.256525559000011],[106.82630309799998,-6.25712532],[106.82612935700001,-6.2577271289999885],[106.82596257199998,-6.258330906000026],[106.82580276499999,-6.258936569000014],[106.825649957,-6.259544038000001],[106.825504169,-6.260153231999993],[106.82536542000003,-6.260764070999983],[106.82523372899999,-6.2613764710000055],[106.825109113,-6.261990352999987],[106.82499158899998,-6.2626056340000105],[106.824881173,-6.263222230999986],[106.82477787900001,-6.263840062999975],[106.82468172099999,-6.264459047999992],[106.82459271200003,-6.265079102000016],[106.82451086399999,-6.265700143000004],[106.824436187,-6.2663220890000275],[106.824368693,-6.266944856000009],[106.82430838900001,-6.26756836200002],[106.824255284,-6.2681925219999926],[106.824209386,-6.268817254999988],[106.82417069899998,-6.269442475999995],[106.82413923000001,-6.270068103000028],[106.82411498200003,-6.270694051000021],[106.82409795900003,-6.271320237999987],[106.82408816399999,-6.271946580000019],[106.82408559599997,-6.272572992999983],[106.82409025800001,-6.273199395000006],[106.82410214800001,-6.273825699999975],[106.82412126399998,-6.274451827000007],[106.82414760500001,-6.275077689999989],[106.82418116600002,-6.275703207999982],[106.824221943,-6.276328295999974],[106.824269931,-6.276952870999992],[106.82432512399998,-6.277576850000003],[106.82438751400002,-6.278200149999975],[106.82445709199999,-6.278822687999991],[106.82453385000002,-6.279444378999983],[106.824617778,-6.280065143000002],[106.82470886300001,-6.280684894999979],[106.82480709499998,-6.281303553999976],[106.82491245900002,-6.281921036000028],[106.82502494300002,-6.28253725899998],[106.82514452999999,-6.283152142000006],[106.82527120499998,-6.283765602000017],[106.82540495199999,-6.2843775570000275],[106.82554575199998,-6.284987926999975],[106.825693586,-6.2855966280000075],[106.82584742,-6.2861995989999855],[106.82891808699998,-6.285314697999979],[106.84322171100001,-6.281192695000016],[106.84310291600002,-6.280699082000012],[106.84299037,-6.280200592000028],[106.84288487600003,-6.279700561000027],[106.84278645400002,-6.279199086999995],[106.842695123,-6.278696271999991],[106.84261090299998,-6.2781922159999795],[106.84253380899997,-6.277687018999984],[106.84246385699998,-6.277180783000006],[106.84240106099998,-6.27667360800001],[106.84234543399998,-6.2761655959999985],[106.84229698600001,-6.275656847999983],[106.842255728,-6.275147466000021],[106.84222166799998,-6.274637551000012],[106.84219481100001,-6.274127205000013],[106.84217516400003,-6.273616531000016],[106.84216273099997,-6.273105629999975],[106.84215751400001,-6.272594604000005],[106.842159514,-6.272083554999995],[106.84216873100002,-6.271572585999991],[106.84218516200002,-6.271061797000016],[106.84220880499998,-6.270551292999983],[106.84223965400002,-6.270041172999981],[106.84227770400003,-6.269531540999992],[106.84232294700001,-6.26902249699998],[106.84237537400003,-6.268514143999994],[106.84243497400001,-6.268006582999988],[106.84250173599997,-6.26749991600002],[106.84257564500001,-6.266994242999999],[106.84265668799998,-6.266489664999995],[106.842744848,-6.265986284000007],[106.84284010800002,-6.265484200000003],[106.84294244799997,-6.264983513000004],[106.84305184800002,-6.2644843229999765],[106.84316828599998,-6.26398672900001],[106.843291739,-6.263490832000002],[106.84342218199998,-6.262996729999998],[106.843559589,-6.262504520999983],[106.84370393299997,-6.26201430499998],[106.843855185,-6.261526177999997],[106.844013314,-6.26104023900001],[106.84417829,-6.260556584000028],[106.84435007799999,-6.260075309999991],[106.84452864500003,-6.259596514000009],[106.84471395499997,-6.2591202899999985],[106.844905971,-6.258646732999978],[106.845104655,-6.258175939000012],[106.845309966,-6.257708002000015],[106.84552186500002,-6.257243013999982],[106.84574030800002,-6.256781068999999],[106.84596525299997,-6.256322259000001],[106.84619665299999,-6.255866674999993],[106.84643446299998,-6.255414407999979],[106.84667863499999,-6.254965549000019],[106.84692912100002,-6.254520188000015],[106.84718587100002,-6.254078413000002],[106.847448832,-6.253640312000016],[106.84771795400002,-6.253205972999979],[106.84799318099999,-6.2527754829999935],[106.84827445899998,-6.252348927000014],[106.848561733,-6.251926391999973],[106.84885494299999,-6.251507960000026],[106.84915403299999,-6.251093716000014],[106.84945894100002,-6.250683741999978],[106.84976960799997,-6.250278121000008],[106.850085971,-6.249876932999996],[106.85040796800001,-6.2494802580000055],[106.85073553199999,-6.249088175999987],[106.85106860100001,-6.248700763999977],[106.85140710600001,-6.248318100999995],[106.85175098000002,-6.247940261999986],[106.85210015400003,-6.247567322999998],[106.85245456000001,-6.247199358999978],[106.85281412500001,-6.246836442000017],[106.85317877900002,-6.246478646000014],[106.85354844800003,-6.246126041000025],[106.85392305900001,-6.245778699000027],[106.85430253599998,-6.245436687999984],[106.85468680499997,-6.245100077000018],[106.85507578800002,-6.244768932999989],[106.85546940699999,-6.2444433229999845],[106.85586758400001,-6.24412331000002],[106.85627024000001,-6.243808958999978],[106.85667729400001,-6.243500332999986],[106.85708866499999,-6.243197494000015],[106.85750426999999,-6.242900501000008],[106.85792402700002,-6.242609414000015],[106.85834785200001,-6.242324291999978],[106.85877565999999,-6.242045190999988],[106.85920736600002,-6.241772165999976],[106.85964288399998,-6.241505272999973],[106.86008212600001,-6.241244564999988],[106.86052500599999,-6.2409900929999935],[106.86097143400002,-6.240741909000008],[106.86142132100002,-6.240500062000024],[106.86187457800003,-6.240264599999989],[106.86233111400003,-6.240035571000021],[106.86279083699998,-6.239813018999996],[106.86325365800002,-6.239596990999985]]]},"properties":{"OBJECTID":195,"NAMOBJ":"Halim Perdanakusuma (HLP) - Kota Jakarta Timur","IDBNDR":"10","KODBNDR":"PK04","KAWASAN":"Permukaan Kerucut","KEMIRINGAN":5,"LNDSNPC":null,"ELEVASI_1":46,"ELEVASI_2":146,"ELEVASIMSL_1":75.092,"ELEVASIMSL_2":175.092,"DISTANCE_1":4000,"DISTANCE_2":6000,"REFMSL":null,"RUMUS":"RUMUS 5","KETERANGAN":null,"SHAPE.AREA":0.0011373146778596598,"SHAPE.LEN":0.162009665941932}},{"type":"Feature","id":196,"geometry":{"type":"Polygon","coordinates":[[[106.88888380399999,-6.2278528119999805],[106.88136089900001,-6.211411747],[106.87101060200001,-6.216154475999986],[106.866081807,-6.218412865999994],[106.85573116500001,-6.223155377000012],[106.86325365800002,-6.239596990999985],[106.87360446600002,-6.234854258999974],[106.87853334099998,-6.232595763000006],[106.88888380399999,-6.2278528119999805]]]},"properties":{"OBJECTID":196,"NAMOBJ":"Halim Perdanakusuma (HLP) - Kota Jakarta Timur","IDBNDR":"10","KODBNDR":"PK05","KAWASAN":"Permukaan Kerucut","KEMIRINGAN":5,"LNDSNPC":null,"ELEVASI_1":46,"ELEVASI_2":146,"ELEVASIMSL_1":75.092,"ELEVASIMSL_2":175.092,"DISTANCE_1":4000,"DISTANCE_2":6000,"REFMSL":null,"RUMUS":"RUMUS 1","KETERANGAN":null,"SHAPE.AREA":0.0005097364112659391,"SHAPE.LEN":0.092546090628015}},{"type":"Feature","id":197,"geometry":{"type":"Polygon","coordinates":[[[107.03616899899998,-6.223978993999992],[107.02939495300001,-6.209185193999986],[107.02939491299998,-6.209185212000023],[106.96729420899999,-6.2376563390000115],[106.959992258,-6.241004042999975],[106.95999289000002,-6.24100542299999],[106.96199479900002,-6.245378511000013],[107.03451280299998,-6.224456812000028],[107.03616899899998,-6.223978993999992]]]},"properties":{"OBJECTID":197,"NAMOBJ":"Halim Perdanakusuma (HLP) - Kota Jakarta Timur","IDBNDR":"10","KODBNDR":"APLL2410","KAWASAN":"Ancangan Pendaratan dan Lepas Landas","KEMIRINGAN":0,"LNDSNPC":null,"ELEVASI_1":151,"ELEVASI_2":151,"ELEVASIMSL_1":180.092,"ELEVASIMSL_2":180.092,"DISTANCE_1":6554,"DISTANCE_2":15000,"REFMSL":null,"RUMUS":"-","KETERANGAN":null,"SHAPE.AREA":0.000804799003641856,"SHAPE.LEN":0.17463045379801298}},{"type":"Feature","id":198,"geometry":{"type":"Polygon","coordinates":[[[106.90443726799998,-6.206488890000003],[106.903811356,-6.206486650999977],[106.90318545999997,-6.206491643999982],[106.90255966299998,-6.2065038690000165],[106.90193404799999,-6.206523322999999],[106.90130870000002,-6.206550004999997],[106.9006837,-6.206583910000006],[106.900059134,-6.206625035000002],[106.89943508300001,-6.206673373000001],[106.898811631,-6.206728919],[106.898188861,-6.206791663999979],[106.89756685600003,-6.206861601000014],[106.89694569900001,-6.206938719999982],[106.89632547299999,-6.20702301099999],[106.89570626,-6.207114462999982],[106.89508814300001,-6.207213063999973],[106.894471205,-6.2073187990000065],[106.89385552800002,-6.207431656999972],[106.893241193,-6.207551620000004],[106.89262828199998,-6.207678674000022],[106.89201687799999,-6.207812800999989],[106.89140706199998,-6.207953982999982],[106.890798915,-6.2081022020000205],[106.89019251799999,-6.208257439000022],[106.889587952,-6.2084196710000015],[106.88898529699998,-6.2085888780000005],[106.88838463500002,-6.208765036999978],[106.887786044,-6.208948125000006],[106.887189605,-6.209138117000009],[106.886595398,-6.209334988000023],[106.88600350000002,-6.209538710999993],[106.88541399299999,-6.209749260000024],[106.88482695300002,-6.209966606000023],[106.884242459,-6.210190721000004],[106.88366058999998,-6.210421574999998],[106.88308142199998,-6.210659136000004],[106.88250503299997,-6.210903373999997],[106.88193150000001,-6.211154254999997],[106.88136089900001,-6.211411747],[106.88888380399999,-6.2278528119999805],[106.88934960199998,-6.227643332000014],[106.88981831000001,-6.227440460000025],[106.89028983600002,-6.227244235000001],[106.89076408599999,-6.227054695999982],[106.89124096400002,-6.226871883000001],[106.89172037499998,-6.226695830999972],[106.89220222300003,-6.22652657499998],[106.89268641299998,-6.2263641490000055],[106.893172848,-6.226208584999995],[106.89366143000001,-6.226059915999997],[106.89415206299998,-6.2259181690000105],[106.894644647,-6.225783374000002],[106.89513908599997,-6.225655558000028],[106.89563527899998,-6.2255347450000045],[106.89613312799997,-6.2254209609999975],[106.89663253399999,-6.225314227000013],[106.897133397,-6.2252145649999875],[106.89763561699999,-6.225121995999984],[106.898139093,-6.225036536000005],[106.89864372599999,-6.224958205000007],[106.89914941400002,-6.224887016000025],[106.89965605600003,-6.224822985000003],[106.90016355099999,-6.224766123999984],[106.90067179900001,-6.224716445000013],[106.90118069699997,-6.224673956000004],[106.90169014399999,-6.224638668000011],[106.90220003799999,-6.224610586999972],[106.90271027799997,-6.224589718000004],[106.903220761,-6.224576065000008],[106.903731386,-6.224569631999998],[106.90424205,-6.2245704200000205],[106.90475265200001,-6.2245784279999725],[106.90526309,-6.224593654999978],[106.90577326200003,-6.224616098000013],[106.90628306600001,-6.224645753000004],[106.90679240100002,-6.224682611999981],[106.90730116399999,-6.2247266699999955],[106.90780925399997,-6.224777916999983],[106.90831656900002,-6.224836342999993],[106.908823009,-6.224901937000027],[106.90932847200003,-6.224974684000017],[106.90983285800002,-6.225054570999987],[106.91033606500002,-6.225141582999981],[106.91083799400002,-6.225235699999985],[106.911338543,-6.225336905000006],[106.91183761399998,-6.225445177999973],[106.912335106,-6.225560496000014],[106.91283091999998,-6.225682837000022],[106.91332495699999,-6.225812175999977],[106.91381711899999,-6.225948487999972],[106.914307307,-6.226091745000019],[106.91479542299999,-6.226241919000017],[106.91528137,-6.22639897900001],[106.91576505199998,-6.226562894999972],[106.91624637000001,-6.226733632999981],[106.91672523,-6.226911159999986],[106.917201536,-6.2270954389999815],[106.91767519199999,-6.227286434999996],[106.918146105,-6.227484108999988],[106.91861417899997,-6.227688422000028],[106.919079323,-6.227899332999982],[106.91954144099998,-6.22811679900002],[106.92000044399998,-6.2283407780000175],[106.92045623799999,-6.228571224000007],[106.92090873299998,-6.228808092000008],[106.921357839,-6.229051334000019],[106.92180346599997,-6.229300901999977],[106.922245524,-6.229556746000014],[106.92268392599999,-6.229818814999987],[106.923118585,-6.230087056000002],[106.923549412,-6.230361415999994],[106.92397632299998,-6.230641841000022],[106.92439923199998,-6.230928273000018],[106.924818055,-6.231220656999994],[106.92523270800001,-6.231518933000018],[106.92564310900002,-6.231823041999974],[106.92604917400001,-6.232132923999984],[106.92645082400003,-6.232448515999977],[106.92684797800001,-6.232769755999982],[106.927240557,-6.233096579000005],[106.92762848299998,-6.233428919999994],[106.92801167699997,-6.233766713000023],[106.92839006399998,-6.234109890000013],[106.92876356699998,-6.234458383000003],[106.92913211400003,-6.234812122999983],[106.92949562899997,-6.235171036999986],[106.92985404000001,-6.235535056000003],[106.93020727499999,-6.235904106000021],[106.93055526500001,-6.236278114000015],[106.93089794000002,-6.236657004999984],[106.93123523100002,-6.237040702999991],[106.93156707000003,-6.237429130999999],[106.931893393,-6.237822213000015],[106.932214133,-6.238219868999977],[106.93252922599999,-6.238622021000026],[106.93283860999998,-6.239028587000007],[106.93314222200001,-6.239439488000016],[106.93343815100002,-6.239852058999986],[106.94651922100002,-6.2313046159999885],[106.94857479299998,-6.229961462999995],[106.94821901099999,-6.2294508819999805],[106.947855087,-6.22894125900001],[106.94748530700002,-6.228435875000002],[106.947109722,-6.227934796999989],[106.94672838100001,-6.227438092],[106.946341335,-6.226945826000019],[106.94594863600003,-6.226458063999985],[106.94555033500001,-6.225974871999995],[106.94514648699999,-6.225496313999997],[106.94473714499998,-6.225022453999998],[106.94432236300003,-6.224553355000012],[106.943902197,-6.224089079999999],[106.94347670299999,-6.223629689999996],[106.94304593700002,-6.2231752459999825],[106.942609957,-6.222725809999986],[106.94216882199999,-6.222281441000007],[106.941722589,-6.22184219799999],[106.94127131800002,-6.221408139999994],[106.94081507099997,-6.220979324999973],[106.94035390599998,-6.220555810000008],[106.93988788600001,-6.220137652000005],[106.939417074,-6.219724905000021],[106.93894153100001,-6.21931762600002],[106.93846132099998,-6.2189158680000105],[106.93797650800002,-6.21851968499999],[106.93748715700002,-6.2181291300000225],[106.93699333400002,-6.217744255000014],[106.93649510199998,-6.217365110999992],[106.93599253100001,-6.2169917489999875],[106.935485685,-6.216624218999982],[106.93497463300002,-6.21626256899998],[106.93445944299998,-6.215906846999985],[106.933940184,-6.215557101999991],[106.93341692400003,-6.215213380000023],[106.93288973400001,-6.2148757260000025],[106.93235868400001,-6.2145441850000225],[106.931823845,-6.214218802999994],[106.93128528699998,-6.213899621999985],[106.93074308299998,-6.213586684000006],[106.93019730499998,-6.213280032],[106.929648026,-6.212979705999999],[106.929095319,-6.212685747000023],[106.92853925700001,-6.212398193000013],[106.92797991499998,-6.21211708200002],[106.92741736699998,-6.2118424540000206],[106.92685168899999,-6.211574342999995],[106.92628295499998,-6.211312786000008],[106.92571124199998,-6.211057816999983],[106.925136625,-6.210809471000005],[106.924559181,-6.210567781000009],[106.92397898799999,-6.210332778999998],[106.92339612299997,-6.210104494999996],[106.92281066200002,-6.209882961999995],[106.92222268500001,-6.209668207999982],[106.92163226999998,-6.209460261000004],[106.921039495,-6.20925914999998],[106.920444439,-6.209064902000023],[106.91984718200001,-6.208877540999993],[106.91924780300002,-6.2086970940000015],[106.91864638200002,-6.208523583999977],[106.91804300000001,-6.208357035000006],[106.91743773600001,-6.20819746799998],[106.916830672,-6.208044905000008],[106.91622188899998,-6.207899366999982],[106.91561146599997,-6.207760871999994],[106.91499948699999,-6.207629439000016],[106.91438603199998,-6.207505086000026],[106.913771183,-6.207387829000027],[106.91315502200001,-6.207277684000019],[106.91253763200001,-6.207174665000025],[106.91191909399998,-6.207078787],[106.91129949100002,-6.2069900619999885],[106.91067890599999,-6.206908501999976],[106.91005742099998,-6.2068341180000175],[106.90943511900002,-6.206766919000017],[106.90881208299999,-6.206706914999984],[106.90818839600001,-6.206654114000003],[106.90756414200001,-6.2066085220000105],[106.90693940300002,-6.206570146999979],[106.90631426300001,-6.206538991999992],[106.90568880500001,-6.206515061999994],[106.905063112,-6.206498361000001],[106.90443726799998,-6.206488890000003]]]},"properties":{"OBJECTID":198,"NAMOBJ":"Halim Perdanakusuma (HLP) - Kota Jakarta Timur","IDBNDR":"10","KODBNDR":"PK06","KAWASAN":"Permukaan Kerucut","KEMIRINGAN":5,"LNDSNPC":null,"ELEVASI_1":46,"ELEVASI_2":146,"ELEVASIMSL_1":75.092,"ELEVASIMSL_2":175.092,"DISTANCE_1":4000,"DISTANCE_2":6000,"REFMSL":null,"RUMUS":"RUMUS 4","KETERANGAN":null,"SHAPE.AREA":0.00113714634858568,"SHAPE.LEN":0.161954146981441}},{"type":"Feature","id":199,"geometry":{"type":"Polygon","coordinates":[[[107.02600805100002,-6.201788239999985],[107.02487916400003,-6.199322552000012],[107.02487912499998,-6.1993225699999925],[106.96277899799998,-6.227792885999975],[106.962779765,-6.227794560999996],[106.96729420899999,-6.2376563390000115],[107.02939491299998,-6.209185212000023],[107.02939495300001,-6.209185193999986],[107.02826594499999,-6.206719561],[107.02600805100002,-6.201788239999985]]]},"properties":{"OBJECTID":199,"NAMOBJ":"Halim Perdanakusuma (HLP) - Kota Jakarta Timur","IDBNDR":"10","KODBNDR":"APLL2411","KAWASAN":"Ancangan Pendaratan dan Lepas Landas","KEMIRINGAN":0,"LNDSNPC":null,"ELEVASI_1":151,"ELEVASI_2":151,"ELEVASIMSL_1":180.092,"ELEVASIMSL_2":180.092,"DISTANCE_1":7443,"DISTANCE_2":15000,"REFMSL":null,"RUMUS":"-","KETERANGAN":null,"SHAPE.AREA":0.000741058805602142,"SHAPE.LEN":0.15832672420263}},{"type":"Feature","id":200,"geometry":{"type":"Polygon","coordinates":[[[107.02487916400003,-6.199322552000012],[107.01810584600003,-6.184528425999986],[107.01666266299998,-6.185471431999986],[106.953472524,-6.226761183999997],[106.95347421999998,-6.226764890000027],[106.955477116,-6.2311404939999875],[106.96277899799998,-6.227792885999975],[107.02487912499998,-6.1993225699999925],[107.02487916400003,-6.199322552000012]]]},"properties":{"OBJECTID":200,"NAMOBJ":"Halim Perdanakusuma (HLP) - Kota Jakarta Timur","IDBNDR":"10","KODBNDR":"APLL2412","KAWASAN":"Ancangan Pendaratan dan Lepas Landas","KEMIRINGAN":0,"LNDSNPC":null,"ELEVASI_1":151,"ELEVASI_2":151,"ELEVASIMSL_1":180.092,"ELEVASIMSL_2":180.092,"DISTANCE_1":6554,"DISTANCE_2":15000,"REFMSL":null,"RUMUS":"-","KETERANGAN":null,"SHAPE.AREA":0.000804982244105378,"SHAPE.LEN":0.174643291887841}},{"type":"Feature","id":201,"geometry":{"type":"Polygon","coordinates":[[[107.01666266299998,-6.185471431999986],[107.01611238999999,-6.184652566000011],[107.01555606400001,-6.183837562999997],[107.01499382700001,-6.183026632999997],[107.01442570900002,-6.182219818000021],[107.013851741,-6.1814171620000025],[107.01327195300001,-6.180618707000008],[107.01268637499999,-6.179824494999991],[107.01209503899997,-6.17903456800002],[107.011497975,-6.178248968999981],[107.010895216,-6.1774677380000185],[107.01028679400002,-6.1766909169999735],[107.00967273999998,-6.175918548000027],[107.00905308799997,-6.175150669999994],[107.008427869,-6.174387325999987],[107.007797117,-6.173628554000004],[107.00716086699998,-6.172874395999997],[107.00651914999997,-6.17212489100001],[107.005872001,-6.171380080000006],[107.00521945499997,-6.170639999999992],[107.00456154599999,-6.169904691999989],[107.00389830900002,-6.169174194999982],[107.00322977899998,-6.168448547000025],[107.00255599100001,-6.167727786],[107.001876982,-6.167011951999996],[107.00119278599999,-6.166301080999972],[107.00050344099998,-6.165595210999982],[106.99980898299998,-6.164894380000021],[106.99910944800001,-6.164198624999983],[106.99840487400002,-6.163507982999988],[106.997695298,-6.162822489000007],[106.99698075700002,-6.162142182000025],[106.99626129,-6.161467094999978],[106.99553693399997,-6.160797265999975],[106.99480772800001,-6.160132729999987],[106.994073711,-6.159473521999985],[106.99333492,-6.158819676000007],[106.99259139600002,-6.158171229000004],[106.99184317800001,-6.157528211999988],[106.99109030599999,-6.156890662000023],[106.99033281800001,-6.156258610999998],[106.98957075599998,-6.155632093999998],[106.98880415999997,-6.155011141999978],[106.98803306999997,-6.154395790000024],[106.987257527,-6.1537860689999775],[106.98647757200001,-6.153182012000002],[106.98569324699997,-6.152583651999976],[106.98490459300001,-6.151991018999979],[106.98411165099998,-6.151404145000015],[106.98331446499998,-6.150823060999983],[106.98251307499999,-6.150247798000009],[106.98170752499999,-6.149678386000005],[106.980897857,-6.149114855999983],[106.98008411400002,-6.148557236999977],[106.979266338,-6.148005559000012],[106.97844457399998,-6.147459851000008],[106.97761886500001,-6.146920141999999],[106.97678925500003,-6.146386459999974],[106.97595578599999,-6.145858835000013],[106.97511850500001,-6.145337293000011],[106.974277454,-6.144821862000015],[106.97343267899998,-6.144312570000011],[106.97258422300001,-6.143809443999999],[106.97173213299999,-6.143312509999987],[106.97087645300002,-6.142821793999985],[106.970017229,-6.1423373229999925],[106.969154505,-6.1418591230000175],[106.96828832800003,-6.141387216999988],[106.96741874399999,-6.140921633000005],[106.96654579800003,-6.140462393000007],[106.96566953600001,-6.140009523000003],[106.96479000599999,-6.139563047000024],[106.96390725399999,-6.139122987999997],[106.96302132599999,-6.138689369000019],[106.962132269,-6.138262213000019],[106.96124013000002,-6.137841544000025],[106.96034495800001,-6.137427382999988],[106.95944679799999,-6.137019752000015],[106.95854569800002,-6.136618672999987],[106.957641707,-6.136224167000023],[106.95673487200003,-6.135836255000015],[106.95582524100001,-6.135454956999979],[106.95491286200001,-6.135080293999977],[106.95399778400002,-6.134712286000024],[106.95308005499999,-6.134350951999977],[106.95215972300002,-6.133996310999976],[106.95123683700001,-6.133648381],[106.95031144699999,-6.133307182999999],[106.94938360100002,-6.132972731999985],[106.948453347,-6.132645047999972],[106.94752073699999,-6.132324148000009],[106.94658581800002,-6.132010047999984],[106.94564864,-6.131702765],[106.94470925399997,-6.1314023150000025],[106.943767708,-6.131108714999982],[106.94282405199999,-6.130821980000007],[106.94187833699999,-6.130542124999977],[106.94093061299998,-6.130269165000016],[106.939980929,-6.130003113999976],[106.93902933599998,-6.1297439869999835],[106.938075884,-6.129491797000014],[106.93712062399999,-6.129246556999988],[106.93616360599998,-6.129008280999983],[106.935204882,-6.128776980999987],[106.93424450100002,-6.128552669999976],[106.93328251399998,-6.128335359000005],[106.932318974,-6.128125060000002],[106.93135392900001,-6.127921784000023],[106.93038743199997,-6.127725542000007],[106.92941953399998,-6.127536342999974],[106.92845028599999,-6.127354199000024],[106.92747974000002,-6.1271791190000044],[106.92650794500003,-6.127011111999991],[106.92553495499999,-6.126850187000002],[106.924560821,-6.126696353],[106.92358559399997,-6.126549617000023],[106.922609325,-6.126409987999978],[106.92163206700002,-6.126277472000027],[106.92065387100001,-6.126152078000018],[106.919674789,-6.126033811000013],[106.91869487299999,-6.125922677999995],[106.91771417500001,-6.125818685000013],[106.91673274599998,-6.125721837000015],[106.91575063900001,-6.125632139000004],[106.91476790500002,-6.125549596999974],[106.91378459600003,-6.125474214000008],[106.91280076599998,-6.125405994999994],[106.91181646500002,-6.125344943000016],[106.910831745,-6.125291060999984],[106.90984666000003,-6.125244353000028],[106.90886125999998,-6.125204820000022],[106.90787559900002,-6.1251724649999915],[106.90688972800001,-6.125147289999973],[106.90590370000001,-6.125129295000022],[106.904917566,-6.125118482999994],[106.90393138000002,-6.125114853000014],[106.902945193,-6.125118406000013],[106.90195905600001,-6.125129141000002],[106.900973024,-6.125147059000028],[106.89998714699999,-6.125172157000009],[106.899001478,-6.125204435000001],[106.89801606999998,-6.125243891000025],[106.89703097300003,-6.12529052299999],[106.89604624200001,-6.125344327999983],[106.89506192599998,-6.125405304000026],[106.89407807999999,-6.12547344799998],[106.893094754,-6.125548755000011],[106.89211200099999,-6.125631221999981],[106.89112987200002,-6.125720844999989],[106.89014842099999,-6.125817617999985],[106.889167698,-6.125921538],[106.88818775599998,-6.126032597000005],[106.88720864700002,-6.126150789999997],[106.88623042199998,-6.126276112000028],[106.88525313299999,-6.126408555000012],[106.88427683200001,-6.126548113000013],[106.883301571,-6.1266947770000115],[106.882327401,-6.126848541000015],[106.88135437400001,-6.127009396000005],[106.88038254100002,-6.1271773340000095],[106.87941195500002,-6.12735234500002],[106.87844266500002,-6.127534421000007],[106.87747472299998,-6.12772355200002],[106.87650818200001,-6.127919727999995],[106.875543091,-6.128122938999979],[106.874579503,-6.128333172999987],[106.87361746699997,-6.1285504200000105],[106.87265703499997,-6.1287746680000055],[106.87169825900003,-6.129005905999975],[106.87074118700002,-6.12924412000001],[106.86978587200002,-6.129489298999999],[106.86883236400001,-6.129741430000024],[106.86788071299998,-6.130000498000015],[106.86693097,-6.130266491999976],[106.865983185,-6.130539395000028],[106.86503740799998,-6.130819195000015],[106.86409368900001,-6.131105875999992],[106.86315207799998,-6.131399423000005],[106.86221262599997,-6.131699819999994],[106.86127538099998,-6.132007052000006],[106.860340393,-6.132321101999992],[106.859407713,-6.1326419540000074],[106.85847738899997,-6.132969590000016],[106.85754946999998,-6.133303995000006],[106.856624007,-6.133645148000028],[106.85570104700003,-6.133993034000014],[106.85478063900001,-6.134347632000015],[106.853862833,-6.134708925999973],[106.85294767699997,-6.135076894000008],[106.85203521900002,-6.135451519000014],[106.851125508,-6.135832778999998],[106.85021859099999,-6.136220655999978],[106.84931451800003,-6.136615127000027],[106.84841333499998,-6.137016173999996],[106.84751509099999,-6.137423773000023],[106.83223709499998,-6.1444234350000215],[106.82188719999999,-6.149164960000007],[106.820991892,-6.149579060000008],[106.82009961799997,-6.14999967],[106.819210424,-6.150426767999988],[106.81832435899997,-6.15086033],[106.81744146699998,-6.1513003349999735],[106.81656179700002,-6.151746758999991],[106.815685395,-6.1521995780000225],[106.81481230700001,-6.152658769000027],[106.81394258,-6.153124305999995],[106.81307626,-6.153596166],[106.81221339199999,-6.154074322999975],[106.81135402199999,-6.154558753000003],[106.81049819600003,-6.155049427999984],[106.80964595900002,-6.1555463239999995],[106.808797357,-6.156049414999984],[106.80795243300003,-6.156558673000006],[106.80711123399999,-6.157074071000011],[106.80627380200002,-6.157595582999988],[106.80544018400002,-6.158123180000018],[106.80461042299999,-6.158656835999977],[106.80378456199998,-6.159196520000023],[106.80296264700002,-6.159742205999976],[106.80214471900001,-6.160293863999982],[106.801330823,-6.1608514650000075],[106.80052100199998,-6.161414979000028],[106.79971529800002,-6.161984376000021],[106.79891375400001,-6.162559627000007],[106.79811641399999,-6.163140700999975],[106.797323318,-6.1637275670000236],[106.79653450900003,-6.164320194000027],[106.79575002799999,-6.164918551000028],[106.79496991799999,-6.165522604999978],[106.79419422000001,-6.1661323260000245],[106.79342297400001,-6.166747681000004],[106.792656222,-6.167368636999981],[106.79189400400003,-6.167995161000022],[106.79113636099999,-6.168627220000019],[106.79038333199998,-6.1692647820000275],[106.78963495800002,-6.169907810999973],[106.788891278,-6.170556273999978],[106.78815233199998,-6.171210136000013],[106.78741815900003,-6.171869363999974],[106.78668879700001,-6.172533921000024],[106.78596428600002,-6.173203774000001],[106.785244664,-6.173878885000022],[106.78452996800002,-6.174559220999981],[106.78382023699999,-6.175244743999997],[106.78311550900003,-6.175935417999995],[106.78241581999998,-6.176631208000003],[106.78172120800002,-6.177332074999981],[106.78103170999998,-6.178037983000024],[106.780347361,-6.178748894000023],[106.77966819900001,-6.179464771000028],[106.77899425999999,-6.180185576999975],[106.77832557800002,-6.180911271000014],[106.77766219099999,-6.181641818000003],[106.77700413100001,-6.182377175999989],[106.77635143600003,-6.183117309000011],[106.77570413799998,-6.183862175999991],[106.775062273,-6.184611738000001],[106.77442587500002,-6.185365955000009],[106.77393630300003,-6.185954804000005],[106.774018662,-6.185959210000021],[106.79341056800001,-6.186996662000013],[106.793008375,-6.188864366000018],[106.79325945300002,-6.188905938999994],[106.79379854400003,-6.189002519999974],[106.794336316,-6.18910619899998],[106.794872677,-6.1892169579999745],[106.79540753399999,-6.189334778999978],[106.795940793,-6.189459640999985],[106.79647082399998,-6.189591129000007],[106.79699908200001,-6.189729575000001],[106.797525479,-6.189874950999979],[106.79804992200002,-6.190027235000002],[106.798572321,-6.190186400000016],[106.79909258599997,-6.1903524169999855],[106.79996597399997,-6.190601017999995],[106.80083779199998,-6.190855076999981],[106.801708007,-6.191114579999976],[106.80257658599999,-6.191379520999988],[106.80344349299997,-6.191649885999993],[106.80439408199999,-6.191953207999973],[106.805342569,-6.192263054000023],[106.806288908,-6.192579409000018],[106.80723305499998,-6.192902258000004],[106.80817496499998,-6.193231586000024],[106.809114593,-6.193567379000001],[106.81005189500002,-6.19390961900001],[106.81098682800001,-6.194258290999983],[106.811919348,-6.1946133779999855],[106.81284941000001,-6.194974863000027],[106.81377696999999,-6.195342729999993],[106.814708226,-6.1957195100000035],[106.815636858,-6.196102723000024],[106.81656282,-6.196492350000028],[106.81748606999997,-6.196888372999979],[106.818406563,-6.197290771999974],[106.81932425600002,-6.197699527999987],[106.82022512999998,-6.198108224000009],[106.82112320499999,-6.198523046999981],[106.822018437,-6.198943976999999],[106.82291078700001,-6.199370994999981],[106.82380021199998,-6.199804081000025],[106.82468667199998,-6.200243214000011],[106.825582424,-6.200694624999983],[106.82647504200003,-6.201152212000011],[106.827364483,-6.201615951000008],[106.828250706,-6.202085823000004],[106.82913366899999,-6.202561804000027],[106.830013328,-6.203043869999988],[106.83088964400002,-6.203531999999996],[106.831762572,-6.2040261710000095],[106.83263207200002,-6.20452635800001],[106.833498104,-6.205032537000022],[106.834360624,-6.205544685000007],[106.83521959299998,-6.206062777999989],[106.83607496799999,-6.206586789000028],[106.83692671099999,-6.207116696000014],[106.83777478100001,-6.207652472999996],[106.83861913499999,-6.208194091999985],[106.83923324699998,-6.2085932169999865],[106.839845341,-6.208995431000005],[106.84063498,-6.209522162999974],[106.841420696,-6.210054738999986],[106.842202445,-6.210593130999996],[106.84298018300001,-6.211137307999991],[106.84375386800002,-6.211687240000003],[106.84452346,-6.2122428979999995],[106.845288912,-6.212804252000012],[106.84605018500002,-6.213371268000003],[106.84680723700001,-6.213943917999984],[106.847560026,-6.214522170999999],[106.84830850999998,-6.215105990999973],[106.84905264899999,-6.215695349999976],[106.84979240000001,-6.216290214000026],[106.850527725,-6.216890551000006],[106.85125858200001,-6.217496326999992],[106.85192580400002,-6.218057411000018],[106.85258919299997,-6.218623029000014],[106.85324871799997,-6.219193155000028],[106.85390435,-6.219767761000014],[106.85455605700002,-6.220346821000021],[106.855203808,-6.220930307999993],[106.85584757599997,-6.221518197000023],[106.856487329,-6.222110457999975],[106.856987301,-6.222579833999987],[106.866081807,-6.218412865999994],[106.87101060200001,-6.216154475999986],[106.88136089900001,-6.211411747],[106.88193150000001,-6.211154254999997],[106.88250503299997,-6.210903373999997],[106.88308142199998,-6.210659136000004],[106.88366058999998,-6.210421574999998],[106.884242459,-6.210190721000004],[106.88482695300002,-6.209966606000023],[106.88541399299999,-6.209749260000024],[106.88600350000002,-6.209538710999993],[106.886595398,-6.209334988000023],[106.887189605,-6.209138117000009],[106.887786044,-6.208948125000006],[106.88838463500002,-6.208765036999978],[106.88898529699998,-6.2085888780000005],[106.889587952,-6.2084196710000015],[106.89019251799999,-6.208257439000022],[106.890798915,-6.2081022020000205],[106.89140706199998,-6.207953982999982],[106.89201687799999,-6.207812800999989],[106.89262828199998,-6.207678674000022],[106.893241193,-6.207551620000004],[106.89385552800002,-6.207431656999972],[106.894471205,-6.2073187990000065],[106.89508814300001,-6.207213063999973],[106.89570626,-6.207114462999982],[106.89632547299999,-6.20702301099999],[106.89694569900001,-6.206938719999982],[106.89756685600003,-6.206861601000014],[106.898188861,-6.206791663999979],[106.898811631,-6.206728919],[106.89943508300001,-6.206673373000001],[106.900059134,-6.206625035000002],[106.9006837,-6.206583910000006],[106.90130870000002,-6.206550004999997],[106.90193404799999,-6.206523322999999],[106.90255966299998,-6.2065038690000165],[106.90318545999997,-6.206491643999982],[106.903811356,-6.206486650999977],[106.90443726799998,-6.206488890000003],[106.905063112,-6.206498361000001],[106.90568880500001,-6.206515061999994],[106.90631426300001,-6.206538991999992],[106.90693940300002,-6.206570146999979],[106.90756414200001,-6.2066085220000105],[106.90818839600001,-6.206654114000003],[106.90881208299999,-6.206706914999984],[106.90943511900002,-6.206766919000017],[106.91005742099998,-6.2068341180000175],[106.91067890599999,-6.206908501999976],[106.91129949100002,-6.2069900619999885],[106.91191909399998,-6.207078787],[106.91253763200001,-6.207174665000025],[106.91315502200001,-6.207277684000019],[106.913771183,-6.207387829000027],[106.91438603199998,-6.207505086000026],[106.91499948699999,-6.207629439000016],[106.91561146599997,-6.207760871999994],[106.91622188899998,-6.207899366999982],[106.916830672,-6.208044905000008],[106.91743773600001,-6.20819746799998],[106.91804300000001,-6.208357035000006],[106.91864638200002,-6.208523583999977],[106.91924780300002,-6.2086970940000015],[106.91984718200001,-6.208877540999993],[106.920444439,-6.209064902000023],[106.921039495,-6.20925914999998],[106.92163226999998,-6.209460261000004],[106.92222268500001,-6.209668207999982],[106.92281066200002,-6.209882961999995],[106.92339612299997,-6.210104494999996],[106.92397898799999,-6.210332778999998],[106.924559181,-6.210567781000009],[106.925136625,-6.210809471000005],[106.92571124199998,-6.211057816999983],[106.92628295499998,-6.211312786000008],[106.92685168899999,-6.211574342999995],[106.92741736699998,-6.2118424540000206],[106.92797991499998,-6.21211708200002],[106.92853925700001,-6.212398193000013],[106.929095319,-6.212685747000023],[106.929648026,-6.212979705999999],[106.93019730499998,-6.213280032],[106.93074308299998,-6.213586684000006],[106.93128528699998,-6.213899621999985],[106.931823845,-6.214218802999994],[106.93235868400001,-6.2145441850000225],[106.93288973400001,-6.2148757260000025],[106.93341692400003,-6.215213380000023],[106.933940184,-6.215557101999991],[106.93445944299998,-6.215906846999985],[106.93497463300002,-6.21626256899998],[106.935485685,-6.216624218999982],[106.93599253100001,-6.2169917489999875],[106.93649510199998,-6.217365110999992],[106.93699333400002,-6.217744255000014],[106.93748715700002,-6.2181291300000225],[106.93797650800002,-6.21851968499999],[106.93846132099998,-6.2189158680000105],[106.93894153100001,-6.21931762600002],[106.939417074,-6.219724905000021],[106.93988788600001,-6.220137652000005],[106.94035390599998,-6.220555810000008],[106.94081507099997,-6.220979324999973],[106.94127131800002,-6.221408139999994],[106.941722589,-6.22184219799999],[106.94216882199999,-6.222281441000007],[106.942609957,-6.222725809999986],[106.94304593700002,-6.2231752459999825],[106.94347670299999,-6.223629689999996],[106.943902197,-6.224089079999999],[106.94432236300003,-6.224553355000012],[106.94473714499998,-6.225022453999998],[106.94514648699999,-6.225496313999997],[106.94555033500001,-6.225974871999995],[106.94594863600003,-6.226458063999985],[106.946341335,-6.226945826000019],[106.94672838100001,-6.227438092],[106.947109722,-6.227934796999989],[106.94748530700002,-6.228435875000002],[106.947855087,-6.22894125900001],[106.94821901099999,-6.2294508819999805],[106.94857479299998,-6.229961462999995],[106.953472524,-6.226761183999997],[107.01666266299998,-6.185471431999986]]]},"properties":{"OBJECTID":201,"NAMOBJ":"Halim Perdanakusuma (HLP) - Kota Jakarta Timur","IDBNDR":"10","KODBNDR":"PHL02","KAWASAN":"Permukaan Horizontal Luar","KEMIRINGAN":0,"LNDSNPC":null,"ELEVASI_1":151,"ELEVASI_2":151,"ELEVASIMSL_1":180.092,"ELEVASIMSL_2":180.092,"DISTANCE_1":6000,"DISTANCE_2":15100,"REFMSL":null,"RUMUS":"-","KETERANGAN":null,"SHAPE.AREA":0.015168200887128,"SHAPE.LEN":0.558959077431739}},{"type":"Feature","id":202,"geometry":{"type":"MultiPolygon","coordinates":[[[[106.75230624099999,-6.222941982999998],[106.74914594799998,-6.186756817999992],[106.74850255400003,-6.186775415],[106.74781571300002,-6.186802500999988],[106.74712919500001,-6.186836809999988],[106.74644307400001,-6.1868783410000106],[106.745757427,-6.186927087000015],[106.74507233000003,-6.186983043999987],[106.74438785799998,-6.187046204000012],[106.74370408700003,-6.187116562000028],[106.743026311,-6.187193488999981],[106.74234937300002,-6.1872774880000065],[106.74167334700002,-6.187368548999984],[106.74099830699998,-6.18746666200002],[106.740324326,-6.187571817999981],[106.739651477,-6.187684004000005],[106.73870773099998,-6.1878354240000135],[106.73776515399999,-6.1879939799999875],[106.73682380100001,-6.188159660999986],[106.73588372500001,-6.18833245899998],[106.73494498100001,-6.188512364000019],[106.73400762099999,-6.188699364000001],[106.73307169999998,-6.188893451000013],[106.732137271,-6.189094610999973],[106.731204386,-6.189302834999978],[106.73027309999998,-6.189518110999984],[106.72934346599999,-6.189740425000025],[106.72841553699999,-6.189969764000011],[106.727489365,-6.190206117999992],[106.726565005,-6.190449471000022],[106.72564250699998,-6.190699810000012],[106.72472192599997,-6.190957120000007],[106.72380331400001,-6.191221386999985],[106.72288672299999,-6.191492595999989],[106.72197220599998,-6.191770729999973],[106.72105981499999,-6.192055776000018],[106.72014960199999,-6.192347714999983],[106.71924161800001,-6.19264653099998],[106.71833591699999,-6.192952208000008],[106.71746868399998,-6.1932520810000256],[106.71660364600001,-6.193558242999984],[106.71574085100002,-6.193870678999986],[106.714880343,-6.1941893719999825],[106.713945669,-6.194538416],[106.713013526,-6.194894179000016],[106.712083963,-6.1952566410000145],[106.71115702700001,-6.195625784000015],[106.71023276599999,-6.19600158999998],[106.70931122899998,-6.196384036999973],[106.708392463,-6.196773107000013],[106.70747651599999,-6.197168780000027],[106.70656343399997,-6.19757103500001],[106.70565326500002,-6.197979852000003],[106.70474605599998,-6.198395208000022],[106.70384185500001,-6.1988170829999945],[106.70294070699998,-6.199245454999982],[106.70204265900003,-6.199680301000001],[106.70114776000003,-6.200121600999978],[106.70025605199999,-6.2005693300000075],[106.69936758400002,-6.201023464999992],[106.69848240200002,-6.201483982000013],[106.69760055,-6.201950859000021],[106.69672207399998,-6.202424070999996],[106.69584702200001,-6.20290359400002],[106.694975436,-6.2033894020000275],[106.69410736200001,-6.203881469999999],[106.69324284700002,-6.204379775000007],[106.69238193299998,-6.204884288000017],[106.69152466600002,-6.205394984000009],[106.69067691599997,-6.205908281000006],[106.68983285000002,-6.206427624000014],[106.68899251099998,-6.206952988000012],[106.68815594199998,-6.207484345000012],[106.68732318500003,-6.208021669000004],[106.686494283,-6.208564931000012],[106.68566927900002,-6.2091141060000155],[106.684848214,-6.209669163000001],[106.68428120800002,-6.2100574890000075],[106.683716129,-6.210448621000012],[106.682982337,-6.2109627500000215],[106.68225187500002,-6.211481611000011],[106.681524776,-6.212005180999995],[106.680801068,-6.212533440000016],[106.680080783,-6.213066363999985],[106.67936395200002,-6.213603931000023],[106.678650602,-6.214146120000009],[106.67794076500002,-6.214692907000028],[106.67723447100002,-6.215244270000028],[106.676501804,-6.215806665999992],[106.675773176,-6.216374293999991],[106.67504862499999,-6.216947123000011],[106.67432818600003,-6.217525127999977],[106.673611897,-6.2181082760000095],[106.67289979600002,-6.218696538000017],[106.67219191700002,-6.219289885000023],[106.67148829899998,-6.2198882850000246],[106.670788974,-6.220491707999997],[106.67009398300002,-6.221100122999985],[106.66940335599998,-6.221713500000021],[106.66871713400002,-6.222331806],[106.668035347,-6.222955010000021],[106.66735803400002,-6.223583080000026],[106.666685228,-6.224215985000001],[106.666016963,-6.224853689999975],[106.665353273,-6.225496164999981],[106.664694193,-6.226143375999982],[106.66403975700001,-6.226795288999995],[106.66338999800001,-6.227451873000007],[106.662744949,-6.2281130910000115],[106.66270214500003,-6.228157305000025],[106.66208154399999,-6.228803113000026],[106.661465432,-6.229453212999999],[106.66085384299998,-6.2301075770000125],[106.660246804,-6.230766169999981],[106.65964434300002,-6.231428962999985],[106.65904649200002,-6.232095921999985],[106.65845327800002,-6.232767016000025],[106.65786472999997,-6.233442212999989],[106.657280877,-6.234121479999999],[106.65672422,-6.234778086999995],[106.65617194999999,-6.2354383940000275],[106.65562409099999,-6.236102371000015],[106.65508066799998,-6.236769988999981],[106.654541704,-6.237441218000015],[106.65393264199997,-6.238202376000004],[106.65332916800003,-6.238967978999995],[106.65273131700002,-6.239737987000012],[106.65213911799998,-6.2405123579999895],[106.65155260400002,-6.241291051000019],[106.65097180599997,-6.242074023999976],[106.65039675700001,-6.2428612339999745],[106.64982748599999,-6.243652640999983],[106.64926402399999,-6.244448200000022],[106.64870640200002,-6.245247869000025],[106.64815464899999,-6.246051607000027],[106.647608795,-6.246859368000003],[106.64706887,-6.247671109999999],[106.64653490299997,-6.248486790000015],[106.64600692099998,-6.2493063630000165],[106.64548495499997,-6.250129786999992],[106.64496903000003,-6.250957014999983],[106.64445917699999,-6.251788003999991],[106.64395542,-6.252622710000026],[106.64345778900002,-6.253461087999995],[106.64296631000002,-6.2543030919999865],[106.642481008,-6.255148677000022],[106.64200190999998,-6.25599779800001],[106.64152904299999,-6.256850408999981],[106.64106243100002,-6.257706466000002],[106.64060209899998,-6.258565920000024],[106.64016167900002,-6.259402646000012],[106.63972720999999,-6.260242484000003],[106.63929871699997,-6.261085389000016],[106.63887621999999,-6.2619313220000095],[106.63845974100002,-6.262780236000026],[106.63804930100002,-6.263632092000023],[106.63764492000001,-6.264486845000022],[106.637246619,-6.265344452000022],[106.63685441799998,-6.266204870000024],[106.636468337,-6.267068056000028],[106.63613531599998,-6.267826121999974],[106.63580701400002,-6.268586246999973],[106.63548344600002,-6.269348401999991],[106.63516462299998,-6.2701125570000045],[106.63481647700002,-6.27093721],[106.63447383699997,-6.2717641709999725],[106.634136721,-6.272593400999995],[106.63380514300002,-6.2734248630000025],[106.633479115,-6.2742585230000145],[106.63315865599998,-6.275094340999999],[106.63295451300002,-6.27563565600002],[106.63275270399998,-6.276177849000021],[106.63241835000002,-6.277092289999985],[106.63209063800002,-6.27800913599998],[106.63176958499997,-6.278928338000014],[106.63145520900002,-6.279849849000016],[106.63114752500002,-6.280773618000012],[106.63084655099999,-6.281699597999989],[106.63055230200001,-6.282627740999999],[106.63026479299998,-6.283557996000013],[106.629984041,-6.284490315000028],[106.629710058,-6.285424648999992],[106.62944286099997,-6.286360949000027],[106.629182463,-6.287299164999979],[106.628928879,-6.288239246999979],[106.62871024499998,-6.289072372000021],[106.62849696199999,-6.289906884000004],[106.62828903899998,-6.290742749999993],[106.628086484,-6.291579935000016],[106.62791224799997,-6.292319587999998],[106.62770731699999,-6.293214583999998],[106.627508514,-6.294110965000016],[106.62731584599999,-6.295008683999981],[106.627129325,-6.295907704000001],[106.62694895800001,-6.296807978999993],[106.62677475499999,-6.297709468999983],[106.62660672200002,-6.298612132000017],[106.62646869600002,-6.299380596999981],[106.62633514499998,-6.3001498529999935],[106.62620607000002,-6.300919874999977],[106.62608147600002,-6.301690635],[106.62591288499999,-6.302849245000004],[106.62574989000001,-6.3040086579999866],[106.625592498,-6.305168845000026],[106.62544071000002,-6.306329779999999],[106.62529061700002,-6.30752316600001],[106.62514644700002,-6.308717283000021],[106.625008202,-6.309912101999998],[106.62487588900001,-6.311107592999974],[106.62474950799998,-6.312303725999982],[106.62462906399998,-6.313500471999987],[106.62451455899998,-6.314697802000012],[106.62440599500002,-6.315895685999976],[106.624303376,-6.317094094000026],[106.62421452500001,-6.318193189999988],[106.62413067300002,-6.319292679],[106.62405182399999,-6.320392538000021],[106.62397797900002,-6.32149274599999],[106.62390914000002,-6.322593277999999],[106.62379725699998,-6.323819390999972],[106.62369225700002,-6.325046115000021],[106.62359414500003,-6.3262734090000095],[106.62350292100001,-6.32750123400001],[106.62341858899998,-6.3287295530000165],[106.62334115200002,-6.329958326999986],[106.62327061299999,-6.331187516],[106.62320697400003,-6.332417082000006],[106.623150237,-6.333646986000019],[106.62310040400001,-6.334877189999986],[106.623057475,-6.336107652999999],[106.62302145400002,-6.337338338999984],[106.62299234,-6.338569208000024],[106.622970135,-6.339800221000019],[106.62295483999998,-6.341031337999993],[106.62295022199999,-6.341583938999975],[106.62294646999999,-6.342156980000027],[106.622945082,-6.342730033000009],[106.62294825100003,-6.343719306000025],[106.622958466,-6.344708530999981],[106.62297572599999,-6.345697658000006],[106.62300003299998,-6.346686637999994],[106.623031384,-6.347675417999994],[106.62306977700001,-6.348663950000002],[106.62311521100003,-6.349652182999989],[106.62316768300002,-6.350640065999983],[106.62322719100001,-6.351627550999979],[106.62329373300003,-6.352614587000005],[106.62336730200002,-6.353601121999986],[106.623447898,-6.354587107999976],[106.623535516,-6.3555724940000005],[106.62363015199998,-6.356557230000021],[106.62373179899998,-6.357541265999998],[106.623840454,-6.358524552999995],[106.62395611199997,-6.359507039999983],[106.62407876499998,-6.360488676999978],[106.62420840800002,-6.361469413999998],[106.62434503399999,-6.362449202999983],[106.62448863700001,-6.3634279909999805],[106.62463920900001,-6.364405732000023],[106.624796742,-6.3653823729999885],[106.62496122900001,-6.3663578669999765],[106.625132662,-6.367332162000025],[106.62531103100002,-6.368305211000006],[106.625496328,-6.369276963000004],[106.62568854300002,-6.370247369000026],[106.62588766699997,-6.3712163779999855],[106.62609368800003,-6.3721839450000175],[106.62630659799999,-6.373150017],[106.62652638499998,-6.3741145469999765],[106.626753038,-6.37507748500002],[106.62698654600001,-6.376038782000023],[106.62722689600002,-6.376998389999983],[106.62747407799998,-6.377956258999973],[106.62772807699997,-6.378912340999989],[106.62798888100002,-6.379866589000017],[106.62825647699998,-6.380818950999981],[106.62853085199998,-6.381769382000016],[106.62881199200001,-6.382717832000026],[106.62909988199999,-6.383664253000006],[106.62932354399999,-6.384366087999979],[106.62955008199998,-6.385066998000013],[106.62970752199999,-6.385548410000013],[106.63003455,-6.386534009999991],[106.63036727299999,-6.387517699],[106.63070568199998,-6.388499446000026],[106.63104976400001,-6.3894792180000195],[106.63139950800002,-6.390456981],[106.63175490200001,-6.391432703000021],[106.63211593300002,-6.392406350999977],[106.63248259199997,-6.393377892999979],[106.63285486299998,-6.394347295999978],[106.63326055099998,-6.395385074999979],[106.63367267299998,-6.396420314000011],[106.63409121199999,-6.397452973999975],[106.63451615399998,-6.398483012999975],[106.63494748,-6.399510393000014],[106.635385176,-6.400535073000015],[106.63582922400002,-6.401557016000027],[106.63626629999999,-6.402546312000027],[106.63670932999997,-6.403532955000003],[106.637158296,-6.404516908000005],[106.63761318299998,-6.405498136999995],[106.63807397300002,-6.4064766060000125],[106.63854065200002,-6.407452277000004],[106.63901320000002,-6.408425118000025],[106.63949160099997,-6.409395092000011],[106.639975838,-6.410362163000002],[106.64046589399999,-6.411326296000027],[106.64096174999997,-6.41228745799998],[106.64146338900002,-6.413245613000015],[106.64190347099998,-6.414051873000005],[106.64234960099998,-6.414854799000011],[106.64280175599998,-6.415654346999986],[106.643259908,-6.416450471000019],[106.64372403200002,-6.417243126000017],[106.64419410099998,-6.418032267000001],[106.64467008999998,-6.418817849999982],[106.64515197100002,-6.419599828999992],[106.64563971799998,-6.420378163000009],[106.64613330100002,-6.4211528039999735],[106.646632695,-6.421923709999987],[106.64713787,-6.422690839999973],[106.64764879699999,-6.423454145999983],[106.64816544899998,-6.424213586999997],[106.648687795,-6.424969120000014],[106.64921580800001,-6.4257207030000245],[106.649749455,-6.426468293000028],[106.65028870700002,-6.427211847000024],[106.65083353400001,-6.427951323000002],[106.65138390499999,-6.428686679999998],[106.65193978999997,-6.429417876999992],[106.65250115499998,-6.430144869999992],[106.653018277,-6.430804702999978],[106.65353991500001,-6.431460969],[106.65406604399999,-6.432113637999976],[106.65459663799999,-6.432762679000007],[106.655131675,-6.433408063000002],[106.655671127,-6.434049758000015],[106.65621496900002,-6.434687734000022],[106.65676317700002,-6.435321961],[106.65731572300001,-6.435952408999981],[106.65765436700002,-6.436334519000013],[106.65799460599999,-6.4367152099999885],[106.658623546,-6.437410586999988],[106.65925780399999,-6.4381011140000055],[106.65989734300001,-6.4387867489999735],[106.660542126,-6.43946745400001],[106.66119211400002,-6.44014318699999],[106.66184726900002,-6.440813909999974],[106.66250755300001,-6.44147958100001],[106.66317292600002,-6.442140162999976],[106.66384334899999,-6.442795615000023],[106.664518784,-6.443445899999972],[106.66519919000001,-6.444090979000009],[106.66588452600001,-6.444730815000014],[106.66657475300002,-6.445365368000012],[106.66726983000001,-6.445994602999974],[106.667969717,-6.446618482000019],[106.66867437000002,-6.447236968000027],[106.66938375000001,-6.44785002499998],[106.67009781500002,-6.448457616999974],[106.670816522,-6.4490597070000035],[106.67150729399998,-6.449638283000013],[106.67220209999999,-6.4502120039999795],[106.67290090799997,-6.450780843000018],[106.67360368300001,-6.451344772000027],[106.67431039000002,-6.451903761999972],[106.67502099400002,-6.452457787000014],[106.67573546099999,-6.453006819999985],[106.676453756,-6.453550832000019],[106.67717584299999,-6.4540897989999735],[106.67790168699997,-6.454623692999974],[106.678631252,-6.45515248800001],[106.67936450299999,-6.455676158000017],[106.68010140400003,-6.456194676999985],[106.680841918,-6.456708020999997],[106.68159507000001,-6.4572223029999805],[106.68235184899999,-6.457731232000015],[106.68311221599998,-6.458234780999987],[106.683876134,-6.4587329249999925],[106.68465934300002,-6.459235689000025],[106.68544616999998,-6.459732771999995],[106.686236571,-6.460224148000009],[106.68703050699997,-6.46070979000001],[106.68782793600002,-6.461189674000025],[106.68862881400003,-6.461663772999998],[106.68943310200001,-6.462132064999992],[106.69024075599998,-6.462594523000007],[106.69105173499997,-6.463051123000014],[106.69186599599999,-6.463501843000017],[106.69268349499998,-6.463946657999998],[106.69350419199998,-6.464385543999981],[106.694328041,-6.4648184800000195],[106.69515500199998,-6.465245442000025],[106.695985028,-6.465666407000015],[106.69681807900002,-6.466081354999972],[106.69765410999997,-6.466490261999979],[106.69849307700002,-6.4668931090000115],[106.69933493600001,-6.467289871999981],[106.700179644,-6.467680533000021],[106.70102715500002,-6.468065071000012],[106.701877427,-6.468443464000018],[106.702758373,-6.468812633000027],[106.70364161700002,-6.469176264999987],[106.70452712600002,-6.469534345999989],[106.70541486399998,-6.46988686200001],[106.70630479599998,-6.470233800000017],[106.70727996599999,-6.4706066080000255],[106.70825767000002,-6.470972716999995],[106.70923786100002,-6.471332109999992],[106.71022049300001,-6.471684771000014],[106.711205522,-6.472030682000025],[106.71219289800001,-6.472369828000012],[106.713182577,-6.472702191999986],[106.714174512,-6.47302775899999],[106.71516865500001,-6.4733465140000135],[106.716164962,-6.473658440999998],[106.71716338300001,-6.4739635270000235],[106.71816387299998,-6.474261755999976],[106.71885325300002,-6.47446291],[106.719543574,-6.47466080800001],[106.72023481999997,-6.474855446999982],[106.72118814599997,-6.4751181199999905],[106.72214315600002,-6.475374593000026],[106.72309981299998,-6.475624854999978],[106.72405807500002,-6.475868896000009],[106.725017901,-6.476106704000017],[106.725979252,-6.476338270999975],[106.72694208500002,-6.476563586999987],[106.72790636299999,-6.476782641999989],[106.72887204199998,-6.47699542700002],[106.72977829400003,-6.477188950000027],[106.747789168,-6.3956472319999875],[106.74725207099999,-6.395496410000021],[106.74659432200002,-6.395304429000021],[106.74593856799999,-6.39510573199999],[106.745284879,-6.394900338000014],[106.74463332300002,-6.394688271000007],[106.74398396800001,-6.394469550999986],[106.74333688299998,-6.394244201999982],[106.74269213299999,-6.394012246999978],[106.74204978799997,-6.393773710000005],[106.74140991399997,-6.393528617000015],[106.74077257800002,-6.393276992999972],[106.74013784800002,-6.393018863000009],[106.73950578699998,-6.392754255999989],[106.73891908899998,-6.392507737000017],[106.73833515000001,-6.392254749000017],[106.73775404000003,-6.391995323999993],[106.73717583000001,-6.3917294920000245],[106.73660059100001,-6.391457285999991],[106.73602839300003,-6.391178739999987],[106.735459306,-6.390893887000004],[106.73489339899999,-6.390602763000004],[106.734330742,-6.390305400999978],[106.73377140299999,-6.390001840000025],[106.73321544999999,-6.389692115999992],[106.732662952,-6.389376265999999],[106.73212410100001,-6.389060342999983],[106.73158870700001,-6.388738593000028],[106.73105683,-6.3884110540000165],[106.73052853600001,-6.388077765999981],[106.73000388499997,-6.387738765999984],[106.72948293899998,-6.387394094999991],[106.728965759,-6.3870437940000215],[106.72845240700002,-6.386687903999984],[106.72794294200003,-6.3863264670000035],[106.727437425,-6.385959523999986],[106.72693591500001,-6.385587120000025],[106.72643847,-6.385209297000017],[106.72594514899998,-6.384826100999987],[106.725456011,-6.384437575999982],[106.72497111299998,-6.384043769000016],[106.72449051199999,-6.383644725000011],[106.724014264,-6.383240490999981],[106.72354242400002,-6.382831113999998],[106.72307504999998,-6.382416644999978],[106.722612196,-6.381997129000013],[106.72215391499998,-6.381572618000007],[106.721700263,-6.381143161000011],[106.72125129300002,-6.380708807000019],[106.72084476600003,-6.380277803000013],[106.72044323799997,-6.37984213499999],[106.72004676099999,-6.379401862000009],[106.71965538900002,-6.378957042000025],[106.719269172,-6.378507732999992],[106.71888816299997,-6.378053996999995],[106.71851241299998,-6.377595892999977],[106.71814197200001,-6.3771334819999765],[106.71777996100002,-6.376670800999989],[106.71742326499998,-6.376204008000002],[106.71707193100002,-6.375733163000007],[106.71672600300002,-6.375258326999983],[106.71638552799999,-6.374779563999994],[106.71605054999998,-6.3742969360000075],[106.71572111400002,-6.3738105049999945],[106.71539726100002,-6.373320335000017],[106.71507903399998,-6.3728264920000015],[106.71476647499998,-6.372329037999975],[106.71445962600001,-6.371828040000025],[106.71415852500002,-6.371323562999976],[106.71386321300002,-6.370815672999981],[106.71357372699998,-6.370304436000026],[106.71325906300001,-6.369754575000002],[106.71295045,-6.369201293000003],[106.71264792400001,-6.368644657000004],[106.71235152100002,-6.368084732999989],[106.71206127599999,-6.367521588999978],[106.71177722700003,-6.3669552929999895],[106.711499404,-6.366385911999998],[106.711227844,-6.365813516999992],[106.71096257699998,-6.365238175000002],[106.710703637,-6.364659954999979],[106.71045105399998,-6.364078928000026],[106.71020485899999,-6.363495161999992],[106.709965081,-6.362908730000015],[106.70973175,-6.36231970099999],[106.70950489199998,-6.361728144999972],[106.70928548900002,-6.36113674500001],[106.70907255600002,-6.360542983000016],[106.70886611999998,-6.359946928999989],[106.708666203,-6.359348655000019],[106.70847283199998,-6.358748230999993],[106.70828602900002,-6.358145729],[106.70810581500001,-6.3575412210000195],[106.70793221299999,-6.356934781000007],[106.707765242,-6.356326479000018],[106.70760492400001,-6.355716388000019],[106.70745127800001,-6.355104582000024],[106.70730431999999,-6.3544911330000104],[106.70716406999998,-6.353876114000002],[106.70703054299997,-6.353259600000001],[106.70690375700002,-6.352641661999996],[106.70679436299997,-6.352077142999974],[106.7066916,-6.351511378999987],[106.70659548200001,-6.350944447000018],[106.70650602199999,-6.35037642399999],[106.70642323300001,-6.349807391000013],[106.70634712600003,-6.349237424000023],[106.70627771199997,-6.34866660199998],[106.70621500099998,-6.348095005000005],[106.70615899900002,-6.3475227110000105],[106.70610971600001,-6.346949799000015],[106.706067158,-6.346376346],[106.70603133200001,-6.3458024340000065],[106.70600224200001,-6.345228141000007],[106.70597989100003,-6.344653545000028],[106.70596428300001,-6.34407872700001],[106.70595542000001,-6.34350376499998],[106.705953266,-6.342947770000023],[106.70595742,-6.342391786000007],[106.70596787900001,-6.341835887000002],[106.705984645,-6.341280141000027],[106.70600771400001,-6.340724620999993],[106.70603708300001,-6.340169399999979],[106.70607274899999,-6.339614546000007],[106.706114706,-6.3390601360000005],[106.70616295000002,-6.338506236000001],[106.70638086299999,-6.333258902000011],[106.707121385,-6.321083742999974],[106.70714811699997,-6.320464340000001],[106.707181757,-6.3198452729999985],[106.70722230000001,-6.319226619999995],[106.707269742,-6.318608459000018],[106.70732407700001,-6.317990866000002],[106.70738529800002,-6.3173739189999765],[106.707453396,-6.316757693],[106.70752836499997,-6.316142265999986],[106.707610193,-6.315527714999973],[106.70769887099999,-6.314914116000011],[106.70779438900001,-6.314301544999978],[106.70789673399997,-6.313690080000015],[106.708005893,-6.313079793999975],[106.70812185199998,-6.31247076599999],[106.70824459800002,-6.311863071999994],[106.70837411399998,-6.311256786000001],[106.708510386,-6.310651984000003],[106.70864985100002,-6.310063334000006],[106.708795716,-6.309476239999981],[106.70894796099998,-6.308890770000005],[106.70910657000002,-6.30830699400002],[106.70927152299998,-6.307724979999989],[106.70944280100002,-6.307144799000014],[106.70962038300001,-6.306566518000011],[106.70980424999999,-6.305990206999979],[106.70999437799998,-6.305415933000006],[106.71019074399999,-6.304843765999976],[106.71039332700002,-6.304273770999998],[106.710602101,-6.303706019000003],[106.71081704099998,-6.303140573999997],[106.71103812400003,-6.302577507000024],[106.71126532099998,-6.302016880999986],[106.71149860700001,-6.301458764000017],[106.71173795300001,-6.300903221999988],[106.71197257300003,-6.300338407000027],[106.71221380200001,-6.299776386000019],[106.71246160499999,-6.299217235000015],[106.71271594900003,-6.2986610329999735],[106.71297679899999,-6.298107856999991],[106.71324411799998,-6.297557781000023],[106.71351786999998,-6.297010881000006],[106.71379801699999,-6.296467235000023],[106.71408452100002,-6.295926915999985],[106.71437734199998,-6.295389998000019],[106.71467644,-6.294856555000024],[106.71498177400002,-6.294326661000014],[106.71529330099997,-6.293800389000012],[106.71561097799997,-6.293277811999985],[106.71593476200002,-6.2927589999999896],[106.71625354499997,-6.292261085999996],[106.71657795200002,-6.291766822999989],[106.71690794099999,-6.291276276000019],[106.717243472,-6.290789503999974],[106.717584499,-6.290306573999999],[106.71793098,-6.289827546000026],[106.71828287099999,-6.289352483000016],[106.718640123,-6.288881444000026],[106.719002693,-6.288414492000015],[106.719370535,-6.287951684999996],[106.71974359900003,-6.287493084000005],[106.720121839,-6.287038747999986],[106.720505205,-6.28658873400002],[106.72095654999998,-6.286101211000016],[106.721413106,-6.285618570999986],[106.72187481999998,-6.285140867999985],[106.722341637,-6.2846681589999775],[106.72281350600002,-6.284200499000008],[106.72329036999997,-6.283737942000016],[106.72377217600001,-6.283280540000021],[106.724258867,-6.28282834700002],[106.72475038599998,-6.282381413999985],[106.72524667900001,-6.281939795000028],[106.72574768499999,-6.281503537999981],[106.72625334899999,-6.281072696000024],[106.72676361100002,-6.280647317999978],[106.72727841300002,-6.28022745200002],[106.72778176600002,-6.279825720000019],[106.72828927500001,-6.279429259999972],[106.72880088400001,-6.279038113000013],[106.72931653799998,-6.278652320999981],[106.72983618199999,-6.278271926999992],[106.73035975900001,-6.277896972999997],[106.73088721099998,-6.277527498999973],[106.73141848300003,-6.277163544000018],[106.73195351499999,-6.276805148999983],[106.73249224800003,-6.276452350999989],[106.733034627,-6.276105190999999],[106.73358059200001,-6.275763704999974],[106.73399774699999,-6.2755039119999765],[106.73441769300001,-6.2752486630000135],[106.73484038100003,-6.2749979879999955],[106.73526576199998,-6.274751917000003],[106.735693787,-6.274510478000025],[106.73612440300002,-6.274273699999981],[106.73662144299999,-6.274007891999986],[106.73712174999997,-6.273748293999972],[106.737625246,-6.273494944999982],[106.73813185300003,-6.273247885999979],[106.73864149299999,-6.2730071529999805],[106.73915408699997,-6.272772786000019],[106.73966955600002,-6.272544819000018],[106.74018781900003,-6.2723232879999955],[106.74070879700002,-6.27210822699999],[106.74123240799997,-6.271899671000028],[106.74175857199998,-6.271697650000021],[106.742287207,-6.271502195999972],[106.74281823199999,-6.2713133409999955],[106.74335156299998,-6.271131110999988],[106.74388711900002,-6.270955535999974],[106.74442481699998,-6.270786644999987],[106.744964573,-6.270624461000011],[106.745506304,-6.270469009999999],[106.74604992600001,-6.270320317000028],[106.74659535400002,-6.270178403999978],[106.747142505,-6.270043294999994],[106.747691293,-6.269915007999998],[106.74824163400001,-6.269793563999997],[106.74879344200002,-6.269678982000016],[106.74934663200003,-6.269571281000026],[106.74990111800003,-6.269470474999991],[106.75045681400002,-6.269376582000007],[106.75101363599998,-6.269289614000002],[106.75157149500001,-6.2692095869999775],[106.75213030600003,-6.269136512999978],[106.75268998199999,-6.269070402000011],[106.75325043599997,-6.269011265000017],[106.75381158200003,-6.2689591120000046],[106.75437333399998,-6.268913949000023],[106.75493560299998,-6.268875783999988],[106.75549830300002,-6.268844623999996],[106.75606134700001,-6.268820473000005],[106.75631411900002,-6.268831961999979],[106.75230624099999,-6.222941982999998]]],[[[106.87605624100001,-6.326581453000017],[106.87497291699998,-6.3265207740000164],[106.87374616199997,-6.326467787000013],[106.872303886,-6.326322275999985],[106.87133506800001,-6.326189409999984],[106.870086303,-6.326000136999994],[106.86792592,-6.325627542999996],[106.86607397,-6.325253832999977],[106.86427192100001,-6.324793815000021],[106.86242657999998,-6.324262179000016],[106.86089694700001,-6.323758111000018],[106.85907269299997,-6.323104381000007],[106.85665176700002,-6.322079583000004],[106.85446749900001,-6.321039573999997],[106.85282900800001,-6.320177027999989],[106.85101755800002,-6.319085433999987],[106.84917012400001,-6.317958074999979],[106.84650263399999,-6.3161661789999926],[106.844344933,-6.3145159910000075],[106.842726368,-6.313194017000001],[106.84148844700002,-6.312007047000009],[106.840337009,-6.310934597000028],[106.83917095200002,-6.3097832500000095],[106.83788925300001,-6.30838111700001],[106.836635973,-6.3068999340000005],[106.83547617200003,-6.305483009],[106.83477719299998,-6.304566835000003],[106.83420060700001,-6.303779411999983],[106.83366800800002,-6.302916408999977],[106.81725278800002,-6.313559827999995],[106.81732911300003,-6.314112079999973],[106.81740850699998,-6.314731995999978],[106.81748172099998,-6.315352672000017],[106.81754875000001,-6.315974047999987],[106.817609586,-6.316596061999974],[106.81766422300001,-6.317218651000019],[106.817713938,-6.317859415999976],[106.81775708700002,-6.3185006570000155],[106.81779366500001,-6.319142307999982],[106.817823669,-6.319784298999991],[106.81784709499999,-6.320426564999991],[106.81786394,-6.3210690369999725],[106.81787420500001,-6.321711648000019],[106.81787788600002,-6.322354329999996],[106.81787498300002,-6.322997015999988],[106.81786549700001,-6.32363964000001],[106.81784943000002,-6.324282131000018],[106.81782678100001,-6.324924425000006],[106.81766952599997,-6.3275014619999865],[106.81724606300003,-6.334441180999988],[106.81712495599999,-6.336425909000013],[106.81704426900001,-6.337627761000022],[106.81695805800001,-6.338829228999998],[106.81686632399999,-6.3400302869999905],[106.816769072,-6.341230909999979],[106.81666630199999,-6.342431073],[106.81655801599999,-6.343630750999978],[106.81644421499999,-6.344829917000027],[106.81632490499999,-6.3460285479999925],[106.81619384700002,-6.3472851239999954],[106.81605673299998,-6.3485410530000195],[106.81591356500002,-6.349796305999973],[106.81576434599998,-6.351050853000004],[106.81562134,-6.352207443999987],[106.81547319100002,-6.353363387999991],[106.815319902,-6.354518659000007],[106.81520794300002,-6.3550457059999985],[106.81508974299999,-6.355571386000008],[106.81496531900001,-6.3560956260000125],[106.81483468800002,-6.356618352999988],[106.814697868,-6.357139494000023],[106.81455487900001,-6.357658974000003],[106.81438018699998,-6.358223634000012],[106.81419881699998,-6.358786184999985],[106.81401079599999,-6.3593465440000045],[106.813816148,-6.359904635000021],[106.81361490199998,-6.360460379000017],[106.81340708599998,-6.361013695999986],[106.81319272799999,-6.361564511999973],[106.812971861,-6.36211274599998],[106.812744512,-6.362658323000005],[106.81251071600002,-6.363201165000021],[106.81227050500001,-6.363741197000024],[106.81202391300002,-6.364278343000024],[106.81177097199998,-6.364812527000026],[106.81151172199998,-6.365343673999973],[106.81124619600001,-6.3658717089999755],[106.81097443300001,-6.3663965580000195],[106.81069646999998,-6.366918148000025],[106.81041234600002,-6.367436406000024],[106.81012210300003,-6.367951258000005],[106.80982577999998,-6.368462632999979],[106.80954048299998,-6.368942156999992],[106.80924984,-6.369418456000005],[106.80895388900001,-6.369891472999996],[106.80865266400002,-6.370361146999983],[106.80834620399997,-6.370827417999976],[106.80803454699998,-6.37129023],[106.807717734,-6.371749523999995],[106.80739580199997,-6.372205242999996],[106.80706879299998,-6.3726573280000025],[106.80665673300001,-6.373231168000018],[106.80623884900001,-6.373800776999985],[106.805828668,-6.3743482930000255],[106.80541310500001,-6.3748917319999805],[106.804992202,-6.375431043999981],[106.80456600000002,-6.375966173999984],[106.804134541,-6.376497071000017],[106.803697866,-6.377023683999994],[106.80325601800001,-6.37754596000002],[106.80280903900001,-6.3780638499999895],[106.80235697500001,-6.378577302999986],[106.80189986699997,-6.379086269000027],[106.80143776099999,-6.379590697000026],[106.80097070300002,-6.380090540000026],[106.80049873600001,-6.380585746999998],[106.80002190800002,-6.381076271999973],[106.79954026399997,-6.381562066000015],[106.79905385199999,-6.382043082999985],[106.79856271900002,-6.382519274999993],[106.79806691300001,-6.382990595000024],[106.79756648099999,-6.383456998999975],[106.79706147399997,-6.383918440000002],[106.796551938,-6.384374874000002],[106.79603792500001,-6.384826255999997],[106.795519485,-6.385272541999996],[106.79499666800001,-6.385713688999999],[106.79446952400002,-6.386149653000018],[106.79393810599998,-6.3865803940000205],[106.793402464,-6.387005868000017],[106.79286265100001,-6.387426032999997],[106.79231872000003,-6.387840849999975],[106.79190702300002,-6.388116169],[106.79149267000003,-6.388387469000008],[106.790933757,-6.388726048000024],[106.79037147100001,-6.389058990000024],[106.78980586900002,-6.389386263000006],[106.789237007,-6.389707831999999],[106.788664944,-6.39002366699998],[106.78808973500003,-6.390333736000002],[106.78751144,-6.390638005000028],[106.78693011899998,-6.390936446000012],[106.78634582699999,-6.391229027999998],[106.78575862600002,-6.391515719999973],[106.78516857300002,-6.391796494000005],[106.78457573100002,-6.392071324000028],[106.78398015599998,-6.3923401779999836],[106.78338191,-6.392603033],[106.78278105300001,-6.392859858999998],[106.78217764700003,-6.393110632000003],[106.781571751,-6.393355326000005],[106.78096342700002,-6.393593915999986],[106.78034959000001,-6.393827557999998],[106.77973342500002,-6.394054986000015],[106.779114994,-6.394276176999995],[106.77849436100001,-6.394491104999986],[106.77787158899997,-6.394699752000008],[106.77724674199999,-6.39490209600001],[106.77661988300002,-6.395098114000007],[106.77599107600003,-6.395287788000019],[106.77536038599999,-6.395471099000019],[106.77472787599999,-6.395648026999993],[106.774093612,-6.395818555000005],[106.77345765799998,-6.395982663999973],[106.77282007899998,-6.396140338999999],[106.77218094,-6.396291564000023],[106.77154030600002,-6.39643632100001],[106.77089824299998,-6.396574597999972],[106.77025481599998,-6.396706380000012],[106.769610091,-6.3968316529999925],[106.76923802800002,-6.396880297999985],[106.768865232,-6.396922960999973],[106.768491799,-6.396959631000016],[106.76811782700003,-6.3969902979999915],[106.76774340999998,-6.397014956000021],[106.76762539200001,-6.397020826000016],[106.77467340800001,-6.480027101000019],[106.77559385299998,-6.479917611000019],[106.77656296700002,-6.479795538000019],[106.77753121500001,-6.479666774000009],[106.77849855,-6.479531323999993],[106.77946492500001,-6.47938919500001],[106.78043029600002,-6.479240394999977],[106.781394616,-6.479084929999999],[106.782357838,-6.478922807000004],[106.78331991699997,-6.478754035000009],[106.784280808,-6.478578620999997],[106.78524046299998,-6.478396573999987],[106.78619883699997,-6.478207902000008],[106.787155885,-6.4780126150000115],[106.788111561,-6.477810721000026],[106.78906581899997,-6.477602230999992],[106.79001861500001,-6.477387154999974],[106.79080351099998,-6.477204771000004],[106.7917061,-6.476989199999991],[106.79260725500001,-6.47676770999999],[106.79350693600003,-6.476540311000008],[106.79440510500001,-6.476307012000007],[106.79530172400001,-6.476067824999973],[106.796196754,-6.475822758999982],[106.79709015600002,-6.475571823999985],[106.797981892,-6.47531503099998],[106.79887192400003,-6.475052392999999],[106.79976021200002,-6.474783919000004],[106.80064671999997,-6.474509622000028],[106.801531409,-6.474229513000012],[106.801779039,-6.474149963000002],[106.80266143199998,-6.473862401000019],[106.80354191800001,-6.4735690549999845],[106.80442046000002,-6.473269936999998],[106.80529701900002,-6.472965058999989],[106.806171559,-6.472654434999981],[106.80704404099998,-6.472338078000007],[106.807914429,-6.472016000999986],[106.808782683,-6.4716882189999865],[106.80964876799999,-6.4713547459999745],[106.810512646,-6.4710155959999724],[106.811374279,-6.470670783000003],[106.81390670500002,-6.469537869000021],[106.81478609999999,-6.469179621000023],[106.815662783,-6.468814780999992],[106.81653670399999,-6.468443373000014],[106.817407812,-6.468065416000002],[106.81827605900003,-6.467680931000018],[106.81914139700001,-6.46728994099999],[106.82000377499998,-6.46689246699998],[106.82086314700001,-6.466488530999982],[106.82171946300002,-6.466078157000027],[106.822572675,-6.465661366999996],[106.82342273500001,-6.465238186000022],[106.82426959499998,-6.464808635999987],[106.825113209,-6.464372743000013],[106.82595352700002,-6.463930528999981],[106.82679050299998,-6.463482021999994],[106.82762408999997,-6.463027244999978],[106.82845423999999,-6.462566224],[106.82928090799999,-6.462098986000001],[106.83010404599997,-6.461625556999991],[106.83092360799998,-6.461145962999979],[106.83173954900002,-6.46066023100002],[106.83255181999999,-6.460168388999989],[106.83331226299998,-6.459700331000022],[106.83406938299999,-6.459226915999977],[106.83482314499997,-6.4587481699999785],[106.83557351000002,-6.458264116000009],[106.83632043900002,-6.457774776999997],[106.837063898,-6.4572801790000085],[106.83780384800002,-6.456780347999995],[106.83854025199997,-6.45627530500002],[106.839273075,-6.455765078000013],[106.84000228000002,-6.455249691999995],[106.840727829,-6.454729171999986],[106.84124400000002,-6.454354111999976],[106.84175827399997,-6.453976453999985],[106.84227063600002,-6.4535962069999755],[106.84303899499997,-6.453006899999991],[106.84380350700002,-6.452412611999989],[106.84456414099998,-6.451813367999989],[106.84532086600001,-6.45120919499999],[106.84607365,-6.450600114999986],[106.84682246,-6.449986157000012],[106.847567266,-6.449367345999974],[106.848308035,-6.448743706000016],[106.84904473699999,-6.4481152669999915],[106.84977734,-6.447482051999998],[106.85050581299998,-6.446844091000003],[106.85123012600002,-6.446201407999979],[106.85195024799998,-6.445554032000018],[106.85270610999999,-6.444865343000004],[106.85345722900001,-6.444171482999991],[106.85420356899999,-6.443472483999983],[106.854945096,-6.442768380000018],[106.85568177599998,-6.442059202999985],[106.856413573,-6.441344989000015],[106.85714045200001,-6.4406257690000075],[106.85786237999997,-6.4399015770000005],[106.85857660699997,-6.439175229999989],[106.859285854,-6.438444016000005],[106.85999008700003,-6.4377079700000195],[106.86070231399998,-6.436953211999992],[106.86140926799999,-6.4361935119999885],[106.862110917,-6.435428908000006],[106.86280722499998,-6.434659435000015],[106.86349816,-6.433885132],[106.86418368599999,-6.43310603499998],[106.86486377300002,-6.432322183999986],[106.86553838499998,-6.431533613999989],[106.86620749100001,-6.430740366000009],[106.866871059,-6.429942476999997],[106.86752905499998,-6.429139985999996],[106.86818145000001,-6.428332931999989],[106.86882820900001,-6.427521354000021],[106.86946930200003,-6.426705292000008],[106.87010469900002,-6.425884784999994],[106.87073436999998,-6.42505987200002],[106.87135828100003,-6.424230593999994],[106.871976405,-6.423396991000004],[106.87258871,-6.422559104000015],[106.873195167,-6.421716972000013],[106.87379574800002,-6.420870637999997],[106.87439042300002,-6.420020141000009],[106.87497916199999,-6.419165523000004],[106.87556193799998,-6.418306826999981],[106.87609724800001,-6.417515921000017],[106.87662691999998,-6.416721226999982],[106.87715092899998,-6.415922785000021],[106.87766924599998,-6.415120634999994],[106.87818184600002,-6.41431481699999],[106.87868870300002,-6.413505373000021],[106.87918979099999,-6.412692343000003],[106.879685085,-6.411875769000005],[106.88017456,-6.41105569299998],[106.88065819100001,-6.4102321540000275],[106.881135954,-6.409405197000012],[106.881607825,-6.408574859999987],[106.88187650499998,-6.408094145000007],[106.882073779,-6.407741186999999],[106.88253379399998,-6.406904220999991],[106.88298784599999,-6.406064002999983],[106.88343591199998,-6.4052205759999765],[106.88387797000001,-6.404373983000028],[106.884313996,-6.403524265999977],[106.88474396999999,-6.4026714689999835],[106.88516786899999,-6.401815634000002],[106.88558567199999,-6.400956805000021],[106.88599735700001,-6.400095024999985],[106.886402906,-6.399230338999985],[106.88680229599998,-6.398362788999975],[106.88719550600001,-6.397492419000002],[106.88758252000002,-6.396619273999988],[106.88796331499998,-6.395743397999979],[106.88833787300001,-6.394864835000021],[106.88870617399999,-6.39398362899999],[106.88906820099999,-6.393099826000025],[106.88942393500002,-6.392213468000023],[106.88975613399998,-6.391368856999975],[106.890082619,-6.390522019000002],[106.890403375,-6.389672994000023],[106.89071838699999,-6.388821818999986],[106.891027641,-6.387968532999992],[106.89133112399998,-6.387113177000003],[106.89162882,-6.386255788000028],[106.891920717,-6.385396405999984],[106.89220680199998,-6.384535072000006],[106.892487061,-6.383671821999997],[106.89269721900001,-6.382983277999983],[106.89290371099997,-6.382293624999988],[106.89310653299998,-6.381602884000017],[106.893366931,-6.380695461000016],[106.89362099300001,-6.379786242000023],[106.893868709,-6.378875272000016],[106.894110065,-6.377962595999975],[106.89434504899998,-6.377048257000013],[106.89457365099997,-6.376132299999995],[106.894795859,-6.375214770000014],[106.89501166299999,-6.374295711000002],[106.895221053,-6.373375168999985],[106.89542506999999,-6.372448319],[106.89562258500001,-6.3715200610000124],[106.89581358700002,-6.370590439000011],[106.895998066,-6.369659501000001],[106.89617601499998,-6.368727289999981],[106.896347424,-6.367793855000002],[106.89651228499997,-6.366859239000007],[106.896670589,-6.36592349],[106.89682232899997,-6.364986653000017],[106.89696177899998,-6.364086567000015],[106.89709516900001,-6.363185562000012],[106.89722249300002,-6.362283678999972],[106.89734374699998,-6.3613809600000195],[106.89745892500002,-6.360477445000015],[106.89756802099998,-6.359573173999991],[106.89774612399998,-6.358230180000021],[106.897917377,-6.356886294999981],[106.898081773,-6.355541551999977],[106.89823931000001,-6.354195988000015],[106.89838998200003,-6.352849638999999],[106.89853378800001,-6.351502536999988],[106.89867072200002,-6.350154718999988],[106.89880077999999,-6.348806218999982],[106.89892396099998,-6.347457072999987],[106.89904025999999,-6.346107317000019],[106.899149674,-6.344756983000025],[106.89925220200001,-6.343406109999989],[106.89934784000002,-6.3420547299999726],[106.89943658499999,-6.340702881000027],[106.899518436,-6.339350594999985],[106.899593391,-6.337997909000023],[106.89966144700003,-6.336644858999989],[106.89972260399998,-6.335291478999977],[106.899776858,-6.333937804000016],[106.89982420899997,-6.332583869000018],[106.89986465599998,-6.331229710999992],[106.89989819700003,-6.3298753639999745],[106.899924833,-6.328520862999994],[106.89994456199997,-6.327166244000011],[106.899957384,-6.325811541999997],[106.89996329899998,-6.324456790999989],[106.89996230499997,-6.323102027999994],[106.899956003,-6.322021302999985],[106.89931162200003,-6.322284302000014],[106.89802242299999,-6.322803331999978],[106.89658972500001,-6.323310922000019],[106.89562031499997,-6.323668504000011],[106.89448839200003,-6.324045812999998],[106.893370603,-6.324365656999987],[106.89225985399997,-6.324649589999979],[106.890597275,-6.325064709000003],[106.88919272700002,-6.325428647000024],[106.888031501,-6.325640990000011],[106.88641862600002,-6.325919560999978],[106.88497766,-6.326132912999981],[106.883536639,-6.326331908999975],[106.882202947,-6.326458746000014],[106.88084747699997,-6.3265138909999905],[106.879635355,-6.326539808000007],[106.87852367900001,-6.326572536000015],[106.876952969,-6.326614096000014],[106.87605624100001,-6.326581453000017]]],[[[106.825989521,-6.286443307000013],[106.82512312199998,-6.282374345999983],[106.82471146900002,-6.279505030999985],[106.82449248500001,-6.277036946999999],[106.824349611,-6.274453768000001],[106.82428244800002,-6.271640664000017],[106.82440348900002,-6.267946541000015],[106.82458802999997,-6.266012923999995],[106.82486820100002,-6.2640789760000075],[106.82529951499998,-6.261608629000023],[106.82561933199997,-6.260076448000007],[106.82603490899999,-6.258582212000022],[106.82664014199997,-6.25662799700001],[106.82712257700001,-6.255111039999974],[106.82843015499998,-6.251632885999982],[106.82985399400002,-6.2485921159999975],[106.83152144000002,-6.245485907999978],[106.83291898499999,-6.243141385999991],[106.834431844,-6.240961529999993],[106.83594534100001,-6.238968268000008],[106.83798098699998,-6.236578458999986],[106.84042500100003,-6.234072389999994],[106.84266249299998,-6.231990472000007],[106.84438576600002,-6.230527553999991],[106.846081072,-6.229272858000002],[106.847826468,-6.227989276000017],[106.84993018099999,-6.226632666],[106.85143300800001,-6.225715944000001],[106.85354485300002,-6.224639190999994],[106.856158085,-6.223388426999975],[106.85727494899999,-6.222851514000013],[106.857154289,-6.2227366039999765],[106.856487329,-6.222110457999975],[106.85584757599997,-6.221518197000023],[106.855203808,-6.220930307999993],[106.85455605700002,-6.220346821000021],[106.85390435,-6.219767761000014],[106.85324871799997,-6.219193155000028],[106.85258919299997,-6.218623029000014],[106.85192580400002,-6.218057411000018],[106.85125858200001,-6.217496326999992],[106.850527725,-6.216890551000006],[106.84979240000001,-6.216290214000026],[106.84905264899999,-6.215695349999976],[106.84830850999998,-6.215105990999973],[106.847560026,-6.214522170999999],[106.84680723700001,-6.213943917999984],[106.84605018500002,-6.213371268000003],[106.845288912,-6.212804252000012],[106.84452346,-6.2122428979999995],[106.84375386800002,-6.211687240000003],[106.84298018300001,-6.211137307999991],[106.842202445,-6.210593130999996],[106.841420696,-6.210054738999986],[106.84063498,-6.209522162999974],[106.839845341,-6.208995431000005],[106.83923324699998,-6.2085932169999865],[106.83861913499999,-6.208194091999985],[106.83777478100001,-6.207652472999996],[106.83692671099999,-6.207116696000014],[106.83607496799999,-6.206586789000028],[106.83521959299998,-6.206062777999989],[106.834360624,-6.205544685000007],[106.833498104,-6.205032537000022],[106.83263207200002,-6.20452635800001],[106.831762572,-6.2040261710000095],[106.83088964400002,-6.203531999999996],[106.830013328,-6.203043869999988],[106.82913366899999,-6.202561804000027],[106.828250706,-6.202085823000004],[106.827364483,-6.201615951000008],[106.82647504200003,-6.201152212000011],[106.825582424,-6.200694624999983],[106.82468667199998,-6.200243214000011],[106.82380021199998,-6.199804081000025],[106.82291078700001,-6.199370994999981],[106.822018437,-6.198943976999999],[106.82112320499999,-6.198523046999981],[106.82022512999998,-6.198108224000009],[106.81932425600002,-6.197699527999987],[106.818406563,-6.197290771999974],[106.81748606999997,-6.196888372999979],[106.81656282,-6.196492350000028],[106.815636858,-6.196102723000024],[106.814708226,-6.1957195100000035],[106.81377696999999,-6.195342729999993],[106.81284941000001,-6.194974863000027],[106.811919348,-6.1946133779999855],[106.81098682800001,-6.194258290999983],[106.81005189500002,-6.19390961900001],[106.809114593,-6.193567379000001],[106.80817496499998,-6.193231586000024],[106.80723305499998,-6.192902258000004],[106.806288908,-6.192579409000018],[106.805342569,-6.192263054000023],[106.80439408199999,-6.191953207999973],[106.80344349299997,-6.191649885999993],[106.80257658599999,-6.191379520999988],[106.801708007,-6.191114579999976],[106.80083779199998,-6.190855076999981],[106.79996597399997,-6.190601017999995],[106.79909258599997,-6.1903524169999855],[106.798572321,-6.190186400000016],[106.79804992200002,-6.190027235000002],[106.797525479,-6.189874950999979],[106.79699908200001,-6.189729575000001],[106.79647082399998,-6.189591129000007],[106.795940793,-6.189459640999985],[106.79540753399999,-6.189334778999978],[106.794872677,-6.1892169579999745],[106.794336316,-6.18910619899998],[106.79379854400003,-6.189002519999974],[106.79325945300002,-6.188905938999994],[106.793008375,-6.188864366000018],[106.77559849099998,-6.269708150999975],[106.775669247,-6.269711363999988],[106.77624010300002,-6.269830434000028],[106.77680952899999,-6.26995617099999],[106.77737744699999,-6.270088558999987],[106.77794378099998,-6.2702275799999825],[106.77850845199998,-6.270373215000006],[106.77907138199998,-6.270525442999997],[106.77963249700002,-6.270684244999984],[106.78019171900002,-6.270849597999984],[106.78074896999999,-6.271021479000012],[106.78130417699998,-6.271199866000018],[106.78185726100003,-6.27138473399998],[106.78240814899999,-6.271576057999994],[106.782956764,-6.271773811000003],[106.78350303299999,-6.271977966999998],[106.78404688,-6.2721884960000125],[106.78458822900001,-6.27240537199998],[106.78512701,-6.2726285640000015],[106.78566314699998,-6.272858041999996],[106.786196566,-6.273093775000007],[106.786702891,-6.27332448300001],[106.78720661400001,-6.2735608259999935],[106.78777028100001,-6.273853528000018],[106.78833074800002,-6.274152320999974],[106.78888794900001,-6.274457168000026],[106.78944181899999,-6.274768032999987],[106.789992294,-6.275084880999998],[106.79053930700002,-6.275407674000007],[106.791082797,-6.275736374000019],[106.79162269800003,-6.276070942999979],[106.79215894700002,-6.276411341000028],[106.79269148100002,-6.276757528000019],[106.793220239,-6.277109465000024],[106.79374515799998,-6.277467108999986],[106.794266177,-6.277830419999987],[106.79478323400002,-6.27819935399998],[106.79529627,-6.278573866999977],[106.79580522200001,-6.278953917000024],[106.796310033,-6.279339457999981],[106.796810644,-6.279730444999984],[106.797306994,-6.2801268339999865],[106.797799026,-6.280528575999995],[106.79828668200003,-6.280935624999984],[106.79876990600002,-6.281347933000006],[106.79924864100002,-6.281765452000002],[106.79972282900002,-6.282188132999977],[106.800192417,-6.282615926000005],[106.800657349,-6.283048780999991],[106.80111756899998,-6.283486648999997],[106.80157302499998,-6.283929476000026],[106.802023663,-6.284377210999992],[106.80246943100002,-6.28482980199999],[106.802910274,-6.285287197000002],[106.803346143,-6.285749339000006],[106.803776986,-6.286216178000018],[106.80419092599999,-6.286674418000018],[106.80460002199999,-6.28713699299999],[106.80500423000001,-6.287603849999982],[106.805403506,-6.288074939000012],[106.805797805,-6.288550204999979],[106.80618708399999,-6.289029599000003],[106.806571298,-6.289513064000005],[106.80695040699999,-6.290000549000013],[106.80732436599999,-6.290491998999983],[106.807693137,-6.290987359999974],[106.80805667599998,-6.291486577000001],[106.808174426,-6.291651901000023],[106.825989521,-6.286443307000013]]]]},"properties":{"OBJECTID":202,"NAMOBJ":"Pondok Cabe","IDBNDR":null,"KODBNDR":null,"KAWASAN":"Permukaan Horizontal Luar","KEMIRINGAN":null,"LNDSNPC":null,"ELEVASI_1":null,"ELEVASI_2":null,"ELEVASIMSL_1":null,"ELEVASIMSL_2":null,"DISTANCE_1":null,"DISTANCE_2":null,"REFMSL":null,"RUMUS":null,"KETERANGAN":null,"SHAPE.AREA":0.0423170505374656,"SHAPE.LEN":1.55006108613892}},{"type":"Feature","id":203,"geometry":{"type":"MultiPolygon","coordinates":[[[[106.75177479400003,-6.377602873000001],[106.75142084599997,-6.377535260999991],[106.75106789699998,-6.377461347000008],[106.75071630999997,-6.377381201999981],[106.75036619299999,-6.377294854000013],[106.750017657,-6.37720232800001],[106.74967081,-6.377103653000006],[106.74932576100002,-6.376998859000025],[106.74898261700002,-6.376887980999982],[106.74861937600002,-6.3767632400000025],[106.74825854599999,-6.376631680999992],[106.74790025599998,-6.376493347999997],[106.74754463199997,-6.376348292999978],[106.747066442,-6.376153520000003],[106.74659101499998,-6.375952086999973],[106.74611844700001,-6.3757440329999895],[106.74564882700002,-6.375529400999994],[106.745182247,-6.3753082310000195],[106.74471879999999,-6.375080566999998],[106.744258575,-6.374846451999986],[106.74380165999997,-6.374605932999998],[106.743348148,-6.374359056000003],[106.74289812400002,-6.3741058690000045],[106.74245167599997,-6.3738464219999855],[106.74200889299999,-6.373580765999975],[106.74156986000003,-6.373308951000013],[106.74113466300003,-6.373031031999972],[106.740703386,-6.3727470619999735],[106.740276113,-6.372457096000005],[106.739852928,-6.372161190999975],[106.73943391400002,-6.371859405000009],[106.73901915099998,-6.371551796999995],[106.73860872099999,-6.371238425000001],[106.73820270499999,-6.370919352999977],[106.73780117899997,-6.370594642000015],[106.73740422399999,-6.370264352999982],[106.73701191700002,-6.369928554000012],[106.73662433300001,-6.369587308999996],[106.736241549,-6.369240683999976],[106.735863639,-6.368888745999982],[106.73549067599998,-6.368531565000012],[106.73512273400002,-6.368169210000019],[106.73475988400003,-6.367801751999991],[106.734402198,-6.3674292630000195],[106.73404974300001,-6.367051812999989],[106.73370258900002,-6.366669478999995],[106.73336080500002,-6.366282333000015],[106.73302445500002,-6.365890451999974],[106.73269360699999,-6.365493910999987],[106.73236832399999,-6.365092789000016],[106.73204866999998,-6.364687162999985],[106.73173470699999,-6.3642771109999785],[106.73142649599998,-6.363862716000028],[106.73112409800001,-6.363444055000002],[106.73082756999997,-6.3630212130000245],[106.73053697199998,-6.362594270999978],[106.73025235900002,-6.3621633110000175],[106.729973788,-6.361728418999974],[106.72970131099999,-6.3612896779999915],[106.72943498400002,-6.3608471750000035],[106.72917485599999,-6.36040099500002],[106.72892098099999,-6.359951226000021],[106.728673404,-6.359497954999995],[106.72843217799999,-6.359041271000024],[106.728197346,-6.358581263000019],[106.72796895599998,-6.358118019000017],[106.72774705199998,-6.35765163100001],[106.727531677,-6.357182189000014],[106.72732287299999,-6.356709785000021],[106.72712068200002,-6.356234511000025],[106.72692514099998,-6.35575645900002],[106.72673629000002,-6.355275722999977],[106.72655416399999,-6.3547923959999935],[106.72637880100001,-6.35430657400002],[106.72621023300002,-6.353818348000004],[106.726048494,-6.353327816999979],[106.72589361399997,-6.352835073999984],[106.725745625,-6.352340216000016],[106.72560455500002,-6.351843339000027],[106.72547043100002,-6.3513445419999925],[106.72534328,-6.350843918999999],[106.72522312699999,-6.3503415690000224],[106.72510999399998,-6.349837589999993],[106.725003904,-6.349332081],[106.72490487699997,-6.348825137999995],[106.72481293300001,-6.3483168629999795],[106.72472809099997,-6.347807352000018],[106.72465036400001,-6.347296706000009],[106.72457976999999,-6.346785024999974],[106.724516322,-6.346272408000004],[106.72446003300001,-6.345758952999972],[106.72441091299999,-6.345244763999972],[106.72436897199998,-6.344729938],[106.72433421800002,-6.3442145770000025],[106.724306657,-6.343698780000011],[106.72428629500001,-6.343182649000028],[106.72427313700001,-6.342666283000028],[106.72431989199998,-6.341456790999985],[106.72438992500003,-6.339800651000019],[106.72446689899999,-6.338144818999979],[106.72455080999998,-6.336489324000013],[106.724641657,-6.334834195999974],[106.72473944000001,-6.333179464000011],[106.72484415399998,-6.331525155999998],[106.72495579999998,-6.329871301000026],[106.72507437600001,-6.328217929999994],[106.72519987800001,-6.3265650710000045],[106.725332304,-6.324912752999978],[106.72547165399999,-6.323261004000017],[106.72561792300002,-6.321609856000009],[106.725771108,-6.319959333999975],[106.72589170200001,-6.318709983000019],[106.72601625800002,-6.3174610209999855],[106.72609031600001,-6.316964330000019],[106.726171287,-6.316468722000025],[106.726259153,-6.315974290999975],[106.726353899,-6.315481132999992],[106.72645550700003,-6.3149893440000255],[106.72656395400003,-6.314499021000017],[106.72667922300002,-6.314010257000007],[106.72680128799999,-6.313523148000002],[106.726930127,-6.31303778900002],[106.72706571499998,-6.312554273999979],[106.72720802600003,-6.312072697000019],[106.727357031,-6.311593151000011],[106.72751270200001,-6.311115730999973],[106.727675008,-6.3106405269999755],[106.72784391800002,-6.310167633999981],[106.72801278100002,-6.309714530000008],[106.72818770700002,-6.309263735000002],[106.72836866400002,-6.308815331000005],[106.72855561900002,-6.308369396999979],[106.72874853899998,-6.307926012999985],[106.72894738999997,-6.307485261000011],[106.72915213499999,-6.30704721799998],[106.72936273699997,-6.306611965000002],[106.72957915900002,-6.306179579000002],[106.72980136000001,-6.305750138999997],[106.73002930299998,-6.305323720999979],[106.730262944,-6.3049004029999764],[106.73050224299999,-6.304480260999981],[106.730747156,-6.304063370999984],[106.73099763900001,-6.303649806999999],[106.73130304900002,-6.3031873049999945],[106.73161440899997,-6.302728791999982],[106.73193166800002,-6.302274345000001],[106.73225477199998,-6.301824040999975],[106.73258366800002,-6.301377955000021],[106.7329183,-6.300936162000028],[106.73325861400002,-6.300498733999973],[106.73360455099998,-6.300065747000019],[106.73395605299999,-6.299637270000005],[106.734313063,-6.2992133760000115],[106.73467552099999,-6.298794138000005],[106.73504336399998,-6.298379622000027],[106.73541653299998,-6.297969901999977],[106.73577674400002,-6.297584297000014],[106.73614167199997,-6.2972031589999915],[106.73651125999999,-6.296826545999977],[106.736885454,-6.296454514000004],[106.73726419600001,-6.296087118999992],[106.73764743100003,-6.29572441900001],[106.73803509800001,-6.295366466000019],[106.73842714,-6.295013315999995],[106.738823497,-6.294665021000014],[106.73922410799997,-6.2943216360000065],[106.73962891399998,-6.293983211000011],[106.74003785299999,-6.293649798999979],[106.74045086199999,-6.293321450000008],[106.74085134299997,-6.293020989000013],[106.741256099,-6.292726319999986],[106.74166504599998,-6.292437505000009],[106.742078101,-6.292154601999982],[106.74249517700002,-6.291877671000009],[106.74291619000002,-6.291606768999998],[106.74334105100002,-6.291341950999993],[106.74376967299997,-6.29108327199998],[106.74420196699998,-6.290830787000004],[106.74463784400001,-6.290584545999991],[106.74507721399999,-6.290344601000015],[106.74551998499999,-6.290111002000003],[106.74596606799997,-6.2898837960000265],[106.746415367,-6.289663030999975],[106.74686779299998,-6.289448752999988],[106.74732325100001,-6.289241005000008],[106.74776128600001,-6.289048599000012],[106.74820192099997,-6.2888622350000105],[106.74864507400002,-6.288681945999997],[106.74909065999998,-6.288507766999999],[106.74953859599998,-6.288339730000018],[106.749988798,-6.288177867999991],[106.75044117800002,-6.288022210999998],[106.75089565399998,-6.287872789000005],[106.75135213800002,-6.287729629000012],[106.75181054400002,-6.287592759000006],[106.75227078699999,-6.287462203000018],[106.75273277899998,-6.28733798799999],[106.75319643300003,-6.28722013700002],[106.75366166100002,-6.287108670999999],[106.75412837599998,-6.287003611999978],[106.754596489,-6.286904979999974],[106.75506591200002,-6.286812793000024],[106.75553655599998,-6.286727068000005],[106.75600833300001,-6.28664782200002],[106.75646710199999,-6.286574637000001],[106.756926701,-6.286506869999982],[106.75738706700002,-6.286444530999972],[106.75784813500002,-6.286387628999989],[106.75631411900002,-6.268831961999979],[106.75606134700001,-6.268820473000005],[106.75549830300002,-6.268844623999996],[106.75493560299998,-6.268875783999988],[106.75437333399998,-6.268913949000023],[106.75381158200003,-6.2689591120000046],[106.75325043599997,-6.269011265000017],[106.75268998199999,-6.269070402000011],[106.75213030600003,-6.269136512999978],[106.75157149500001,-6.2692095869999775],[106.75101363599998,-6.269289614000002],[106.75045681400002,-6.269376582000007],[106.74990111800003,-6.269470474999991],[106.74934663200003,-6.269571281000026],[106.74879344200002,-6.269678982000016],[106.74824163400001,-6.269793563999997],[106.747691293,-6.269915007999998],[106.747142505,-6.270043294999994],[106.74659535400002,-6.270178403999978],[106.74604992600001,-6.270320317000028],[106.745506304,-6.270469009999999],[106.744964573,-6.270624461000011],[106.74442481699998,-6.270786644999987],[106.74388711900002,-6.270955535999974],[106.74335156299998,-6.271131110999988],[106.74308451799999,-6.27122235600001],[106.74281823199999,-6.2713133409999955],[106.742287207,-6.271502195999972],[106.74175857199998,-6.271697650000021],[106.74123240799997,-6.271899671000028],[106.74070879700002,-6.27210822699999],[106.74018781900003,-6.2723232879999955],[106.73966955600002,-6.272544819000018],[106.73915408699997,-6.272772786000019],[106.73864149299999,-6.2730071529999805],[106.73813185300003,-6.273247885999979],[106.737625246,-6.273494944999982],[106.73712174999997,-6.273748293999972],[106.73662144299999,-6.274007891999986],[106.73612440300002,-6.274273699999981],[106.735693787,-6.274510478000025],[106.73526576199998,-6.274751917000003],[106.73484038100003,-6.2749979879999955],[106.73441769300001,-6.2752486630000135],[106.73399774699999,-6.2755039119999765],[106.73358059200001,-6.275763704999974],[106.733034627,-6.276105190999999],[106.73249224800003,-6.276452350999989],[106.73195351499999,-6.276805148999983],[106.73141848300003,-6.277163544000018],[106.73088721099998,-6.277527498999973],[106.73035975900001,-6.277896972999997],[106.72983618199999,-6.278271926999992],[106.72931653799998,-6.278652320999981],[106.72880088400001,-6.279038113000013],[106.72828927500001,-6.279429259999972],[106.72778176600002,-6.279825720000019],[106.72727841300002,-6.28022745200002],[106.72676361100002,-6.280647317999978],[106.72625334899999,-6.281072696000024],[106.72574768499999,-6.281503537999981],[106.72524667900001,-6.281939795000028],[106.72475038599998,-6.282381413999985],[106.724258867,-6.28282834700002],[106.72377217600001,-6.283280540000021],[106.72329036999997,-6.283737942000016],[106.72281350600002,-6.284200499000008],[106.722341637,-6.2846681589999775],[106.72187481999998,-6.285140867999985],[106.721413106,-6.285618570999986],[106.72095654999998,-6.286101211000016],[106.720505205,-6.28658873400002],[106.720121839,-6.287038747999986],[106.71974359900003,-6.287493084000005],[106.719370535,-6.287951684999996],[106.719002693,-6.288414492000015],[106.718640123,-6.288881444000026],[106.71828287099999,-6.289352483000016],[106.71793098,-6.289827546000026],[106.717584499,-6.290306573999999],[106.717243472,-6.290789503999974],[106.71690794099999,-6.291276276000019],[106.71657795200002,-6.291766822999989],[106.71625354499997,-6.292261085999996],[106.71593476200002,-6.2927589999999896],[106.71561097799997,-6.293277811999985],[106.71529330099997,-6.293800389000012],[106.71498177400002,-6.294326661000014],[106.71467644,-6.294856555000024],[106.71437734199998,-6.295389998000019],[106.71408452100002,-6.295926915999985],[106.71379801699999,-6.296467235000023],[106.71351786999998,-6.297010881000006],[106.71324411799998,-6.297557781000023],[106.71297679899999,-6.298107856999991],[106.71271594900003,-6.2986610329999735],[106.71246160499999,-6.299217235000015],[106.71221380200001,-6.299776386000019],[106.71197257300003,-6.300338407000027],[106.71173795300001,-6.300903221999988],[106.71149860700001,-6.301458764000017],[106.71126532099998,-6.302016880999986],[106.71103812400003,-6.302577507000024],[106.71081704099998,-6.303140573999997],[106.710602101,-6.303706019000003],[106.71039332700002,-6.304273770999998],[106.71019074399999,-6.304843765999976],[106.70999437799998,-6.305415933000006],[106.70980424999999,-6.305990206999979],[106.70962038300001,-6.306566518000011],[106.70944280100002,-6.307144799000014],[106.70927152299998,-6.307724979999989],[106.70910657000002,-6.30830699400002],[106.70894796099998,-6.308890770000005],[106.708795716,-6.309476239999981],[106.70864985100002,-6.310063334000006],[106.708510386,-6.310651984000003],[106.70837411399998,-6.311256786000001],[106.70824459800002,-6.311863071999994],[106.70812185199998,-6.31247076599999],[106.708005893,-6.313079793999975],[106.70789673399997,-6.313690080000015],[106.70779438900001,-6.314301544999978],[106.70769887099999,-6.314914116000011],[106.707610193,-6.315527714999973],[106.70752836499997,-6.316142265999986],[106.707453396,-6.316757693],[106.70738529800002,-6.3173739189999765],[106.70732407700001,-6.317990866000002],[106.707269742,-6.318608459000018],[106.70722230000001,-6.319226619999995],[106.707181757,-6.3198452729999985],[106.70714811699997,-6.320464340000001],[106.707121385,-6.321083742999974],[106.70638086299999,-6.333258902000011],[106.70616295000002,-6.338506236000001],[106.706114706,-6.3390601360000005],[106.70607274899999,-6.339614546000007],[106.70603708300001,-6.340169399999979],[106.70600771400001,-6.340724620999993],[106.705984645,-6.341280141000027],[106.70596787900001,-6.341835887000002],[106.70595742,-6.342391786000007],[106.705953266,-6.342947770000023],[106.70595542000001,-6.34350376499998],[106.70596428300001,-6.34407872700001],[106.70597989100003,-6.344653545000028],[106.70600224200001,-6.345228141000007],[106.70603133200001,-6.3458024340000065],[106.706067158,-6.346376346],[106.70610971600001,-6.346949799000015],[106.70615899900002,-6.3475227110000105],[106.70621500099998,-6.348095005000005],[106.70627771199997,-6.34866660199998],[106.70634712600003,-6.349237424000023],[106.70642323300001,-6.349807391000013],[106.70650602199999,-6.35037642399999],[106.70659548200001,-6.350944447000018],[106.7066916,-6.351511378999987],[106.70679436299997,-6.352077142999974],[106.70690375700002,-6.352641661999996],[106.70703054299997,-6.353259600000001],[106.70716406999998,-6.353876114000002],[106.70730431999999,-6.3544911330000104],[106.70745127800001,-6.355104582000024],[106.70760492400001,-6.355716388000019],[106.707765242,-6.356326479000018],[106.70793221299999,-6.356934781000007],[106.70810581500001,-6.3575412210000195],[106.70828602900002,-6.358145729],[106.70847283199998,-6.358748230999993],[106.708666203,-6.359348655000019],[106.70886611999998,-6.359946928999989],[106.70907255600002,-6.360542983000016],[106.70928548900002,-6.36113674500001],[106.70950489199998,-6.361728144999972],[106.70973175,-6.36231970099999],[106.709965081,-6.362908730000015],[106.71020485899999,-6.363495161999992],[106.71045105399998,-6.364078928000026],[106.710703637,-6.364659954999979],[106.71096257699998,-6.365238175000002],[106.711227844,-6.365813516999992],[106.711499404,-6.366385911999998],[106.71177722700003,-6.3669552929999895],[106.71206127599999,-6.367521588999978],[106.71235152100002,-6.368084732999989],[106.71264792400001,-6.368644657000004],[106.71295045,-6.369201293000003],[106.71325906300001,-6.369754575000002],[106.71357372699998,-6.370304436000026],[106.71386321300002,-6.370815672999981],[106.71415852500002,-6.371323562999976],[106.71445962600001,-6.371828040000025],[106.71476647499998,-6.372329037999975],[106.71507903399998,-6.3728264920000015],[106.71539726100002,-6.373320335000017],[106.71572111400002,-6.3738105049999945],[106.71605054999998,-6.3742969360000075],[106.71638552799999,-6.374779563999994],[106.71672600300002,-6.375258326999983],[106.71707193100002,-6.375733163000007],[106.71742326499998,-6.376204008000002],[106.71777996100002,-6.376670800999989],[106.71814197200001,-6.3771334819999765],[106.71851241299998,-6.377595892999977],[106.71888816299997,-6.378053996999995],[106.719269172,-6.378507732999992],[106.71965538900002,-6.378957042000025],[106.72004676099999,-6.379401862000009],[106.72044323799997,-6.37984213499999],[106.72084476600003,-6.380277803000013],[106.72125129300002,-6.380708807000019],[106.721700263,-6.381143161000011],[106.72215391499998,-6.381572618000007],[106.722612196,-6.381997129000013],[106.72307504999998,-6.382416644999978],[106.72354242400002,-6.382831113999998],[106.724014264,-6.383240490999981],[106.72449051199999,-6.383644725000011],[106.72497111299998,-6.384043769000016],[106.725456011,-6.384437575999982],[106.72594514899998,-6.384826100999987],[106.72643847,-6.385209297000017],[106.72693591500001,-6.385587120000025],[106.727437425,-6.385959523999986],[106.72794294200003,-6.3863264670000035],[106.72845240700002,-6.386687903999984],[106.728965759,-6.3870437940000215],[106.72948293899998,-6.387394094999991],[106.73000388499997,-6.387738765999984],[106.73052853600001,-6.388077765999981],[106.73105683,-6.3884110540000165],[106.73158870700001,-6.388738593000028],[106.73212410100001,-6.389060342999983],[106.732662952,-6.389376265999999],[106.73321544999999,-6.389692115999992],[106.73377140299999,-6.390001840000025],[106.734330742,-6.390305400999978],[106.73489339899999,-6.390602763000004],[106.735459306,-6.390893887000004],[106.73602839300003,-6.391178739999987],[106.73660059100001,-6.391457285999991],[106.73717583000001,-6.3917294920000245],[106.73775404000003,-6.391995323999993],[106.73833515000001,-6.392254749000017],[106.73891908899998,-6.392507737000017],[106.73950578699998,-6.392754255999989],[106.74013784800002,-6.393018863000009],[106.74077257800002,-6.393276992999972],[106.74140991399997,-6.393528617000015],[106.74204978799997,-6.393773710000005],[106.74269213299999,-6.394012246999978],[106.74333688299998,-6.394244201999982],[106.74398396800001,-6.394469550999986],[106.74463332300002,-6.394688271000007],[106.745284879,-6.394900338000014],[106.74593856799999,-6.39510573199999],[106.74659432200002,-6.395304429000021],[106.74725207099999,-6.395496410000021],[106.747789168,-6.3956472319999875],[106.75177479400003,-6.377602873000001]]],[[[106.808174426,-6.291651901000023],[106.80805667599998,-6.291486577000001],[106.807693137,-6.290987359999974],[106.80732436599999,-6.290491998999983],[106.80695040699999,-6.290000549000013],[106.806571298,-6.289513064000005],[106.80618708399999,-6.289029599000003],[106.805797805,-6.288550204999979],[106.805403506,-6.288074939000012],[106.80500423000001,-6.287603849999982],[106.80460002199999,-6.28713699299999],[106.80419092599999,-6.286674418000018],[106.803776986,-6.286216178000018],[106.803346143,-6.285749339000006],[106.802910274,-6.285287197000002],[106.80246943100002,-6.28482980199999],[106.802023663,-6.284377210999992],[106.80157302499998,-6.283929476000026],[106.80111756899998,-6.283486648999997],[106.800657349,-6.283048780999991],[106.800192417,-6.282615926000005],[106.79972282900002,-6.282188132999977],[106.79924864100002,-6.281765452000002],[106.79876990600002,-6.281347933000006],[106.79828668200003,-6.280935624999984],[106.797799026,-6.280528575999995],[106.797306994,-6.2801268339999865],[106.796810644,-6.279730444999984],[106.796310033,-6.279339457999981],[106.79580522200001,-6.278953917000024],[106.79529627,-6.278573866999977],[106.79478323400002,-6.27819935399998],[106.794266177,-6.277830419999987],[106.79374515799998,-6.277467108999986],[106.793220239,-6.277109465000024],[106.79269148100002,-6.276757528000019],[106.79215894700002,-6.276411341000028],[106.79162269800003,-6.276070942999979],[106.791082797,-6.275736374000019],[106.79053930700002,-6.275407674000007],[106.789992294,-6.275084880999998],[106.78944181899999,-6.274768032999987],[106.78888794900001,-6.274457168000026],[106.78833074800002,-6.274152320999974],[106.78777028100001,-6.273853528000018],[106.78720661400001,-6.2735608259999935],[106.786702891,-6.27332448300001],[106.786196566,-6.273093775000007],[106.78566314699998,-6.272858041999996],[106.78512701,-6.2726285640000015],[106.78458822900001,-6.27240537199998],[106.78404688,-6.2721884960000125],[106.78350303299999,-6.271977966999998],[106.782956764,-6.271773811000003],[106.78240814899999,-6.271576057999994],[106.78185726100003,-6.27138473399998],[106.78130417699998,-6.271199866000018],[106.78074896999999,-6.271021479000012],[106.78019171900002,-6.270849597999984],[106.77963249700002,-6.270684244999984],[106.77907138199998,-6.270525442999997],[106.77850845199998,-6.270373215000006],[106.77794378099998,-6.2702275799999825],[106.77737744699999,-6.270088558999987],[106.77680952899999,-6.26995617099999],[106.77624010300002,-6.269830434000028],[106.775669247,-6.269711363999988],[106.77559849099998,-6.269708150999975],[106.77181995299998,-6.287252882000018],[106.77219844500001,-6.287347731000011],[106.77257597900001,-6.287446327999987],[106.77295251999999,-6.287548660000027],[106.773441585,-6.287689003000025],[106.77392864299998,-6.287836169000002],[106.77441359800002,-6.287990131000015],[106.77489635500001,-6.288150859999973],[106.77537682100001,-6.28831832100002],[106.77585490199999,-6.288492484000017],[106.77633050399999,-6.288673315999972],[106.77680353400001,-6.288860778000014],[106.77727389900002,-6.289054835999991],[106.77774151,-6.28925545200002],[106.77820627300002,-6.289462586000013],[106.77866809800003,-6.289676197999995],[106.779126894,-6.2898962470000015],[106.77958257300003,-6.290122688999986],[106.78003504499998,-6.2903554800000165],[106.78045866500003,-6.290580752999972],[106.78087928100001,-6.290811592000011],[106.78129682100001,-6.2910479550000105],[106.781711212,-6.291289802999984],[106.78212238399999,-6.291537091999999],[106.78253026300001,-6.291789780999977],[106.78293477900002,-6.292047824999997],[106.78333586299999,-6.2923111790000235],[106.783733444,-6.292579799000009],[106.78412745399999,-6.292853636000018],[106.78451782399998,-6.293132644000025],[106.78490448600002,-6.293416773999979],[106.78528737300002,-6.293705977000002],[106.78569679200001,-6.294016160000012],[106.78610186499998,-6.294332004000012],[106.78650251300002,-6.294653449999998],[106.78689866000002,-6.294980434000024],[106.78729022700003,-6.295312894000006],[106.78767714100002,-6.295650764000015],[106.788059326,-6.295993980999981],[106.788436709,-6.2963424779999855],[106.788809216,-6.296696187000009],[106.78917677599998,-6.297055039999975],[106.78929342499998,-6.2971721349999825],[106.808174426,-6.291651901000023]]],[[[106.76774340999998,-6.397014956000021],[106.76811782700003,-6.3969902979999915],[106.768491799,-6.396959631000016],[106.768865232,-6.396922960999973],[106.76923802800002,-6.396880297999985],[106.769610091,-6.3968316529999925],[106.77025481599998,-6.396706380000012],[106.77089824299998,-6.396574597999972],[106.77154030600002,-6.39643632100001],[106.77218094,-6.396291564000023],[106.77282007899998,-6.396140338999999],[106.77345765799998,-6.395982663999973],[106.774093612,-6.395818555000005],[106.77472787599999,-6.395648026999993],[106.77536038599999,-6.395471099000019],[106.77599107600003,-6.395287788000019],[106.77661988300002,-6.395098114000007],[106.77724674199999,-6.39490209600001],[106.77787158899997,-6.394699752000008],[106.77849436100001,-6.394491104999986],[106.779114994,-6.394276176999995],[106.77973342500002,-6.394054986000015],[106.78034959000001,-6.393827557999998],[106.78096342700002,-6.393593915999986],[106.781571751,-6.393355326000005],[106.78217764700003,-6.393110632000003],[106.78278105300001,-6.392859858999998],[106.78338191,-6.392603033],[106.78398015599998,-6.3923401779999836],[106.78457573100002,-6.392071324000028],[106.78516857300002,-6.391796494000005],[106.78575862600002,-6.391515719999973],[106.78634582699999,-6.391229027999998],[106.78693011899998,-6.390936446000012],[106.78751144,-6.390638005000028],[106.78808973500003,-6.390333736000002],[106.788664944,-6.39002366699998],[106.789237007,-6.389707831999999],[106.78980586900002,-6.389386263000006],[106.79037147100001,-6.389058990000024],[106.790933757,-6.388726048000024],[106.79149267000003,-6.388387469000008],[106.79190702300002,-6.388116169],[106.79231872000003,-6.387840849999975],[106.79286265100001,-6.387426032999997],[106.793402464,-6.387005868000017],[106.79393810599998,-6.3865803940000205],[106.79446952400002,-6.386149653000018],[106.79499666800001,-6.385713688999999],[106.795519485,-6.385272541999996],[106.79603792500001,-6.384826255999997],[106.796551938,-6.384374874000002],[106.79706147399997,-6.383918440000002],[106.79756648099999,-6.383456998999975],[106.79806691300001,-6.382990595000024],[106.79856271900002,-6.382519274999993],[106.79905385199999,-6.382043082999985],[106.79954026399997,-6.381562066000015],[106.80002190800002,-6.381076271999973],[106.80049873600001,-6.380585746999998],[106.80097070300002,-6.380090540000026],[106.80143776099999,-6.379590697000026],[106.80189986699997,-6.379086269000027],[106.80235697500001,-6.378577302999986],[106.80280903900001,-6.3780638499999895],[106.80325601800001,-6.37754596000002],[106.803697866,-6.377023683999994],[106.804134541,-6.376497071000017],[106.80456600000002,-6.375966173999984],[106.804992202,-6.375431043999981],[106.80541310500001,-6.3748917319999805],[106.805828668,-6.3743482930000255],[106.80623884900001,-6.373800776999985],[106.80665673300001,-6.373231168000018],[106.80706879299998,-6.3726573280000025],[106.80739580199997,-6.372205242999996],[106.807717734,-6.371749523999995],[106.80803454699998,-6.37129023],[106.80834620399997,-6.370827417999976],[106.80865266400002,-6.370361146999983],[106.80895388900001,-6.369891472999996],[106.80924984,-6.369418456000005],[106.80954048299998,-6.368942156999992],[106.80982577999998,-6.368462632999979],[106.81012210300003,-6.367951258000005],[106.81041234600002,-6.367436406000024],[106.81069646999998,-6.366918148000025],[106.81097443300001,-6.3663965580000195],[106.81124619600001,-6.3658717089999755],[106.81151172199998,-6.365343673999973],[106.81177097199998,-6.364812527000026],[106.81202391300002,-6.364278343000024],[106.81227050500001,-6.363741197000024],[106.81251071600002,-6.363201165000021],[106.812744512,-6.362658323000005],[106.812971861,-6.36211274599998],[106.81319272799999,-6.361564511999973],[106.81340708599998,-6.361013695999986],[106.81361490199998,-6.360460379000017],[106.813816148,-6.359904635000021],[106.81401079599999,-6.3593465440000045],[106.81419881699998,-6.358786184999985],[106.81438018699998,-6.358223634000012],[106.81455487900001,-6.357658974000003],[106.814697868,-6.357139494000023],[106.81483468800002,-6.356618352999988],[106.81496531900001,-6.3560956260000125],[106.81508974299999,-6.355571386000008],[106.81520794300002,-6.3550457059999985],[106.815319902,-6.354518659000007],[106.81547319100002,-6.353363387999991],[106.81562134,-6.352207443999987],[106.81576434599998,-6.351050853000004],[106.81591356500002,-6.349796305999973],[106.81605673299998,-6.3485410530000195],[106.81619384700002,-6.3472851239999954],[106.81632490499999,-6.3460285479999925],[106.81644421499999,-6.344829917000027],[106.81655801599999,-6.343630750999978],[106.81666630199999,-6.342431073],[106.816769072,-6.341230909999979],[106.81686632399999,-6.3400302869999905],[106.81695805800001,-6.338829228999998],[106.81704426900001,-6.337627761000022],[106.81712495599999,-6.336425909000013],[106.81724606300003,-6.334441180999988],[106.81766952599997,-6.3275014619999865],[106.81782678100001,-6.324924425000006],[106.81784943000002,-6.324282131000018],[106.81786549700001,-6.32363964000001],[106.81787498300002,-6.322997015999988],[106.81787788600002,-6.322354329999996],[106.81787420500001,-6.321711648000019],[106.81786394,-6.3210690369999725],[106.81784709499999,-6.320426564999991],[106.817823669,-6.319784298999991],[106.81779366500001,-6.319142307999982],[106.81775708700002,-6.3185006570000155],[106.817713938,-6.317859415999976],[106.81766422300001,-6.317218651000019],[106.817609586,-6.316596061999974],[106.81754875000001,-6.315974047999987],[106.81748172099998,-6.315352672000017],[106.81740850699998,-6.314731995999978],[106.81732911300003,-6.314112079999973],[106.81725300800002,-6.313561424999989],[106.81725278800002,-6.313559827999995],[106.79963142600002,-6.324987754000006],[106.79956889300001,-6.326433904999988],[106.79949532,-6.327979294999977],[106.79941501399998,-6.329524348999996],[106.79932797599997,-6.33106903800001],[106.79923420699998,-6.332613332999983],[106.79913370999998,-6.334157204999997],[106.79902648500001,-6.33570062199999],[106.79891253599999,-6.337243559000001],[106.79879186300002,-6.33878598299998],[106.798664471,-6.340327865000006],[106.79853035999997,-6.341869179000014],[106.79838953299998,-6.343409892000011],[106.79824199299998,-6.344949976000009],[106.79809602099999,-6.346408462999989],[106.79794403,-6.347866335999981],[106.797873235,-6.348322568000015],[106.79779597800001,-6.348777749000021],[106.797712273,-6.349231788999987],[106.79762213800001,-6.349684593999996],[106.79752559000002,-6.350136073999977],[106.79742265099998,-6.350586137999983],[106.79731333900003,-6.351034695999999],[106.79719767699999,-6.351481657000022],[106.797075688,-6.351926932000026],[106.796947397,-6.352370430000008],[106.79681283000002,-6.352812061999998],[106.79667201299998,-6.353251740000019],[106.79652497500001,-6.353689373999998],[106.79637174599998,-6.354124877999993],[106.79621235600001,-6.354558162999979],[106.796046837,-6.354989142000022],[106.795875223,-6.35541772800002],[106.79569754800002,-6.355843834999973],[106.79551384899997,-6.356267376000005],[106.79532416199999,-6.356688268000028],[106.79511937000001,-6.357146692000015],[106.794908469,-6.357602335000024],[106.794691495,-6.358055114000024],[106.794468488,-6.358504950999986],[106.79423948700003,-6.358951762999993],[106.794004535,-6.359395472000017],[106.79376367100002,-6.359835997000005],[106.79351694100001,-6.360273259999985],[106.79326438599998,-6.360707182999988],[106.79300605399999,-6.361137688999975],[106.79274198899998,-6.361564698999985],[106.79247224,-6.361988138000015],[106.79219685499999,-6.362407929000028],[106.79191588100002,-6.362823999],[106.791629371,-6.363236271999995],[106.79133737500001,-6.363644674],[106.79103994500002,-6.364049134000027],[106.79073713600002,-6.364449577000016],[106.79042900000002,-6.364845934000016],[106.79011162799998,-6.365243024999984],[106.78978891000003,-6.365635779999991],[106.789460905,-6.366024127000003],[106.789127673,-6.366407994999975],[106.78878927599999,-6.366787312999975],[106.78844577500001,-6.367162011000005],[106.78809723400002,-6.367532021999978],[106.78774371600002,-6.367897276999997],[106.78738528500003,-6.368257708999977],[106.787022009,-6.368613251999989],[106.78665395299998,-6.368963840999982],[106.786281186,-6.369309412000007],[106.78590377299997,-6.3696499010000025],[106.78552178799998,-6.369985245000009],[106.78513529700001,-6.37031538399998],[106.78474437300002,-6.370640256999991],[106.78434908700001,-6.370959803999995],[106.783949511,-6.371273965],[106.78354571900002,-6.371582685000021],[106.783137786,-6.371885906999978],[106.78272578399998,-6.372183574000019],[106.78228767799999,-6.372470245999978],[106.78184580099997,-6.372751068000014],[106.78140023100002,-6.373025988999984],[106.78095104800002,-6.37329495900002],[106.78049832900001,-6.373557932999972],[106.78004215599998,-6.3738148620000175],[106.77958260999998,-6.374065701999996],[106.77911977000002,-6.374310407999985],[106.77865372000002,-6.374548939000022],[106.77818453999998,-6.374781249000023],[106.77771231600002,-6.375007299999993],[106.77723712900001,-6.375227049999978],[106.77675906399998,-6.375440461999972],[106.776278204,-6.375647496999989],[106.77579463699999,-6.375848119000011],[106.77530844500001,-6.376042293000012],[106.77481971700001,-6.376229982999973],[106.77434232899998,-6.376406170999985],[106.773862705,-6.3765761729999895],[106.77338092600002,-6.376739961999988],[106.77289707099999,-6.376897509000003],[106.77241122100003,-6.377048788000025],[106.771923458,-6.377193776000013],[106.77143386300003,-6.377332444999979],[106.77094251699998,-6.377464773999975],[106.77044950300001,-6.3775907400000165],[106.76995490299998,-6.37771032400002],[106.7694588,-6.377823503999991],[106.76896127499998,-6.377930262000007],[106.768462414,-6.378030578999983],[106.76796229899998,-6.378124440000022],[106.76746101100002,-6.378211828000019],[106.766958638,-6.378292729000009],[106.766502468,-6.378360434000001],[106.76604623499998,-6.378422695999973],[106.76762539200001,-6.397020826000016],[106.76774340999998,-6.397014956000021]]]]},"properties":{"OBJECTID":203,"NAMOBJ":"Pondok Cabe","IDBNDR":null,"KODBNDR":null,"KAWASAN":"Permukaan Kerucut","KEMIRINGAN":null,"LNDSNPC":null,"ELEVASI_1":null,"ELEVASI_2":null,"ELEVASIMSL_1":null,"ELEVASIMSL_2":null,"DISTANCE_1":null,"DISTANCE_2":null,"REFMSL":null,"RUMUS":null,"KETERANGAN":null,"SHAPE.AREA":0.0048910855076573605,"SHAPE.LEN":0.647321189862856}},{"type":"Feature","id":204,"geometry":{"type":"Polygon","coordinates":[[[106.79051912699998,-6.200422962999994],[106.79341056800001,-6.186996662000013],[106.774018662,-6.185959210000021],[106.74895927699998,-6.184618553000007],[106.75230672700002,-6.222940773999994],[106.75381192399999,-6.24017253400001],[106.75919308499999,-6.301777049000009],[106.76856019799999,-6.302388434000022],[106.79051912699998,-6.200422962999994]]]},"properties":{"OBJECTID":204,"NAMOBJ":"Pondok Cabe","IDBNDR":null,"KODBNDR":null,"KAWASAN":"Ancangan Pendaratan dan Lepas Landas","KEMIRINGAN":null,"LNDSNPC":null,"ELEVASI_1":null,"ELEVASI_2":null,"ELEVASIMSL_1":null,"ELEVASIMSL_2":null,"DISTANCE_1":null,"DISTANCE_2":null,"REFMSL":null,"RUMUS":null,"KETERANGAN":null,"SHAPE.AREA":0.00313979512430496,"SHAPE.LEN":0.289543802399366}},{"type":"Feature","id":205,"geometry":{"type":"Polygon","coordinates":[[[106.77467340800001,-6.480027101000019],[106.76762539200001,-6.397020826000016],[106.76604623499998,-6.378422695999973],[106.76472004200002,-6.3628037820000145],[106.75516831300001,-6.362239186000011],[106.75177479400003,-6.377602873000001],[106.747789168,-6.3956472319999875],[106.72977829400003,-6.477188950000027],[106.72930886199998,-6.479314240000008],[106.77485953600001,-6.482219167999972],[106.77467340800001,-6.480027101000019]]]},"properties":{"OBJECTID":205,"NAMOBJ":"Pondok Cabe","IDBNDR":null,"KODBNDR":null,"KAWASAN":"Ancangan Pendaratan dan Lepas Landas","KEMIRINGAN":null,"LNDSNPC":null,"ELEVASI_1":null,"ELEVASI_2":null,"ELEVASIMSL_1":null,"ELEVASIMSL_2":null,"DISTANCE_1":null,"DISTANCE_2":null,"REFMSL":null,"RUMUS":null,"KETERANGAN":null,"SHAPE.AREA":0.0032714330633296703,"SHAPE.LEN":0.294953645547268}},{"type":"Feature","id":206,"geometry":{"type":"MultiPolygon","coordinates":[[[[106.75985323600003,-6.341850677000025],[106.76107317700001,-6.322508524999989],[106.75919308499999,-6.301777049000009],[106.75890826,-6.30605583800002],[106.75712382299997,-6.332862539000018],[106.75516831300001,-6.362239186000011],[106.75985323600003,-6.341850677000025]]],[[[106.76572607999998,-6.346976283999993],[106.76850544000001,-6.3032499120000125],[106.76856019799999,-6.302388434000022],[106.76405387400001,-6.322696722999979],[106.76283404700001,-6.342038850999984],[106.76472004200002,-6.3628037820000145],[106.76572607999998,-6.346976283999993]]]]},"properties":{"OBJECTID":206,"NAMOBJ":"Pondok Cabe","IDBNDR":null,"KODBNDR":null,"KAWASAN":"Permukaan Transisi","KEMIRINGAN":null,"LNDSNPC":null,"ELEVASI_1":null,"ELEVASI_2":null,"ELEVASIMSL_1":null,"ELEVASIMSL_2":null,"DISTANCE_1":null,"DISTANCE_2":null,"REFMSL":null,"RUMUS":null,"KETERANGAN":null,"SHAPE.AREA":0.00025946525958307705,"SHAPE.LEN":0.243283404420874}},{"type":"Feature","id":207,"geometry":{"type":"MultiPolygon","coordinates":[[[[106.75516831300001,-6.362239186000011],[106.75712382299997,-6.332862539000018],[106.75286344,-6.323570186999973],[106.74645605799998,-6.309594059999995],[106.747996274,-6.3092461730000196],[106.75890826,-6.30605583800002],[106.75919308499999,-6.301777049000009],[106.75784813500002,-6.286387628999989],[106.75738706700002,-6.286444530999972],[106.756926701,-6.286506869999982],[106.75646710199999,-6.286574637000001],[106.75600833300001,-6.28664782200002],[106.75553655599998,-6.286727068000005],[106.75506591200002,-6.286812793000024],[106.754596489,-6.286904979999974],[106.75412837599998,-6.287003611999978],[106.75366166100002,-6.287108670999999],[106.75319643300003,-6.28722013700002],[106.75273277899998,-6.28733798799999],[106.75227078699999,-6.287462203000018],[106.75181054400002,-6.287592759000006],[106.75135213800002,-6.287729629000012],[106.75089565399998,-6.287872789000005],[106.75044117800002,-6.288022210999998],[106.749988798,-6.288177867999991],[106.74953859599998,-6.288339730000018],[106.74909065999998,-6.288507766999999],[106.74864507400002,-6.288681945999997],[106.74820192099997,-6.2888622350000105],[106.74776128600001,-6.289048599000012],[106.74732325100001,-6.289241005000008],[106.74686779299998,-6.289448752999988],[106.746415367,-6.289663030999975],[106.74596606799997,-6.2898837960000265],[106.74551998499999,-6.290111002000003],[106.74507721399999,-6.290344601000015],[106.74463784400001,-6.290584545999991],[106.74420196699998,-6.290830787000004],[106.74376967299997,-6.29108327199998],[106.74334105100002,-6.291341950999993],[106.74291619000002,-6.291606768999998],[106.74249517700002,-6.291877671000009],[106.742078101,-6.292154601999982],[106.74166504599998,-6.292437505000009],[106.741256099,-6.292726319999986],[106.74085134299997,-6.293020989000013],[106.74045086199999,-6.293321450000008],[106.74003785299999,-6.293649798999979],[106.73962891399998,-6.293983211000011],[106.73922410799997,-6.2943216360000065],[106.738823497,-6.294665021000014],[106.73842714,-6.295013315999995],[106.73803509800001,-6.295366466000019],[106.73764743100003,-6.29572441900001],[106.73726419600001,-6.296087118999992],[106.736885454,-6.296454514000004],[106.73651125999999,-6.296826545999977],[106.73614167199997,-6.2972031589999915],[106.73577674400002,-6.297584297000014],[106.73541653299998,-6.297969901999977],[106.73504336399998,-6.298379622000027],[106.73467552099999,-6.298794138000005],[106.734313063,-6.2992133760000115],[106.73395605299999,-6.299637270000005],[106.73360455099998,-6.300065747000019],[106.73325861400002,-6.300498733999973],[106.7329183,-6.300936162000028],[106.73258366800002,-6.301377955000021],[106.73225477199998,-6.301824040999975],[106.73193166800002,-6.302274345000001],[106.73161440899997,-6.302728791999982],[106.73130304900002,-6.3031873049999945],[106.73099763900001,-6.303649806999999],[106.730747156,-6.304063370999984],[106.73050224299999,-6.304480260999981],[106.730262944,-6.3049004029999764],[106.73002930299998,-6.305323720999979],[106.72980136000001,-6.305750138999997],[106.72957915900002,-6.306179579000002],[106.72936273699997,-6.306611965000002],[106.72915213499999,-6.30704721799998],[106.72894738999997,-6.307485261000011],[106.72874853899998,-6.307926012999985],[106.72855561900002,-6.308369396999979],[106.72836866400002,-6.308815331000005],[106.72818770700002,-6.309263735000002],[106.72801278100002,-6.309714530000008],[106.72784391800002,-6.310167633999981],[106.727675008,-6.3106405269999755],[106.72751270200001,-6.311115730999973],[106.727357031,-6.311593151000011],[106.72720802600003,-6.312072697000019],[106.72706571499998,-6.312554273999979],[106.726930127,-6.31303778900002],[106.72680128799999,-6.313523148000002],[106.72667922300002,-6.314010257000007],[106.72656395400003,-6.314499021000017],[106.72645550700003,-6.3149893440000255],[106.726353899,-6.315481132999992],[106.726259153,-6.315974290999975],[106.726171287,-6.316468722000025],[106.72609031600001,-6.316964330000019],[106.72601625800002,-6.3174610209999855],[106.72589170200001,-6.318709983000019],[106.725771108,-6.319959333999975],[106.72561792300002,-6.321609856000009],[106.72547165399999,-6.323261004000017],[106.725332304,-6.324912752999978],[106.72519987800001,-6.3265650710000045],[106.72507437600001,-6.328217929999994],[106.72495579999998,-6.329871301000026],[106.72484415399998,-6.331525155999998],[106.72473944000001,-6.333179464000011],[106.724641657,-6.334834195999974],[106.72455080999998,-6.336489324000013],[106.72446689899999,-6.338144818999979],[106.72438992500003,-6.339800651000019],[106.72431989199998,-6.341456790999985],[106.72427313700001,-6.342666283000028],[106.72428629500001,-6.343182649000028],[106.724306657,-6.343698780000011],[106.72433421800002,-6.3442145770000025],[106.72436897199998,-6.344729938],[106.72441091299999,-6.345244763999972],[106.72446003300001,-6.345758952999972],[106.724516322,-6.346272408000004],[106.72457976999999,-6.346785024999974],[106.72465036400001,-6.347296706000009],[106.72472809099997,-6.347807352000018],[106.72481293300001,-6.3483168629999795],[106.72490487699997,-6.348825137999995],[106.725003904,-6.349332081],[106.72510999399998,-6.349837589999993],[106.72522312699999,-6.3503415690000224],[106.72534328,-6.350843918999999],[106.72547043100002,-6.3513445419999925],[106.72560455500002,-6.351843339000027],[106.725745625,-6.352340216000016],[106.72589361399997,-6.352835073999984],[106.726048494,-6.353327816999979],[106.72621023300002,-6.353818348000004],[106.72637880100001,-6.35430657400002],[106.72655416399999,-6.3547923959999935],[106.72673629000002,-6.355275722999977],[106.72692514099998,-6.35575645900002],[106.72712068200002,-6.356234511000025],[106.72732287299999,-6.356709785000021],[106.727531677,-6.357182189000014],[106.72774705199998,-6.35765163100001],[106.72796895599998,-6.358118019000017],[106.728197346,-6.358581263000019],[106.72843217799999,-6.359041271000024],[106.728673404,-6.359497954999995],[106.72892098099999,-6.359951226000021],[106.72917485599999,-6.36040099500002],[106.72943498400002,-6.3608471750000035],[106.72970131099999,-6.3612896779999915],[106.729973788,-6.361728418999974],[106.73025235900002,-6.3621633110000175],[106.73053697199998,-6.362594270999978],[106.73082756999997,-6.3630212130000245],[106.73112409800001,-6.363444055000002],[106.73142649599998,-6.363862716000028],[106.73173470699999,-6.3642771109999785],[106.73204866999998,-6.364687162999985],[106.73236832399999,-6.365092789000016],[106.73269360699999,-6.365493910999987],[106.73302445500002,-6.365890451999974],[106.73336080500002,-6.366282333000015],[106.73370258900002,-6.366669478999995],[106.73404974300001,-6.367051812999989],[106.734402198,-6.3674292630000195],[106.73475988400003,-6.367801751999991],[106.73512273400002,-6.368169210000019],[106.73549067599998,-6.368531565000012],[106.735863639,-6.368888745999982],[106.736241549,-6.369240683999976],[106.73662433300001,-6.369587308999996],[106.73701191700002,-6.369928554000012],[106.73740422399999,-6.370264352999982],[106.73780117899997,-6.370594642000015],[106.73820270499999,-6.370919352999977],[106.73860872099999,-6.371238425000001],[106.73901915099998,-6.371551796999995],[106.73943391400002,-6.371859405000009],[106.739852928,-6.372161190999975],[106.740276113,-6.372457096000005],[106.740703386,-6.3727470619999735],[106.74113466300003,-6.373031031999972],[106.74156986000003,-6.373308951000013],[106.74200889299999,-6.373580765999975],[106.74245167599997,-6.3738464219999855],[106.74289812400002,-6.3741058690000045],[106.743348148,-6.374359056000003],[106.74380165999997,-6.374605932999998],[106.744258575,-6.374846451999986],[106.74471879999999,-6.375080566999998],[106.745182247,-6.3753082310000195],[106.74564882700002,-6.375529400999994],[106.74611844700001,-6.3757440329999895],[106.74659101499998,-6.375952086999973],[106.747066442,-6.376153520000003],[106.74754463199997,-6.376348292999978],[106.74790025599998,-6.376493347999997],[106.74825854599999,-6.376631680999992],[106.74861937600002,-6.3767632400000025],[106.74898261700002,-6.376887980999982],[106.74932576100002,-6.376998859000025],[106.74967081,-6.377103653000006],[106.750017657,-6.37720232800001],[106.75036619299999,-6.377294854000013],[106.75071630999997,-6.377381201999981],[106.75106789699998,-6.377461347000008],[106.75142084599997,-6.377535260999991],[106.75177479400003,-6.377602873000001],[106.75516831300001,-6.362239186000011]]],[[[106.78929342499998,-6.2971721349999825],[106.78917677599998,-6.297055039999975],[106.788809216,-6.296696187000009],[106.788436709,-6.2963424779999855],[106.788059326,-6.295993980999981],[106.78767714100002,-6.295650764000015],[106.78729022700003,-6.295312894000006],[106.78689866000002,-6.294980434000024],[106.78650251300002,-6.294653449999998],[106.78610186499998,-6.294332004000012],[106.78569679200001,-6.294016160000012],[106.78528737300002,-6.293705977000002],[106.78490448600002,-6.293416773999979],[106.78451782399998,-6.293132644000025],[106.78412745399999,-6.292853636000018],[106.783733444,-6.292579799000009],[106.78333586299999,-6.2923111790000235],[106.78293477900002,-6.292047824999997],[106.78253026300001,-6.291789780999977],[106.78212238399999,-6.291537091999999],[106.781711212,-6.291289802999984],[106.78129682100001,-6.2910479550000105],[106.78087928100001,-6.290811592000011],[106.78045866500003,-6.290580752999972],[106.78003504499998,-6.2903554800000165],[106.77958257300003,-6.290122688999986],[106.779126894,-6.2898962470000015],[106.77866809800003,-6.289676197999995],[106.77820627300002,-6.289462586000013],[106.77774151,-6.28925545200002],[106.77727389900002,-6.289054835999991],[106.77680353400001,-6.288860778000014],[106.77633050399999,-6.288673315999972],[106.77585490199999,-6.288492484000017],[106.77537682100001,-6.28831832100002],[106.77489635500001,-6.288150859999973],[106.77441359800002,-6.287990131000015],[106.77392864299998,-6.287836169000002],[106.773441585,-6.287689003000025],[106.77295251999999,-6.287548660000027],[106.77257597900001,-6.287446327999987],[106.77219844500001,-6.287347731000011],[106.77181995299998,-6.287252882000018],[106.76856019799999,-6.302388434000022],[106.76850544000001,-6.3032499120000125],[106.78929342499998,-6.2971721349999825]]],[[[106.766502468,-6.378360434000001],[106.766958638,-6.378292729000009],[106.76746101100002,-6.378211828000019],[106.76796229899998,-6.378124440000022],[106.768462414,-6.378030578999983],[106.76896127499998,-6.377930262000007],[106.7694588,-6.377823503999991],[106.76995490299998,-6.37771032400002],[106.77044950300001,-6.3775907400000165],[106.77094251699998,-6.377464773999975],[106.77143386300003,-6.377332444999979],[106.771923458,-6.377193776000013],[106.77241122100003,-6.377048788000025],[106.77289707099999,-6.376897509000003],[106.77338092600002,-6.376739961999988],[106.773862705,-6.3765761729999895],[106.77434232899998,-6.376406170999985],[106.77481971700001,-6.376229982999973],[106.77530844500001,-6.376042293000012],[106.77579463699999,-6.375848119000011],[106.776278204,-6.375647496999989],[106.77675906399998,-6.375440461999972],[106.77723712900001,-6.375227049999978],[106.77771231600002,-6.375007299999993],[106.77818453999998,-6.374781249000023],[106.77865372000002,-6.374548939000022],[106.77911977000002,-6.374310407999985],[106.77958260999998,-6.374065701999996],[106.78004215599998,-6.3738148620000175],[106.78049832900001,-6.373557932999972],[106.78095104800002,-6.37329495900002],[106.78140023100002,-6.373025988999984],[106.78184580099997,-6.372751068000014],[106.78228767799999,-6.372470245999978],[106.78272578399998,-6.372183574000019],[106.783137786,-6.371885906999978],[106.78354571900002,-6.371582685000021],[106.783949511,-6.371273965],[106.78434908700001,-6.370959803999995],[106.78474437300002,-6.370640256999991],[106.78513529700001,-6.37031538399998],[106.78552178799998,-6.369985245000009],[106.78590377299997,-6.3696499010000025],[106.786281186,-6.369309412000007],[106.78665395299998,-6.368963840999982],[106.787022009,-6.368613251999989],[106.78738528500003,-6.368257708999977],[106.78774371600002,-6.367897276999997],[106.78809723400002,-6.367532021999978],[106.78844577500001,-6.367162011000005],[106.78878927599999,-6.366787312999975],[106.789127673,-6.366407994999975],[106.789460905,-6.366024127000003],[106.78978891000003,-6.365635779999991],[106.79011162799998,-6.365243024999984],[106.79042900000002,-6.364845934000016],[106.79073713600002,-6.364449577000016],[106.79103994500002,-6.364049134000027],[106.79133737500001,-6.363644674],[106.791629371,-6.363236271999995],[106.79191588100002,-6.362823999],[106.79219685499999,-6.362407929000028],[106.79247224,-6.361988138000015],[106.79274198899998,-6.361564698999985],[106.79300605399999,-6.361137688999975],[106.79326438599998,-6.360707182999988],[106.79351694100001,-6.360273259999985],[106.79376367100002,-6.359835997000005],[106.794004535,-6.359395472000017],[106.79423948700003,-6.358951762999993],[106.794468488,-6.358504950999986],[106.794691495,-6.358055114000024],[106.794908469,-6.357602335000024],[106.79511937000001,-6.357146692000015],[106.79532416199999,-6.356688268000028],[106.79551384899997,-6.356267376000005],[106.79569754800002,-6.355843834999973],[106.795875223,-6.35541772800002],[106.796046837,-6.354989142000022],[106.79621235600001,-6.354558162999979],[106.79637174599998,-6.354124877999993],[106.79652497500001,-6.353689373999998],[106.79667201299998,-6.353251740000019],[106.79681283000002,-6.352812061999998],[106.796947397,-6.352370430000008],[106.797075688,-6.351926932000026],[106.79719767699999,-6.351481657000022],[106.79731333900003,-6.351034695999999],[106.79742265099998,-6.350586137999983],[106.79752559000002,-6.350136073999977],[106.79762213800001,-6.349684593999996],[106.797712273,-6.349231788999987],[106.79779597800001,-6.348777749000021],[106.797873235,-6.348322568000015],[106.79794403,-6.347866335999981],[106.79809602099999,-6.346408462999989],[106.79824199299998,-6.344949976000009],[106.79838953299998,-6.343409892000011],[106.79853035999997,-6.341869179000014],[106.798664471,-6.340327865000006],[106.79879186300002,-6.33878598299998],[106.79891253599999,-6.337243559000001],[106.79902648500001,-6.33570062199999],[106.79913370999998,-6.334157204999997],[106.79923420699998,-6.332613332999983],[106.79932797599997,-6.33106903800001],[106.79941501399998,-6.329524348999996],[106.79949532,-6.327979294999977],[106.79956889300001,-6.326433904999988],[106.79963142600002,-6.324987754000006],[106.76572607999998,-6.346976283999993],[106.76472004200002,-6.3628037820000145],[106.76604623499998,-6.378422695999973],[106.766502468,-6.378360434000001]]]]},"properties":{"OBJECTID":207,"NAMOBJ":"Pondok Cabe","IDBNDR":null,"KODBNDR":null,"KAWASAN":"Permukaan Horizontal Dalam","KEMIRINGAN":null,"LNDSNPC":null,"ELEVASI_1":null,"ELEVASI_2":null,"ELEVASIMSL_1":null,"ELEVASIMSL_2":null,"DISTANCE_1":null,"DISTANCE_2":null,"REFMSL":null,"RUMUS":null,"KETERANGAN":null,"SHAPE.AREA":0.00350658914381133,"SHAPE.LEN":0.42498506738052405}},{"type":"Feature","id":208,"geometry":{"type":"Polygon","coordinates":[[[106.76405387400001,-6.322696722999979],[106.76107317700001,-6.322508524999989],[106.75985323600003,-6.341850677000025],[106.76283404700001,-6.342038850999984],[106.76405387400001,-6.322696722999979]]]},"properties":{"OBJECTID":208,"NAMOBJ":"Pondok Cabe","IDBNDR":null,"KODBNDR":null,"KAWASAN":"Permukaan Utama","KEMIRINGAN":null,"LNDSNPC":null,"ELEVASI_1":null,"ELEVASI_2":null,"ELEVASIMSL_1":null,"ELEVASIMSL_2":null,"DISTANCE_1":null,"DISTANCE_2":null,"REFMSL":null,"RUMUS":null,"KETERANGAN":null,"SHAPE.AREA":0.000057883726263984005,"SHAPE.LEN":0.0447345172281089}},{"type":"Feature","id":209,"geometry":{"type":"Polygon","coordinates":[[[106.76856019799999,-6.302388434000022],[106.75919308499999,-6.301777049000009],[106.76107317700001,-6.322508524999989],[106.76405387400001,-6.322696722999979],[106.76856019799999,-6.302388434000022]]]},"properties":{"OBJECTID":209,"NAMOBJ":"Pondok Cabe","IDBNDR":null,"KODBNDR":null,"KAWASAN":"Kemungkinan Bahaya Kecelakaan","KEMIRINGAN":null,"LNDSNPC":null,"ELEVASI_1":null,"ELEVASI_2":null,"ELEVASIMSL_1":null,"ELEVASIMSL_2":null,"DISTANCE_1":null,"DISTANCE_2":null,"REFMSL":null,"RUMUS":null,"KETERANGAN":null,"SHAPE.AREA":0.000127212777781476,"SHAPE.LEN":0.0539924775469137}},{"type":"Feature","id":210,"geometry":{"type":"Polygon","coordinates":[[[106.76283404700001,-6.342038850999984],[106.75985323600003,-6.341850677000025],[106.75516831300001,-6.362239186000011],[106.76472004200002,-6.3628037820000145],[106.76283404700001,-6.342038850999984]]]},"properties":{"OBJECTID":210,"NAMOBJ":"Pondok Cabe","IDBNDR":null,"KODBNDR":null,"KAWASAN":"Kemungkinan Bahaya Kecelakaan","KEMIRINGAN":null,"LNDSNPC":null,"ELEVASI_1":null,"ELEVASI_2":null,"ELEVASIMSL_1":null,"ELEVASIMSL_2":null,"DISTANCE_1":null,"DISTANCE_2":null,"REFMSL":null,"RUMUS":null,"KETERANGAN":null,"SHAPE.AREA":0.00012946602049204001,"SHAPE.LEN":0.054325391620687905}}],"metadata":{"source":"Jakarta Satu Geoportal (DKI Jakarta Provincial Government)","service":"https://jakartasatu.jakarta.go.id/server/rest/services/Kawasan_Keselamatan_Operasi_Penerbangan/MapServer/0","dataset":"Kawasan Keselamatan Operasi Penerbangan (KKOP)","regulation":"SNI 03-7112-2005 (KKOP surface geometry standard); airport-specific KKOP decrees (e.g. KM 14 Tahun 2010 for Soekarno-Hatta)","accessedAt":"2026-09-25T08:28:07.206Z","confidence":"High — official government GIS service, live-queried (not a reconstruction)","featureCount":210}}